Comm_name,t_switch,M0,n_present,n_producers,output,P_final,glv1_failed,glv2_failed
comm_0,10.707805147408774,3.0504614665246166,12,3,2.7125525921909004,2.7125525921909004,FALSE,FALSE
comm_1,8.806465458729798,3.0504614665246166,10,5,5.3044824527840175,5.3044824527840175,FALSE,FALSE
comm_2,9.277387487447424,3.0504614665246166,11,2,4.154092170665014,4.154092170665013,FALSE,FALSE
comm_3,9.758018405912548,3.0504614665246166,12,5,4.214190039696781,4.214190039696781,FALSE,FALSE
comm_4,10.536275207523085,3.0504614665246166,9,3,3.120103958417988,3.1201039584179884,FALSE,FALSE
comm_5,8.385099626,3.0504614665246166,9,3,4.347117836707859,4.347117836707859,FALSE,FALSE
comm_6,9.19836195,3.0504614665246166,12,6,5.541827234463892,5.541827234463893,FALSE,FALSE
comm_7,12.167729605381489,3.0504614665246166,12,4,1.0154940409682387,1.0154940409682387,FALSE,FALSE
comm_8,9.042786071,3.0504614665246166,11,6,3.405397377555707,3.4053973775557083,FALSE,FALSE
comm_9,9.594361508978068,3.0504614665246166,11,6,6.412104765811333,6.412104765811331,FALSE,FALSE
comm_10,9.493220187312676,3.0504614665246166,8,3,2.711556486945903,2.7115564869459026,FALSE,FALSE
comm_11,10.370477008395529,3.0504614665246166,9,3,6.572346745709426,6.572346745709427,FALSE,FALSE
comm_12,9.467471550889902,3.0504614665246166,11,5,8.383479801785743,8.383479801785743,FALSE,FALSE
comm_13,9.096868614,3.0504614665246166,11,5,13.797660816726223,13.797660816726223,FALSE,FALSE
comm_14,9.665912928935404,3.0504614665246166,12,5,3.1479292207098175,3.147929220709818,FALSE,FALSE
comm_15,7.720862163963371,3.0504614665246166,11,6,8.355117204608367,8.355117204608366,FALSE,FALSE
comm_16,11.69156223379687,3.0504614665246166,11,2,0.2112384722398521,0.2112384722398521,FALSE,FALSE
comm_17,9.491644357335892,3.0504614665246166,12,2,6.359331619025017,6.359331619025018,FALSE,FALSE
comm_18,12.633694270222366,3.0504614665246166,8,2,1.1805192037737895,1.1805192037737895,FALSE,FALSE
comm_19,9.372024764822411,3.0504614665246166,12,6,7.244363569644831,7.244363569644832,FALSE,FALSE
comm_20,9.510162595011776,3.0504614665246166,12,4,2.588795760205099,2.5887957602050995,FALSE,FALSE
comm_21,10.36870997130103,3.0504614665246166,12,7,7.025304659491488,7.025304659491489,FALSE,FALSE
comm_22,12.258880646952475,3.0504614665246166,8,4,6.074651309053374,6.074651309053375,FALSE,FALSE
comm_23,10.99039479164112,3.0504614665246166,9,2,4.115784381245312,4.115784381245313,FALSE,FALSE
comm_24,9.805386275629566,3.0504614665246166,11,3,4.235393811458086,4.235393811458086,FALSE,FALSE
comm_25,9.467481516401977,3.0504614665246166,9,4,3.7775495449020102,3.777549545,FALSE,FALSE
comm_26,10.928436523601338,3.0504614665246166,11,5,4.361558165833604,4.361558165833604,FALSE,FALSE
comm_27,9.535472296151417,3.0504614665246166,11,7,12.300912475648284,12.300912475648282,FALSE,FALSE
comm_28,9.457101122832068,3.0504614665246166,12,6,3.4410461814624944,3.441046181462494,FALSE,FALSE
comm_29,9.458088252256305,3.0504614665246166,8,1,3.4798760545564944,3.479876054556495,FALSE,FALSE
comm_30,10.997887321234296,3.0504614665246166,9,3,0.7639476790590598,0.7639476790590598,FALSE,FALSE
comm_31,10.54006500807674,3.0504614665246166,11,5,6.984321183660306,6.984321183660306,FALSE,FALSE
comm_32,9.571631010563149,3.0504614665246166,12,4,2.3305777947220805,2.330577795,FALSE,FALSE
comm_33,9.363170163314813,3.0504614665246166,12,4,1.9652117946866023,1.965211794686602,FALSE,FALSE
comm_34,9.346903758837811,3.0504614665246166,9,3,1.450636198658179,1.4506361986581784,FALSE,FALSE
comm_35,9.253186366863806,3.0504614665246166,8,2,3.901060511376019,3.9010605113760186,FALSE,FALSE
comm_36,11.435420524228004,3.0504614665246166,8,3,2.2352325855024677,2.2352325855024677,FALSE,FALSE
comm_37,9.773049438,3.0504614665246166,12,3,2.497504845051723,2.497504845051723,FALSE,FALSE
comm_38,9.464453919,3.0504614665246166,11,4,3.399135920578086,3.399135920578086,FALSE,FALSE
comm_39,10.034124295169526,3.0504614665246166,9,4,4.634758712290142,4.634758712290142,FALSE,FALSE
comm_40,10.23613243304025,3.0504614665246166,12,3,2.8901017984903374,2.8901017984903374,FALSE,FALSE
comm_41,10.387601089892996,3.0504614665246166,9,4,3.77621933,3.7762193304438014,FALSE,FALSE
comm_42,9.758687137,3.0504614665246166,10,4,4.083665128,4.083665127814541,FALSE,FALSE
comm_43,11.351607382775931,3.0504614665246166,12,4,5.148511085806991,5.148511085806993,FALSE,FALSE
comm_44,9.480057923619915,3.0504614665246166,10,3,3.7026637258343817,3.7026637258343817,FALSE,FALSE
comm_45,11.45815194316054,3.0504614665246166,9,4,6.537778882598585,6.537778882598585,FALSE,FALSE
comm_46,10.88164103375014,3.0504614665246166,8,3,2.676344640432671,2.676344640432671,FALSE,FALSE
comm_47,9.278566104,3.0504614665246166,10,4,3.7486464369550903,3.7486464369550903,FALSE,FALSE
comm_48,8.749016987,3.0504614665246166,12,6,4.654956357844855,4.654956357844856,FALSE,FALSE
comm_49,12.167453808016187,3.0504614665246166,9,3,1.5110975695041082,1.511097569504109,FALSE,FALSE
comm_50,9.024258631613792,3.0504614665246166,9,3,3.411857746924457,3.411857746924456,FALSE,FALSE
comm_51,9.043994811149958,3.0504614665246166,8,5,6.429198942097386,6.429198942097386,FALSE,FALSE
comm_52,9.832914779571691,3.0504614665246166,11,5,6.0921374100649235,6.0921374100649235,FALSE,FALSE
comm_53,8.619695549795193,3.0504614665246166,10,6,9.922719254441336,9.922719254441336,FALSE,FALSE
comm_54,9.582648112629464,3.0504614665246166,12,5,6.700831583298533,6.700831583298532,FALSE,FALSE
comm_55,8.485429260925642,3.0504614665246166,10,3,4.231382715060111,4.2313827150601115,FALSE,FALSE
comm_56,10.586695891538248,3.0504614665246166,9,6,5.543052284188658,5.543052284188659,FALSE,FALSE
comm_57,10.253686945228118,3.0504614665246166,11,5,6.0623326630962815,6.062332663096281,FALSE,FALSE
comm_58,9.008413347333546,3.0504614665246166,9,3,4.960354673517206,4.960354673517206,FALSE,FALSE
comm_59,9.022880364,3.0504614665246166,8,3,6.780193298579927,6.780193298579928,FALSE,FALSE
comm_60,9.693201933,3.0504614665246166,8,2,2.6535770843533246,2.6535770843533246,FALSE,FALSE
comm_61,10.136419987828706,3.0504614665246166,8,4,3.1520052855150382,3.1520052855150382,FALSE,FALSE
comm_62,9.179224076879184,3.0504614665246166,11,3,6.646797453935536,6.646797453935537,FALSE,FALSE
comm_63,9.998475725747335,3.0504614665246166,8,4,3.3573636042089645,3.357363604208965,FALSE,FALSE
comm_64,10.760437769948382,3.0504614665246166,10,4,4.405743851,4.405743850887199,FALSE,FALSE
comm_65,11.258459422314688,3.0504614665246166,11,4,3.5468614061758172,3.5468614061758172,FALSE,FALSE
comm_66,10.60858083,3.0504614665246166,8,5,5.688603623794097,5.688603623794097,FALSE,FALSE
comm_67,9.937007907673076,3.0504614665246166,12,5,2.776584403085212,2.776584403085212,FALSE,FALSE
comm_68,10.931447180930352,3.0504614665246166,9,4,2.337420474,2.3374204742070006,FALSE,FALSE
comm_69,10.46520264437652,3.0504614665246166,9,5,3.968647583046822,3.968647583046822,FALSE,FALSE
comm_70,10.682839819707182,3.0504614665246166,9,4,4.921919301409434,4.921919301409434,FALSE,FALSE
comm_71,9.932559033340947,3.0504614665246166,9,3,3.708118982554359,3.708118983,FALSE,FALSE
comm_72,8.858365467703106,3.0504614665246166,11,4,3.4513465726450296,3.451346573,FALSE,FALSE
comm_73,9.057642298082923,3.0504614665246166,12,5,7.655380710676722,7.655380710676722,FALSE,FALSE
comm_74,8.784449864983573,3.0504614665246166,8,4,4.126049719878115,4.126049719878115,FALSE,FALSE
comm_75,10.52201963,3.0504614665246166,10,6,4.112471226495341,4.112471226495341,FALSE,FALSE
comm_76,10.429350335844742,3.0504614665246166,10,4,5.433559704,5.433559704,FALSE,FALSE
comm_77,9.708403237,3.0504614665246166,10,5,6.159264507,6.159264507,FALSE,FALSE
comm_78,10.99688498959212,3.0504614665246166,12,7,6.2830945910330565,6.283094591033057,FALSE,FALSE
comm_79,9.218188197,3.0504614665246166,11,3,1.7001306835458811,1.7001306835458811,FALSE,FALSE
comm_80,10.125644930312568,3.0504614665246166,11,4,6.719295936193531,6.7192959361935305,FALSE,FALSE
comm_81,11.85911883284775,3.0504614665246166,8,3,2.065762069756749,2.0657620697567487,FALSE,FALSE
comm_82,11.50439005455824,3.0504614665246166,10,4,2.766282697286294,2.7662826972862944,FALSE,FALSE
comm_83,9.940059433629376,3.0504614665246166,9,4,1.1364071820067672,1.1364071820067672,FALSE,FALSE
comm_84,10.448747513310536,3.0504614665246166,10,4,2.8258007477119755,2.8258007477119755,FALSE,FALSE
comm_85,9.916859523459754,3.0504614665246166,12,2,1.0377836744759747,1.0377836744759743,FALSE,FALSE
comm_86,9.405738251195364,3.0504614665246166,9,4,6.913581945393041,6.913581945393042,FALSE,FALSE
comm_87,10.491907182133026,3.0504614665246166,9,3,5.732863274579058,5.732863274579059,FALSE,FALSE
comm_88,11.22992074855194,3.0504614665246166,10,3,2.9612947066378195,2.961294706637819,FALSE,FALSE
comm_89,9.698370494,3.0504614665246166,10,3,1.3453446537769316,1.3453446537769318,FALSE,FALSE
comm_90,8.946679056564872,3.0504614665246166,10,3,3.2706327427612925,3.2706327427612925,FALSE,FALSE
comm_91,10.718847047473371,3.0504614665246166,12,4,4.977206515664172,4.977206515664172,FALSE,FALSE
comm_92,8.861575341365898,3.0504614665246166,11,5,5.697338439031708,5.697338439031709,FALSE,FALSE
comm_93,9.710340160357502,3.0504614665246166,11,3,2.0091868752694166,2.0091868752694166,FALSE,FALSE
comm_94,12.966300909167398,3.0504614665246166,9,5,5.728551728056762,5.728551728056762,FALSE,FALSE
comm_95,10.455058380751478,3.0504614665246166,11,5,2.9274679165875703,2.927467917,FALSE,FALSE
comm_96,11.458415011205606,3.0504614665246166,10,2,1.295082973610244,1.2950829736102438,FALSE,FALSE
comm_97,9.831277830913685,3.0504614665246166,12,5,4.002709898293078,4.002709898293078,FALSE,FALSE
comm_98,9.63257417,3.0504614665246166,11,4,2.2260595117568447,2.2260595117568447,FALSE,FALSE
comm_99,11.48304378163798,3.0504614665246166,12,6,4.919478728633234,4.919478728633234,FALSE,FALSE
comm_100,9.159254491660349,3.0504614665246166,12,7,7.8580753769558624,7.8580753769558624,FALSE,FALSE
comm_101,9.929055958040992,3.0504614665246166,9,3,2.986986265325874,2.9869862653258736,FALSE,FALSE
comm_102,9.725472559,3.0504614665246166,11,4,2.174270208830362,2.174270208830361,FALSE,FALSE
comm_103,10.13363722736135,3.0504614665246166,10,3,2.142290268184464,2.1422902681844644,FALSE,FALSE
comm_104,9.967746474,3.0504614665246166,12,5,5.796202793584749,5.796202793584748,FALSE,FALSE
comm_105,10.026113665252284,3.0504614665246166,10,3,1.2274694317316723,1.2274694317316726,FALSE,FALSE
comm_106,10.308935903249845,3.0504614665246166,8,4,4.947365693652501,4.947365693652502,FALSE,FALSE
comm_107,9.366961492,3.0504614665246166,12,3,4.572119227,4.572119227,FALSE,FALSE
comm_108,10.785651009608443,3.0504614665246166,11,4,3.9581407120731846,3.958140712073185,FALSE,FALSE
comm_109,11.33049551084822,3.0504614665246166,12,3,2.1407785043393748,2.1407785043393748,FALSE,FALSE
comm_110,10.384403890734855,3.0504614665246166,11,5,4.269203483413426,4.269203483413426,FALSE,FALSE
comm_111,10.790726228124296,3.0504614665246166,12,5,2.4909315477083367,2.4909315477083367,FALSE,FALSE
comm_112,9.189314985704666,3.0504614665246166,12,5,4.429827671514175,4.429827671514175,FALSE,FALSE
comm_113,8.499432305775581,3.0504614665246166,11,6,9.983729459306137,9.983729459306137,FALSE,FALSE
comm_114,10.710940886725934,3.0504614665246166,12,4,2.1876760926525276,2.1876760926525276,FALSE,FALSE
comm_115,8.689178743814102,3.0504614665246166,11,6,7.798839206277042,7.7988392062770435,FALSE,FALSE
comm_116,10.385717656351904,3.0504614665246166,8,1,0.3077086174655345,0.3077086174655344,FALSE,FALSE
comm_117,10.123376303702006,3.0504614665246166,12,5,4.572969589915725,4.572969589915724,FALSE,FALSE
comm_118,11.128987774411716,3.0504614665246166,12,4,3.5493508862028182,3.549350886202818,FALSE,FALSE
comm_119,9.381209766024163,3.0504614665246166,11,3,2.4713680130339375,2.471368013033938,FALSE,FALSE
comm_120,10.165097374306908,3.0504614665246166,9,4,4.450673522657021,4.450673522657021,FALSE,FALSE
comm_121,9.949189223385364,3.0504614665246166,12,6,4.330160164378053,4.330160164378053,FALSE,FALSE
comm_122,10.118148474713587,3.0504614665246166,10,6,3.729160946885819,3.729160946885819,FALSE,FALSE
comm_123,10.338750604903831,3.0504614665246166,10,4,4.254053547909408,4.254053547909408,FALSE,FALSE
comm_124,9.466958224287888,3.0504614665246166,8,3,3.3336393467947807,3.3336393467947807,FALSE,FALSE
comm_125,13.64985921461764,3.0504614665246166,8,5,3.6965142891886735,3.6965142891886726,FALSE,FALSE
comm_126,9.061647166,3.0504614665246166,12,5,7.772668996228828,7.772668996228827,FALSE,FALSE
comm_127,9.777254419265978,3.0504614665246166,10,5,5.896330095043113,5.896330095043113,FALSE,FALSE
comm_128,11.335339151486409,3.0504614665246166,12,5,3.5233658228434233,3.5233658228434233,FALSE,FALSE
comm_129,9.59287807,3.0504614665246166,11,4,3.952069893137414,3.9520698931374145,FALSE,FALSE
comm_130,10.561278280162483,3.0504614665246166,9,2,2.4858536462562033,2.4858536462562033,FALSE,FALSE
comm_131,8.890044709,3.0504614665246166,12,5,3.975811283598583,3.9758112835985826,FALSE,FALSE
comm_132,10.731248749568508,3.0504614665246166,10,5,3.8041778403524455,3.804177840352446,FALSE,FALSE
comm_133,10.619618612128296,3.0504614665246166,10,4,5.246416948824432,5.246416948824432,FALSE,FALSE
comm_134,8.361723240589912,3.0504614665246166,8,2,0.5649914759081408,0.5649914759081409,FALSE,FALSE
comm_135,9.958359031,3.0504614665246166,10,4,3.659761501804482,3.6597615018044825,FALSE,FALSE
comm_136,10.592573581115191,3.0504614665246166,9,3,3.527892940785178,3.5278929407851773,FALSE,FALSE
comm_137,10.496710049729275,3.0504614665246166,12,4,1.959707386664705,1.959707386664705,FALSE,FALSE
comm_138,11.221624502903897,3.0504614665246166,10,4,4.219155750530398,4.219155750530398,FALSE,FALSE
comm_139,8.751151218299386,3.0504614665246166,9,3,4.729309512404955,4.729309512404955,FALSE,FALSE
comm_140,9.951541153,3.0504614665246166,10,5,2.307103512569301,2.307103512569301,FALSE,FALSE
comm_141,9.341537219072157,3.0504614665246166,10,6,3.802161384444157,3.802161384444157,FALSE,FALSE
comm_142,11.918098930212205,3.0504614665246166,12,3,1.9513439606343272,1.9513439606343277,FALSE,FALSE
comm_143,10.46446618740384,3.0504614665246166,9,4,2.1813001446383335,2.1813001446383344,FALSE,FALSE
comm_144,13.36392334455107,3.0504614665246166,8,2,1.7824525577325745,1.7824525577325745,FALSE,FALSE
comm_145,11.08881644932464,3.0504614665246166,8,3,3.360362410687433,3.3603624106874337,FALSE,FALSE
comm_146,9.312155185203236,3.0504614665246166,11,5,4.473993404395211,4.4739934043952125,FALSE,FALSE
comm_147,10.035166892718902,3.0504614665246166,10,3,3.2877536551945976,3.287753655194597,FALSE,FALSE
comm_148,11.805812177459998,3.0504614665246166,9,5,4.194132513428914,4.194132513428914,FALSE,FALSE
comm_149,8.442686091342246,3.0504614665246166,12,7,9.679842845005222,9.679842845005222,FALSE,FALSE
comm_150,12.08407176142478,3.0504614665246166,8,2,1.161485375786183,1.161485375786183,FALSE,FALSE
comm_151,10.355681210049983,3.0504614665246166,11,5,5.247995243628701,5.247995243628701,FALSE,FALSE
comm_152,9.769048136452948,3.0504614665246166,11,4,3.119916707869827,3.119916707869827,FALSE,FALSE
comm_153,9.488304072113891,3.0504614665246166,11,5,5.943973826087254,5.9439738260872526,FALSE,FALSE
comm_154,10.407445874871849,3.0504614665246166,11,6,2.8909484946466293,2.890948494646629,FALSE,FALSE
comm_155,9.577075372231633,3.0504614665246166,9,3,1.8862321975819203,1.8862321975819203,FALSE,FALSE
comm_156,9.195783652610944,3.0504614665246166,11,4,5.527333175,5.527333175113921,FALSE,FALSE
comm_157,12.274342517936368,3.0504614665246166,8,2,2.4591239858580547,2.4591239858580543,FALSE,FALSE
comm_158,9.655125130196256,3.0504614665246166,12,5,3.284751064,3.2847510639066995,FALSE,FALSE
comm_159,8.953108998164405,3.0504614665246166,9,4,7.265032870425352,7.265032870425351,FALSE,FALSE
comm_160,9.811507825,3.0504614665246166,12,6,8.844035644461744,8.844035644461744,FALSE,FALSE
comm_161,12.177751575678178,3.0504614665246166,8,1,0.8385879304808123,0.8385879304808121,FALSE,FALSE
comm_162,9.909974816703908,3.0504614665246166,8,2,4.713301887375145,4.713301887375144,FALSE,FALSE
comm_163,8.958475158985634,3.0504614665246166,12,7,15.50775467873391,15.507754678733912,FALSE,FALSE
comm_164,9.325196186175477,3.0504614665246166,8,3,9.138815026946824,9.138815026946826,FALSE,FALSE
comm_165,8.467783446540688,3.0504614665246166,8,3,0.98952703,0.9895270300886178,FALSE,FALSE
comm_166,8.642300012592504,3.0504614665246166,11,7,12.627969755407678,12.62796975540768,FALSE,FALSE
comm_167,11.163578413979309,3.0504614665246166,8,3,5.015180300460399,5.015180300460399,FALSE,FALSE
comm_168,9.849672591908448,3.0504614665246166,12,4,2.7745310915491332,2.774531091549134,FALSE,FALSE
comm_169,9.757928040254972,3.0504614665246166,11,6,5.972909583330416,5.972909583330416,FALSE,FALSE
comm_170,10.409171378914053,3.0504614665246166,10,5,5.148485828940052,5.148485828940053,FALSE,FALSE
comm_171,8.549890545911088,3.0504614665246166,10,4,3.874218644493773,3.874218644493773,FALSE,FALSE
comm_172,11.27384720520442,3.0504614665246166,8,2,3.393300122999404,3.3933001229994044,FALSE,FALSE
comm_173,9.791441113304565,3.0504614665246166,11,3,1.7378904577731276,1.7378904577731271,FALSE,FALSE
comm_174,9.113938417,3.0504614665246166,9,4,3.416569496314935,3.416569496314935,FALSE,FALSE
comm_175,9.817650257715032,3.0504614665246166,12,6,6.337938560164311,6.337938560164311,FALSE,FALSE
comm_176,9.818875127,3.0504614665246166,10,4,5.157929359164839,5.157929359164839,FALSE,FALSE
comm_177,9.547326564179835,3.0504614665246166,12,5,5.1234233840334005,5.123423384033401,FALSE,FALSE
comm_178,8.293205218,3.0504614665246166,9,3,7.141168450577069,7.141168450577069,FALSE,FALSE
comm_179,9.687651602,3.0504614665246166,9,3,3.7495154652791456,3.749515465279145,FALSE,FALSE
comm_180,10.245760188909967,3.0504614665246166,10,2,3.423460115669621,3.423460115669621,FALSE,FALSE
comm_181,9.780511450469149,3.0504614665246166,9,4,2.699712934467902,2.699712934467902,FALSE,FALSE
comm_182,13.441571619151064,3.0504614665246166,8,3,2.931955407188195,2.9319554071881955,FALSE,FALSE
comm_183,10.126487521348372,3.0504614665246166,12,5,6.341488173393873,6.341488173393872,FALSE,FALSE
comm_184,9.005262144357133,3.0504614665246166,10,2,3.0559760647030076,3.055976064703008,FALSE,FALSE
comm_185,11.29785618620749,3.0504614665246166,9,4,4.122016580487056,4.122016580487056,FALSE,FALSE
comm_186,10.198315712068318,3.0504614665246166,9,3,3.902291746006545,3.9022917460065423,FALSE,FALSE
comm_187,11.578975936374883,3.0504614665246166,8,4,3.557856535593203,3.557856535593203,FALSE,FALSE
comm_188,11.293508765345006,3.0504614665246166,8,4,4.4303036287578115,4.430303628757812,FALSE,FALSE
comm_189,10.115744123882616,3.0504614665246166,12,5,6.425289929284467,6.4252899292844665,FALSE,FALSE
comm_190,10.985670829118478,3.0504614665246166,10,4,4.115938952292032,4.115938952292032,FALSE,FALSE
comm_191,11.60582972522084,3.0504614665246166,12,4,2.485246752,2.485246752,FALSE,FALSE
comm_192,10.460792022017982,3.0504614665246166,8,5,8.63456803,8.634568029990913,FALSE,FALSE
comm_193,10.632333514307993,3.0504614665246166,8,5,3.677258346204638,3.6772583462046384,FALSE,FALSE
comm_194,11.55164211451963,3.0504614665246166,12,4,5.307057159376332,5.307057159376332,FALSE,FALSE
comm_195,9.375610135579931,3.0504614665246166,12,2,1.3274162334789514,1.3274162334789512,FALSE,FALSE
comm_196,14.158280420598553,3.0504614665246166,12,4,2.8254550746833975,2.825455074683397,FALSE,FALSE
comm_197,9.305560892,3.0504614665246166,11,7,8.244971322462305,8.244971322462305,FALSE,FALSE
comm_198,9.847385485574383,3.0504614665246166,11,3,4.9801498632599355,4.980149863259935,FALSE,FALSE
comm_199,10.309218115387573,3.0504614665246166,8,2,1.8506817192699443,1.8506817192699443,FALSE,FALSE
comm_200,9.539518251180516,3.0504614665246166,11,3,2.3615939544787827,2.3615939544787827,FALSE,FALSE
comm_201,9.132805524765764,3.0504614665246166,10,4,3.4510059327279317,3.4510059327279317,FALSE,FALSE
comm_202,9.888170353760572,3.0504614665246166,9,4,4.310178044213396,4.310178044213395,FALSE,FALSE
comm_203,9.758183023326028,3.0504614665246166,10,3,2.2585458732587185,2.258545873258719,FALSE,FALSE
comm_204,11.460306210547676,3.0504614665246166,12,6,3.832465552379281,3.832465552379281,FALSE,FALSE
comm_205,9.006179585764464,3.0504614665246166,8,2,3.688437019120672,3.688437019120672,FALSE,FALSE
comm_206,9.525512526,3.0504614665246166,12,6,7.265867769128088,7.265867769128089,FALSE,FALSE
comm_207,11.053616459719404,3.0504614665246166,9,2,3.719053168927874,3.7190531689278736,FALSE,FALSE
comm_208,9.629678451122937,3.0504614665246166,10,2,3.4886663555733106,3.4886663555733115,FALSE,FALSE
comm_209,10.776767804759425,3.0504614665246166,12,5,5.425661543880082,5.425661543880082,FALSE,FALSE
comm_210,9.570886810184792,3.0504614665246166,10,6,9.105581368944742,9.105581368944744,FALSE,FALSE
comm_211,10.487867558156468,3.0504614665246166,12,4,2.926791591488794,2.926791591488794,FALSE,FALSE
comm_212,8.906071681521086,3.0504614665246166,12,4,3.896824727593645,3.896824727593645,FALSE,FALSE
comm_213,9.090496749606864,3.0504614665246166,9,4,8.940066241229989,8.940066241229989,FALSE,FALSE
comm_214,10.384152077073567,3.0504614665246166,11,4,3.365427592439066,3.365427592439067,FALSE,FALSE
comm_215,9.440096253,3.0504614665246166,9,2,2.914668280349846,2.914668280349846,FALSE,FALSE
comm_216,9.267744876923183,3.0504614665246166,10,3,5.190571435,5.190571435,FALSE,FALSE
comm_217,11.882202146987218,3.0504614665246166,12,6,4.937802956833476,4.937802956833476,FALSE,FALSE
comm_218,8.868756833472345,3.0504614665246166,10,5,6.515771394811002,6.515771394811002,FALSE,FALSE
comm_219,11.988550019665336,3.0504614665246166,9,5,4.053035007956217,4.053035007956217,FALSE,FALSE
comm_220,8.666418848586828,3.0504614665246166,12,5,5.036234682996234,5.036234682996233,FALSE,FALSE
comm_221,11.347448083690962,3.0504614665246166,12,6,5.144535411543194,5.144535411543194,FALSE,FALSE
comm_222,10.207511894005542,3.0504614665246166,11,4,3.3412977926307756,3.341297792630775,FALSE,FALSE
comm_223,11.451366633934374,3.0504614665246166,9,3,2.429982625925253,2.429982625925253,FALSE,FALSE
comm_224,10.989572041827577,3.0504614665246166,8,3,2.022381745934605,2.022381745934605,FALSE,FALSE
comm_225,9.499594688856638,3.0504614665246166,11,4,4.754544732010483,4.754544732010484,FALSE,FALSE
comm_226,9.332137496,3.0504614665246166,11,5,4.111475693020824,4.111475693020824,FALSE,FALSE
comm_227,9.573178590839122,3.0504614665246166,10,5,10.084867900664872,10.084867900664872,FALSE,FALSE
comm_228,9.372722082765998,3.0504614665246166,10,7,9.456615316002262,9.456615316002264,FALSE,FALSE
comm_229,13.453026698309882,3.0504614665246166,10,3,2.1951768114290218,2.195176811429022,FALSE,FALSE
comm_230,9.939594114408733,3.0504614665246166,10,5,8.382167493484236,8.382167493484236,FALSE,FALSE
comm_231,9.116667664493702,3.0504614665246166,9,5,7.218881233972087,7.218881233972086,FALSE,FALSE
comm_232,9.499957732,3.0504614665246166,8,4,5.974129368730749,5.974129368730749,FALSE,FALSE
comm_233,11.892865772184347,3.0504614665246166,10,3,3.1866153390623486,3.1866153390623486,FALSE,FALSE
comm_234,10.76013589150814,3.0504614665246166,10,6,4.810185188646397,4.810185188646398,FALSE,FALSE
comm_235,10.53464590932706,3.0504614665246166,11,2,0.4439993901526715,0.4439993901526715,FALSE,FALSE
comm_236,10.81900804640394,3.0504614665246166,11,4,2.062606763998031,2.0626067639980312,FALSE,FALSE
comm_237,10.515943693189488,3.0504614665246166,11,3,2.9580289202178367,2.9580289202178367,FALSE,FALSE
comm_238,9.687703216344602,3.0504614665246166,12,3,4.219847115020983,4.219847115020983,FALSE,FALSE
comm_239,9.439836641,3.0504614665246166,10,2,0.9674560440686244,0.9674560440686244,FALSE,FALSE
comm_240,9.645153367,3.0504614665246166,11,4,6.968373869893875,6.968373869893876,FALSE,FALSE
comm_241,10.02987745610018,3.0504614665246166,10,4,1.72453895,1.72453895,FALSE,FALSE
comm_242,9.352002879,3.0504614665246166,11,6,4.280635379762638,4.2806353797626375,FALSE,FALSE
comm_243,9.843141534789869,3.0504614665246166,8,3,2.6412115307919244,2.641211530791924,FALSE,FALSE
comm_244,9.505687722771375,3.0504614665246166,12,4,4.3811215360289735,4.3811215360289735,FALSE,FALSE
comm_245,11.548533017521844,3.0504614665246166,11,7,6.833197712991936,6.833197712991936,FALSE,FALSE
comm_246,10.529279414212546,3.0504614665246166,10,3,4.188450827578656,4.188450827578656,FALSE,FALSE
comm_247,9.978750522083711,3.0504614665246166,8,3,2.640444694975939,2.6404446949759395,FALSE,FALSE
comm_248,9.434783478157495,3.0504614665246166,12,4,2.196933062931463,2.196933062931463,FALSE,FALSE
comm_249,9.344149024,3.0504614665246166,12,4,5.814181075778948,5.814181075778948,FALSE,FALSE
comm_250,9.903114019093891,3.0504614665246166,12,6,5.77718197,5.77718197,FALSE,FALSE
comm_251,9.811096552832044,3.0504614665246166,12,6,7.4565392878668115,7.456539287866811,FALSE,FALSE
comm_252,9.289201585948494,3.0504614665246166,11,5,6.026993678747772,6.026993678747772,FALSE,FALSE
comm_253,10.341896901075712,3.0504614665246166,9,6,5.480105832923053,5.480105832923054,FALSE,FALSE
comm_254,9.375029663496289,3.0504614665246166,10,5,4.500316666165189,4.500316666,FALSE,FALSE
comm_255,8.793950753224651,3.0504614665246166,9,4,11.708903390505446,11.708903390505448,FALSE,FALSE
comm_256,9.762894548184075,3.0504614665246166,12,4,4.770463939100101,4.770463939100102,FALSE,FALSE
comm_257,9.96678342,3.0504614665246166,11,3,1.0282741454052826,1.0282741454052826,FALSE,FALSE
comm_258,9.613216433850935,3.0504614665246166,11,6,5.226062047970591,5.226062048,FALSE,FALSE
comm_259,10.57025365871494,3.0504614665246166,9,3,2.1937117503184314,2.1937117503184314,FALSE,FALSE
comm_260,12.138587953444237,3.0504614665246166,11,3,1.4480907384987804,1.448090738498781,FALSE,FALSE
comm_261,10.240386850093984,3.0504614665246166,11,6,4.374430924242254,4.3744309242422545,FALSE,FALSE
comm_262,8.809335722446376,3.0504614665246166,8,2,2.2575011826744804,2.257501182674481,FALSE,FALSE
comm_263,9.612318023,3.0504614665246166,9,5,5.413283906064616,5.413283906064616,FALSE,FALSE
comm_264,10.469413542098351,3.0504614665246166,8,5,8.466399169402425,8.466399169402425,FALSE,FALSE
comm_265,8.683363259708274,3.0504614665246166,12,6,5.949794566256118,5.949794566256119,FALSE,FALSE
comm_266,8.506203770519873,3.0504614665246166,9,2,2.6548298178473737,2.6548298178473737,FALSE,FALSE
comm_267,11.141966512272708,3.0504614665246166,11,5,3.984511738444693,3.984511738444693,FALSE,FALSE
comm_268,11.462383694746766,3.0504614665246166,11,4,2.131978700417787,2.131978700417787,FALSE,FALSE
comm_269,9.498132367,3.0504614665246166,12,5,4.360761067967768,4.360761067967768,FALSE,FALSE
comm_270,9.472343627984266,3.0504614665246166,11,6,6.783948982089624,6.7839489820896235,FALSE,FALSE
comm_271,9.257941528,3.0504614665246166,11,3,3.660586021871314,3.6605860218713135,FALSE,FALSE
comm_272,10.116952707926268,3.0504614665246166,9,4,3.500390868747131,3.5003908687471315,FALSE,FALSE
comm_273,9.683854834753305,3.0504614665246166,8,5,5.368412684792339,5.368412684792339,FALSE,FALSE
comm_274,10.37764709,3.0504614665246166,11,5,3.038470036696018,3.038470036696017,FALSE,FALSE
comm_275,9.811420104299373,3.0504614665246166,8,3,4.379882564,4.379882564,FALSE,FALSE
comm_276,8.615069786197628,3.0504614665246166,12,7,9.472768534361276,9.472768534361276,FALSE,FALSE
comm_277,9.763697947,3.0504614665246166,11,6,3.419596764985806,3.419596764985806,FALSE,FALSE
comm_278,8.505324350349511,3.0504614665246166,9,3,6.767064449134375,6.767064449134375,FALSE,FALSE
comm_279,9.507205517,3.0504614665246166,11,6,5.311249735134096,5.311249735134096,FALSE,FALSE
comm_280,11.90319520077817,3.0504614665246166,10,5,4.416081797784459,4.416081797784459,FALSE,FALSE
comm_281,11.317437146033102,3.0504614665246166,8,3,6.471536126045125,6.471536126045127,FALSE,FALSE
comm_282,10.434960640958227,3.0504614665246166,11,2,3.412492020098453,3.4124920200984534,FALSE,FALSE
comm_283,13.513921018899577,3.0504614665246166,9,3,1.5923520047493818,1.592352004749381,FALSE,FALSE
comm_284,8.372655447,3.0504614665246166,12,6,9.792500693209025,9.792500693209025,FALSE,FALSE
comm_285,10.49692435,3.0504614665246166,12,4,1.9859100155269969,1.985910015526996,FALSE,FALSE
comm_286,11.027463147635302,3.0504614665246166,10,5,4.138220686619833,4.138220686619834,FALSE,FALSE
comm_287,9.246411832139264,3.0504614665246166,12,5,8.708230722491871,8.708230722491871,FALSE,FALSE
comm_288,9.86215601,3.0504614665246166,12,5,3.0237102767897657,3.0237102767897657,FALSE,FALSE
comm_289,12.340657716419209,3.0504614665246166,8,4,5.538908382324852,5.538908382324852,FALSE,FALSE
comm_290,9.124692009597537,3.0504614665246166,10,7,9.080739163782177,9.080739163782177,FALSE,FALSE
comm_291,10.650891188493642,3.0504614665246166,11,7,6.359405010509346,6.359405010509345,FALSE,FALSE
comm_292,8.833582770987364,3.0504614665246166,9,4,4.1198356170841635,4.119835617084164,FALSE,FALSE
comm_293,10.670830735753109,3.0504614665246166,9,3,1.8960332880743944,1.8960332880743944,FALSE,FALSE
comm_294,10.297708074636232,3.0504614665246166,9,2,2.006372125290038,2.006372125290038,FALSE,FALSE
comm_295,12.284782911167907,3.0504614665246166,8,3,0.6393935166902982,0.6393935166902982,FALSE,FALSE
comm_296,8.251535830028692,3.0504614665246166,9,4,4.537302245932614,4.537302245932614,FALSE,FALSE
comm_297,11.005485406040636,3.0504614665246166,8,2,0.5420325922576688,0.5420325922576686,FALSE,FALSE
comm_298,9.193183874970442,3.0504614665246166,9,3,2.9446913632960836,2.9446913632960836,FALSE,FALSE
comm_299,9.168599396,3.0504614665246166,10,4,6.438522233256232,6.438522233256231,FALSE,FALSE
comm_300,9.981051950760458,3.0504614665246166,11,7,5.856927133297576,5.856927133297576,FALSE,FALSE
comm_301,9.136888255189632,3.0504614665246166,9,4,4.130257958519627,4.130257958519627,FALSE,FALSE
comm_302,9.072623532053605,3.0504614665246166,10,3,4.354769981502528,4.354769981502527,FALSE,FALSE
comm_303,11.151020971029192,3.0504614665246166,9,4,3.3202933709809996,3.320293370980999,FALSE,FALSE
comm_304,9.144610227530864,3.0504614665246166,10,0,0,0,FALSE,FALSE
comm_305,11.348325278693917,3.0504614665246166,9,2,2.494649230736785,2.494649230736785,FALSE,FALSE
comm_306,10.73588508719062,3.0504614665246166,8,1,1.8292667190137415,1.8292667190137413,FALSE,FALSE
comm_307,8.844666312110228,3.0504614665246166,9,4,8.860385900055926,8.860385900055928,FALSE,FALSE
comm_308,9.265202532950672,3.0504614665246166,11,5,5.9458831979102715,5.9458831979102715,FALSE,FALSE
comm_309,11.653592376743374,3.0504614665246166,12,4,2.6586521099659524,2.6586521099659524,FALSE,FALSE
comm_310,11.507963879924484,3.0504614665246166,8,3,3.1883019055799195,3.1883019055799195,FALSE,FALSE
comm_311,9.229542777334718,3.0504614665246166,12,6,6.682502548445136,6.682502548445136,FALSE,FALSE
comm_312,10.184359342228907,3.0504614665246166,9,3,1.7024922062274896,1.7024922062274896,FALSE,FALSE
comm_313,9.249840299568618,3.0504614665246166,12,5,3.8046677829203968,3.8046677829203968,FALSE,FALSE
comm_314,9.492094435053918,3.0504614665246166,9,3,2.0257563098392053,2.0257563098392053,FALSE,FALSE
comm_315,10.086175310565606,3.0504614665246166,10,3,4.632281869209011,4.632281869209011,FALSE,FALSE
comm_316,10.263789264380918,3.0504614665246166,11,3,2.015446099866909,2.0154460998669084,FALSE,FALSE
comm_317,10.311771238212309,3.0504614665246166,9,3,2.6424283627119474,2.6424283627119474,FALSE,FALSE
comm_318,10.380521205778614,3.0504614665246166,9,5,6.665081498,6.6650814976615695,FALSE,FALSE
comm_319,11.648672334087674,3.0504614665246166,11,3,3.785451567281916,3.7854515672819153,FALSE,FALSE
comm_320,11.052854640505595,3.0504614665246166,10,4,2.927960026748188,2.927960026748188,FALSE,FALSE
comm_321,12.34454121675141,3.0504614665246166,8,3,4.075618580947104,4.075618580947104,FALSE,FALSE
comm_322,8.867923249,3.0504614665246166,8,3,1.2239574340757169,1.2239574340757164,FALSE,FALSE
comm_323,9.998949030428234,3.0504614665246166,12,6,3.9253671050090393,3.925367105,FALSE,FALSE
comm_324,9.169871983,3.0504614665246166,12,3,3.6082925335214826,3.6082925335214826,FALSE,FALSE
comm_325,8.569383461626973,3.0504614665246166,10,1,1.5906838730253092,1.590683873025309,FALSE,FALSE
comm_326,9.165792338829242,3.0504614665246166,8,3,5.650257567632239,5.650257567632239,FALSE,FALSE
comm_327,9.414569127,3.0504614665246166,10,4,3.5080573219059255,3.508057321905925,FALSE,FALSE
comm_328,9.564463771,3.0504614665246166,12,6,6.818256533,6.818256532758741,FALSE,FALSE
comm_329,8.774010892,3.0504614665246166,12,4,3.9190690324081743,3.9190690324081743,FALSE,FALSE
comm_330,9.738979049313087,3.0504614665246166,11,3,3.980764783591265,3.9807647835912654,FALSE,FALSE
comm_331,10.438460522791807,3.0504614665246166,11,5,4.212871398,4.212871398,FALSE,FALSE
comm_332,8.525925471878324,3.0504614665246166,11,5,8.446108625608383,8.446108625608382,FALSE,FALSE
comm_333,10.05845280627516,3.0504614665246166,12,4,4.086684557,4.086684557428821,FALSE,FALSE
comm_334,10.494844329013722,3.0504614665246166,9,3,3.6294294003229046,3.6294294003229046,FALSE,FALSE
comm_335,10.826779584577553,3.0504614665246166,12,6,6.769894798030769,6.7698947980307675,FALSE,FALSE
comm_336,11.30415823252908,3.0504614665246166,11,3,4.033333183657191,4.0333331836571915,FALSE,FALSE
comm_337,8.566028854,3.0504614665246166,9,4,7.098349096083085,7.098349096083086,FALSE,FALSE
comm_338,9.931613336027478,3.0504614665246166,11,3,1.9807755543344876,1.9807755543344876,FALSE,FALSE
comm_339,9.624134890070028,3.0504614665246166,10,5,5.246468815404016,5.246468815404017,FALSE,FALSE
comm_340,10.399894388221892,3.0504614665246166,10,4,3.5171221811540527,3.5171221811540527,FALSE,FALSE
comm_341,10.015090308546776,3.0504614665246166,8,2,2.1524597326485337,2.152459732648534,FALSE,FALSE
comm_342,8.156505433309327,3.0504614665246166,9,4,3.1910737838565337,3.1910737838565337,FALSE,FALSE
comm_343,9.645072551887464,3.0504614665246166,11,2,0.315973759,0.3159737585503721,FALSE,FALSE
comm_344,10.078447917359371,3.0504614665246166,11,5,8.468362876860121,8.468362876860123,FALSE,FALSE
comm_345,10.084864834125096,3.0504614665246166,9,2,2.391843007789333,2.3918430077893325,FALSE,FALSE
comm_346,9.941095072253704,3.0504614665246166,11,5,7.071581392836656,7.071581392836655,FALSE,FALSE
comm_347,10.773707301528368,3.0504614665246166,8,3,3.692515408175905,3.692515408175904,FALSE,FALSE
comm_348,10.138632696233689,3.0504614665246166,10,5,6.621350615649162,6.621350615649163,FALSE,FALSE
comm_349,10.282220136198571,3.0504614665246166,10,4,1.9969619162533037,1.9969619162533037,FALSE,FALSE
comm_350,9.326476336309383,3.0504614665246166,11,3,3.5816502048117016,3.5816502048117007,FALSE,FALSE
comm_351,10.298961521011798,3.0504614665246166,12,6,8.951307332612123,8.951307333,FALSE,FALSE
comm_352,9.926789255032464,3.0504614665246166,12,4,5.305725443090585,5.305725443090585,FALSE,FALSE
comm_353,10.26942359825902,3.0504614665246166,9,2,1.6473551969955786,1.6473551969955786,FALSE,FALSE
comm_354,9.867463126650414,3.0504614665246166,12,2,2.285151913739333,2.285151913739333,FALSE,FALSE
comm_355,9.270800939,3.0504614665246166,8,4,5.635950320866293,5.635950320866293,FALSE,FALSE
comm_356,8.855399130270573,3.0504614665246166,12,4,1.847266424696517,1.8472664246965176,FALSE,FALSE
comm_357,9.806413588110644,3.0504614665246166,9,4,3.4443255717975134,3.4443255717975134,FALSE,FALSE
comm_358,9.244782227236186,3.0504614665246166,10,3,5.005701317,5.005701317480481,FALSE,FALSE
comm_359,9.375694206772712,3.0504614665246166,11,5,4.9763698440290165,4.976369844029017,FALSE,FALSE
comm_360,10.017510069948164,3.0504614665246166,11,5,4.921419423929685,4.9214194239296845,FALSE,FALSE
comm_361,8.930178613,3.0504614665246166,11,3,2.2831232924574993,2.2831232924574993,FALSE,FALSE
comm_362,10.004960179974852,3.0504614665246166,10,2,2.796485520747877,2.7964855207478765,FALSE,FALSE
comm_363,11.081854577494376,3.0504614665246166,10,5,3.666552387696112,3.666552387696112,FALSE,FALSE
comm_364,10.627583211539845,3.0504614665246166,9,3,4.809227948401185,4.809227948401186,FALSE,FALSE
comm_365,10.64179505,3.0504614665246166,12,5,5.287386035711902,5.287386035711899,FALSE,FALSE
comm_366,9.744463922491368,3.0504614665246166,10,2,2.527272518,2.527272518,FALSE,FALSE
comm_367,10.636496198177666,3.0504614665246166,10,2,3.8736787149359904,3.873678714935991,FALSE,FALSE
comm_368,9.70951331,3.0504614665246166,11,5,4.6261767333460835,4.626176733346083,FALSE,FALSE
comm_369,10.37231209480638,3.0504614665246166,8,4,4.807360045013443,4.807360045013441,FALSE,FALSE
comm_370,10.348281412237908,3.0504614665246166,9,2,1.3128167780899016,1.3128167780899018,FALSE,FALSE
comm_371,8.743676462992562,3.0504614665246166,9,5,5.972186924041803,5.972186924041804,FALSE,FALSE
comm_372,8.508418543882861,3.0504614665246166,10,4,3.9030498931094697,3.903049893109469,FALSE,FALSE
comm_373,9.987051879748316,3.0504614665246166,10,5,5.430124400353219,5.430124400353218,FALSE,FALSE
comm_374,9.177996699997518,3.0504614665246166,9,3,3.277650189814266,3.277650189814267,FALSE,FALSE
comm_375,8.535733202619413,3.0504614665246166,12,5,4.907678819,4.907678819,FALSE,FALSE
comm_376,10.19305504562942,3.0504614665246166,11,4,3.4383403757891373,3.438340375789137,FALSE,FALSE
comm_377,9.986246358,3.0504614665246166,11,4,2.781773372,2.781773372,FALSE,FALSE
comm_378,9.620781230389644,3.0504614665246166,9,3,5.608282135920147,5.608282135920149,FALSE,FALSE
comm_379,9.906060712382226,3.0504614665246166,11,5,5.552491307053899,5.552491307053899,FALSE,FALSE
comm_380,10.437651018619418,3.0504614665246166,8,2,4.292838307,4.292838307,FALSE,FALSE
comm_381,9.662727851,3.0504614665246166,8,1,0.3217402183066018,0.3217402183066018,FALSE,FALSE
comm_382,10.316589556123237,3.0504614665246166,11,5,5.316699209175743,5.316699209175744,FALSE,FALSE
comm_383,10.34527705459899,3.0504614665246166,12,5,5.211008042,5.211008041506419,FALSE,FALSE
comm_384,8.647145044,3.0504614665246166,9,3,1.198783495982486,1.198783495982486,FALSE,FALSE
comm_385,9.744209888,3.0504614665246166,8,4,5.903777818520533,5.903777818520533,FALSE,FALSE
comm_386,11.708752890730718,3.0504614665246166,11,4,3.2340798654174785,3.2340798654174785,FALSE,FALSE
comm_387,9.508401429859935,3.0504614665246166,9,3,2.8920212186000107,2.8920212186000103,FALSE,FALSE
comm_388,9.751888526,3.0504614665246166,9,3,3.6387412948812488,3.6387412948812488,FALSE,FALSE
comm_389,12.333328231105948,3.0504614665246166,10,2,0.7560044513200657,0.7560044513200657,FALSE,FALSE
comm_390,10.116443298990225,3.0504614665246166,11,5,7.603408970802998,7.603408970802999,FALSE,FALSE
comm_391,10.158985231383465,3.0504614665246166,12,4,4.252710806121144,4.252710806121143,FALSE,FALSE
comm_392,8.718546385,3.0504614665246166,12,6,21.21687320499603,21.21687320499603,FALSE,FALSE
comm_393,9.131561795645927,3.0504614665246166,11,4,2.161629453,2.161629453,FALSE,FALSE
comm_394,9.958459204239208,3.0504614665246166,8,2,2.1394172335158803,2.139417234,FALSE,FALSE
comm_395,10.343560000489962,3.0504614665246166,12,5,3.728008327959152,3.728008327959152,FALSE,FALSE
comm_396,9.224528513822868,3.0504614665246166,12,4,7.744428910822062,7.744428910822062,FALSE,FALSE
comm_397,9.980032485700397,3.0504614665246166,10,4,4.132780207065255,4.132780207065255,FALSE,FALSE
comm_398,10.71620436683022,3.0504614665246166,12,3,2.2224631902914185,2.222463190291418,FALSE,FALSE
comm_399,9.246101362,3.0504614665246166,12,6,5.879309556713462,5.879309556713461,FALSE,FALSE
comm_400,9.221225446581752,3.0504614665246166,12,7,9.929030098536163,9.929030098536163,FALSE,FALSE
comm_401,10.488849299238272,3.0504614665246166,8,3,5.989714813403438,5.989714813403439,FALSE,FALSE
comm_402,9.521530466809129,3.0504614665246166,8,3,3.706182890291391,3.70618289,FALSE,FALSE
comm_403,11.090097822671796,3.0504614665246166,10,5,6.203071868122651,6.203071868122649,FALSE,FALSE
comm_404,9.48332538,3.0504614665246166,8,1,1.8536243967596304,1.8536243967596304,FALSE,FALSE
comm_405,10.403651163353274,3.0504614665246166,11,3,4.905058231857481,4.905058231857479,FALSE,FALSE
comm_406,10.327454996516073,3.0504614665246166,11,3,3.318877973534162,3.318877973534162,FALSE,FALSE
comm_407,11.08448741640646,3.0504614665246166,10,5,4.138359078393882,4.138359078393883,FALSE,FALSE
comm_408,11.105589490099554,3.0504614665246166,10,3,1.4444827789221453,1.4444827789221453,FALSE,FALSE
comm_409,9.813373171586017,3.0504614665246166,12,6,3.251019561,3.251019561,FALSE,FALSE
comm_410,10.090405103926024,3.0504614665246166,10,6,8.491034799723277,8.491034799723277,FALSE,FALSE
comm_411,9.310380287,3.0504614665246166,11,2,1.8314623413803508,1.8314623413803508,FALSE,FALSE
comm_412,10.23523392867314,3.0504614665246166,12,6,5.936545087137282,5.936545087137282,FALSE,FALSE
comm_413,10.334287030019706,3.0504614665246166,8,3,4.289963527385721,4.289963527385721,FALSE,FALSE
comm_414,9.315768937,3.0504614665246166,11,3,1.431596335457821,1.4315963354578207,FALSE,FALSE
comm_415,9.048580931819178,3.0504614665246166,10,3,4.462508260243835,4.462508260243836,FALSE,FALSE
comm_416,9.103645296306423,3.0504614665246166,10,5,4.240682483275655,4.240682483275656,FALSE,FALSE
comm_417,11.303818075149644,3.0504614665246166,10,2,1.700986040599084,1.7009860405990842,FALSE,FALSE
comm_418,10.836052296421588,3.0504614665246166,9,2,0.6329248106307042,0.632924811,FALSE,FALSE
comm_419,11.13022654,3.0504614665246166,10,6,5.799520446658319,5.799520446658319,FALSE,FALSE
comm_420,11.031361180482108,3.0504614665246166,11,4,3.967272089794896,3.967272089794896,FALSE,FALSE
comm_421,9.742052140526418,3.0504614665246166,10,3,4.758867377364728,4.758867377364728,FALSE,FALSE
comm_422,9.844942059,3.0504614665246166,8,4,4.496363012970058,4.496363012970057,FALSE,FALSE
comm_423,10.664860025150222,3.0504614665246166,8,3,2.826376762282238,2.8263767622822384,FALSE,FALSE
comm_424,9.218570857633091,3.0504614665246166,9,4,9.569871266586729,9.569871266586729,FALSE,FALSE
comm_425,9.533476897,3.0504614665246166,11,4,4.286982539509893,4.286982539509892,FALSE,FALSE
comm_426,9.472990112212168,3.0504614665246166,12,7,4.339534333516147,4.339534333516146,FALSE,FALSE
comm_427,9.315920192,3.0504614665246166,12,7,11.63794164,11.63794164,FALSE,FALSE
comm_428,10.89504955407414,3.0504614665246166,11,5,3.5983301894619246,3.5983301894619246,FALSE,FALSE
comm_429,9.307891428496276,3.0504614665246166,8,3,3.4078496845227826,3.4078496845227826,FALSE,FALSE
comm_430,10.274054808969083,3.0504614665246166,10,3,7.438302592555568,7.438302592555568,FALSE,FALSE
comm_431,9.138341939792658,3.0504614665246166,8,3,2.2028318118912367,2.2028318118912367,FALSE,FALSE
comm_432,9.998626706313516,3.0504614665246166,10,4,3.175268613855866,3.1752686138558666,FALSE,FALSE
comm_433,9.221004748,3.0504614665246166,9,4,5.3356829307005205,5.3356829307005205,FALSE,FALSE
comm_434,10.620188555610328,3.0504614665246166,10,3,3.1771994923352262,3.177199492335226,FALSE,FALSE
comm_435,8.984384352435399,3.0504614665246166,9,4,6.760817217099239,6.760817217099239,FALSE,FALSE
comm_436,12.04035256085351,3.0504614665246166,9,2,0.9055699331655483,0.9055699331655483,FALSE,FALSE
comm_437,9.213626070811788,3.0504614665246166,10,5,8.097447531065104,8.097447531065106,FALSE,FALSE
comm_438,8.553278885155633,3.0504614665246166,12,4,3.278500723802219,3.278500723802218,FALSE,FALSE
comm_439,11.15732002285876,3.0504614665246166,12,4,5.5226124784720065,5.522612478472007,FALSE,FALSE
comm_440,8.528018649849079,3.0504614665246166,9,6,15.114325489252522,15.114325489252522,FALSE,FALSE
comm_441,9.042331748097284,3.0504614665246166,11,5,7.431676881823095,7.431676881823094,FALSE,FALSE
comm_442,10.046789095006735,3.0504614665246166,12,5,8.985769128941175,8.985769128941177,FALSE,FALSE
comm_443,9.228132073870029,3.0504614665246166,10,2,7.363093144296492,7.363093144296492,FALSE,FALSE
comm_444,9.551931520148331,3.0504614665246166,11,3,1.9850607211747149,1.985060721174715,FALSE,FALSE
comm_445,10.071152342175628,3.0504614665246166,12,4,3.774866319873757,3.7748663198737575,FALSE,FALSE
comm_446,10.355789234114184,3.0504614665246166,9,5,4.347058729076431,4.347058729076431,FALSE,FALSE
comm_447,9.525745874419464,3.0504614665246166,11,5,4.761185491406909,4.761185491406909,FALSE,FALSE
comm_448,9.937994027576844,3.0504614665246166,8,5,7.594420515069999,7.594420515069998,FALSE,FALSE
comm_449,9.871960339,3.0504614665246166,8,2,4.461102653455145,4.461102653455145,FALSE,FALSE
comm_450,9.072832876296763,3.0504614665246166,9,4,6.247074679730618,6.247074679730617,FALSE,FALSE
comm_451,12.61729168914345,3.0504614665246166,11,2,1.3237450691410082,1.3237450691410078,FALSE,FALSE
comm_452,10.605163418182828,3.0504614665246166,12,4,2.339847363983803,2.339847363983803,FALSE,FALSE
comm_453,8.950201290624548,3.0504614665246166,12,4,3.449028718460916,3.449028718460916,FALSE,FALSE
comm_454,10.728588141920524,3.0504614665246166,11,5,4.227784803561078,4.227784803561078,FALSE,FALSE
comm_455,10.117344915817606,3.0504614665246166,9,4,4.522357946479209,4.522357946479208,FALSE,FALSE
comm_456,9.672896826896812,3.0504614665246166,11,5,5.525586387795233,5.525586387795232,FALSE,FALSE
comm_457,10.21968114085236,3.0504614665246166,9,5,6.344729031160663,6.344729031160662,FALSE,FALSE
comm_458,9.446315888,3.0504614665246166,12,6,9.195289405,9.195289405439778,FALSE,FALSE
comm_459,10.79294269904756,3.0504614665246166,10,5,4.057110306,4.057110306,FALSE,FALSE
comm_460,10.227705298141457,3.0504614665246166,9,4,7.7563895124198385,7.756389512,FALSE,FALSE
comm_461,12.392249248471462,3.0504614665246166,8,3,4.852999086,4.852999086280479,FALSE,FALSE
comm_462,11.371937292778872,3.0504614665246166,10,4,3.2522770878436944,3.2522770878436944,FALSE,FALSE
comm_463,9.203099988748802,3.0504614665246166,12,4,5.591835448767749,5.591835449,FALSE,FALSE
comm_464,9.422097086,3.0504614665246166,10,5,2.6890430186265983,2.689043018626599,FALSE,FALSE
comm_465,9.113151828,3.0504614665246166,9,4,7.958908636966973,7.958908636966974,FALSE,FALSE
comm_466,11.511504720607636,3.0504614665246166,12,3,4.088712519,4.088712518937959,FALSE,FALSE
comm_467,9.413616100230918,3.0504614665246166,12,5,6.322242649676465,6.322242649676465,FALSE,FALSE
comm_468,10.541415704391635,3.0504614665246166,11,4,2.8845495061031947,2.8845495061031943,FALSE,FALSE
comm_469,10.097198075667787,3.0504614665246166,12,5,4.915440878055856,4.915440878055856,FALSE,FALSE
comm_470,10.240748473066368,3.0504614665246166,10,6,5.888608194529613,5.8886081945296125,FALSE,FALSE
comm_471,9.577759611252151,3.0504614665246166,12,4,5.024535817461146,5.024535817461146,FALSE,FALSE
comm_472,8.573316134464845,3.0504614665246166,10,5,5.817381542210931,5.817381542210932,FALSE,FALSE
comm_473,9.259930954477984,3.0504614665246166,9,4,3.744053002962964,3.744053002962964,FALSE,FALSE
comm_474,8.497743591722001,3.0504614665246166,12,7,7.722899741352763,7.722899741352764,FALSE,FALSE
comm_475,10.419361424582696,3.0504614665246166,11,4,4.698104203323236,4.6981042033232345,FALSE,FALSE
comm_476,10.27074573398039,3.0504614665246166,9,3,2.8915114548722296,2.891511455,FALSE,FALSE
comm_477,10.791490603017774,3.0504614665246166,9,2,0.7693435614011386,0.7693435614011385,FALSE,FALSE
comm_478,10.44431008806353,3.0504614665246166,10,5,5.665907388,5.665907388440069,FALSE,FALSE
comm_479,11.03070464073332,3.0504614665246166,8,4,7.306790163371893,7.306790163371892,FALSE,FALSE
comm_480,10.65997764871339,3.0504614665246166,8,2,1.9521877570881796,1.952187757,FALSE,FALSE
comm_481,8.845843731,3.0504614665246166,9,3,3.857452147935603,3.857452147935604,FALSE,FALSE
comm_482,8.496503667061722,3.0504614665246166,8,3,5.0118919430999735,5.0118919430999735,FALSE,FALSE
comm_483,11.987494399815098,3.0504614665246166,12,5,3.0268587798387143,3.026858779838714,FALSE,FALSE
comm_484,10.018193941232871,3.0504614665246166,12,4,1.6889021094767884,1.6889021094767886,FALSE,FALSE
comm_485,10.715159071863956,3.0504614665246166,11,7,7.602698349265503,7.602698349265504,FALSE,FALSE
comm_486,10.35285385804352,3.0504614665246166,12,5,3.645683674645837,3.645683674645836,FALSE,FALSE
comm_487,9.951626984244148,3.0504614665246166,8,2,1.7683145809964096,1.7683145809964098,FALSE,FALSE
comm_488,10.858572024536045,3.0504614665246166,8,1,0.1954642101936353,0.1954642101936353,FALSE,FALSE
comm_489,8.721629883492083,3.0504614665246166,9,4,5.893730837720209,5.893730838,FALSE,FALSE
comm_490,11.17045548,3.0504614665246166,9,3,4.199656706683147,4.199656706683146,FALSE,FALSE
comm_491,10.42662600520687,3.0504614665246166,9,5,7.8061433725447404,7.8061433725447404,FALSE,FALSE
comm_492,8.583560876704032,3.0504614665246166,11,5,4.7951672908825795,4.7951672908825795,FALSE,FALSE
comm_493,9.993852642,3.0504614665246166,9,3,4.361622030976777,4.361622030976777,FALSE,FALSE
comm_494,9.063850749,3.0504614665246166,9,5,6.843805410228387,6.843805410228387,FALSE,FALSE
comm_495,9.134308913003704,3.0504614665246166,9,4,5.199145066252541,5.199145066,FALSE,FALSE
comm_496,10.683256640957222,3.0504614665246166,12,6,3.803168459798432,3.803168459798432,FALSE,FALSE
comm_497,8.429960464195805,3.0504614665246166,11,3,5.970330436,5.970330436,FALSE,FALSE
comm_498,12.809574436481036,3.0504614665246166,9,3,2.1214792391447483,2.1214792391447483,FALSE,FALSE
comm_499,10.281828199761424,3.0504614665246166,11,5,7.695625875852578,7.695625875852578,FALSE,FALSE
comm_500,9.112972098114732,3.0504614665246166,8,4,6.280525088,6.280525088,FALSE,FALSE
comm_501,10.004961444788082,3.0504614665246166,10,4,3.0442134786897483,3.0442134786897483,FALSE,FALSE
comm_502,9.700657935019422,3.0504614665246166,9,4,5.313935290569031,5.313935291,FALSE,FALSE
comm_503,10.363437786977244,3.0504614665246166,12,6,6.071534664039408,6.071534664039408,FALSE,FALSE
comm_504,9.718158757088188,3.0504614665246166,10,5,6.735496111415091,6.735496111415092,FALSE,FALSE
comm_505,9.122639147,3.0504614665246166,12,6,10.235411171787568,10.235411171787568,FALSE,FALSE
comm_506,10.944695777932376,3.0504614665246166,12,4,3.001436709051164,3.0014367090511644,FALSE,FALSE
comm_507,9.947733984174862,3.0504614665246166,9,4,2.314572703983754,2.314572703983754,FALSE,FALSE
comm_508,9.850043903047832,3.0504614665246166,11,3,2.050010649388672,2.0500106493886725,FALSE,FALSE
comm_509,10.495905204140795,3.0504614665246166,10,3,1.693771284197486,1.6937712841974857,FALSE,FALSE
comm_510,11.062193760739907,3.0504614665246166,10,2,2.239655308148164,2.239655308148164,FALSE,FALSE
comm_511,10.475708980470126,3.0504614665246166,11,2,1.3159876686776488,1.3159876686776488,FALSE,FALSE
comm_512,12.363839504041923,3.0504614665246166,9,4,4.827814829289004,4.827814829289004,FALSE,FALSE
comm_513,10.873296702879626,3.0504614665246166,10,3,0.8234838064066088,0.8234838064066087,FALSE,FALSE
comm_514,8.826754903374034,3.0504614665246166,9,1,0.7261056358997049,0.7261056358997049,FALSE,FALSE
comm_515,9.785776858433325,3.0504614665246166,11,4,2.2995459905325024,2.299545990532502,FALSE,FALSE
comm_516,8.751642164994768,3.0504614665246166,10,5,5.100246497,5.100246496893241,FALSE,FALSE
comm_517,12.47772106311852,3.0504614665246166,8,2,2.423901895479055,2.4239018954790557,FALSE,FALSE
comm_518,9.210613127892731,3.0504614665246166,8,4,11.895879525923526,11.895879525923524,FALSE,FALSE
comm_519,9.606549309,3.0504614665246166,11,5,2.9649950837080925,2.9649950837080925,FALSE,FALSE
comm_520,11.41545859495154,3.0504614665246166,11,2,0.7096702113736904,0.7096702113736904,FALSE,FALSE
comm_521,9.076399469678764,3.0504614665246166,8,3,3.7359009788733024,3.735900978873302,FALSE,FALSE
comm_522,9.353907154,3.0504614665246166,9,4,6.983311655657473,6.983311655657472,FALSE,FALSE
comm_523,9.438344319,3.0504614665246166,10,4,6.550070024116447,6.550070024116447,FALSE,FALSE
comm_524,9.791295889,3.0504614665246166,11,3,3.1945063133566975,3.1945063133566975,FALSE,FALSE
comm_525,9.665793299271984,3.0504614665246166,8,5,7.264917768626344,7.264917768626344,FALSE,FALSE
comm_526,10.39797953616398,3.0504614665246166,8,4,3.093492942331764,3.093492942331764,FALSE,FALSE
comm_527,10.075104492948611,3.0504614665246166,12,6,10.008566457692185,10.008566457692185,FALSE,FALSE
comm_528,9.559395041087626,3.0504614665246166,12,6,4.640018872577969,4.640018873,FALSE,FALSE
comm_529,9.268672140808777,3.0504614665246166,11,2,3.1016709993196327,3.1016709993196327,FALSE,FALSE
comm_530,9.344179033412903,3.0504614665246166,11,6,7.981871416,7.981871416,FALSE,FALSE
comm_531,9.897952322874756,3.0504614665246166,8,3,3.7132297299715473,3.7132297299715473,FALSE,FALSE
comm_532,10.112282025746396,3.0504614665246166,10,8,8.071356636873677,8.071356636873677,FALSE,FALSE
comm_533,9.744763414682769,3.0504614665246166,10,4,6.798825852737579,6.798825852737582,FALSE,FALSE
comm_534,9.712595062796517,3.0504614665246166,11,4,3.720176789327237,3.720176789327237,FALSE,FALSE
comm_535,8.677623523937525,3.0504614665246166,12,4,1.146684355682867,1.1466843556828672,FALSE,FALSE
comm_536,9.533135643188052,3.0504614665246166,11,4,4.118534147648971,4.118534147648971,FALSE,FALSE
comm_537,10.402665952534726,3.0504614665246166,12,5,10.822876938734712,10.822876938734712,FALSE,FALSE
comm_538,7.596200626946657,3.0504614665246166,11,5,9.687285836151762,9.687285836151764,FALSE,FALSE
comm_539,11.399763661816944,3.0504614665246166,8,5,4.009683188912242,4.009683188912242,FALSE,FALSE
comm_540,10.360352057238394,3.0504614665246166,9,5,4.879309024917255,4.879309024917255,FALSE,FALSE
comm_541,9.599353542058871,3.0504614665246166,11,4,4.324866807735068,4.324866807735068,FALSE,FALSE
comm_542,9.457055471,3.0504614665246166,11,4,4.766537935,4.766537935,FALSE,FALSE
comm_543,11.938379261312628,3.0504614665246166,9,2,0.763016511,0.7630165110760999,FALSE,FALSE
comm_544,9.436517481057864,3.0504614665246166,8,4,2.9986330069767435,2.998633006976744,FALSE,FALSE
comm_545,10.271175593755162,3.0504614665246166,12,3,2.2057353092105147,2.2057353092105147,FALSE,FALSE
comm_546,11.497079263784396,3.0504614665246166,8,3,1.724210867100166,1.724210867100166,FALSE,FALSE
comm_547,9.608841483157391,3.0504614665246166,8,4,6.184418270863541,6.184418270863542,FALSE,FALSE
comm_548,11.338475229566807,3.0504614665246166,9,6,6.8742074121930985,6.8742074121930985,FALSE,FALSE
comm_549,13.542164328984647,3.0504614665246166,8,3,0.8439058476400063,0.8439058476400062,FALSE,FALSE
comm_550,8.447905811,3.0504614665246166,9,3,3.203988124667843,3.2039881246678426,FALSE,FALSE
comm_551,8.546661643889433,3.0504614665246166,10,6,8.548660149784062,8.548660149784064,FALSE,FALSE
comm_552,10.908791231945813,3.0504614665246166,9,5,5.5952879141783445,5.5952879141783445,FALSE,FALSE
comm_553,11.102044573710302,3.0504614665246166,12,5,3.484633614932875,3.4846336149328745,FALSE,FALSE
comm_554,8.766014621,3.0504614665246166,10,6,2.240360793939766,2.240360793939766,FALSE,FALSE
comm_555,11.814589855440396,3.0504614665246166,9,4,5.296393451632085,5.296393451632085,FALSE,FALSE
comm_556,9.777071241713545,3.0504614665246166,9,5,3.205557131009736,3.2055571310097357,FALSE,FALSE
comm_557,10.54528617,3.0504614665246166,8,4,4.203737930407577,4.203737930407577,FALSE,FALSE
comm_558,9.068626427936298,3.0504614665246166,9,3,4.828899719488011,4.828899719,FALSE,FALSE
comm_559,9.928754653489584,3.0504614665246166,10,3,2.0053889019988627,2.0053889019988627,FALSE,FALSE
comm_560,12.90500229388778,3.0504614665246166,8,1,1.5930921115132548,1.5930921115132548,FALSE,FALSE
comm_561,11.821612382185846,3.0504614665246166,12,5,3.006252828982704,3.0062528289827046,FALSE,FALSE
comm_562,9.134392914,3.0504614665246166,12,5,4.5049040925457575,4.5049040925457575,FALSE,FALSE
comm_563,10.611177839040248,3.0504614665246166,9,3,4.510837943949037,4.510837943949037,FALSE,FALSE
comm_564,9.994359520453376,3.0504614665246166,10,3,3.386224489942743,3.386224489942744,FALSE,FALSE
comm_565,10.333755605259572,3.0504614665246166,10,5,4.809350218420071,4.809350218420072,FALSE,FALSE
comm_566,10.290096967015554,3.0504614665246166,9,5,7.898599424827941,7.898599424827941,FALSE,FALSE
comm_567,9.777903677,3.0504614665246166,9,4,6.996308135333806,6.996308135333806,FALSE,FALSE
comm_568,9.37951341,3.0504614665246166,12,3,1.0855800894181349,1.0855800894181349,FALSE,FALSE
comm_569,11.188127662739992,3.0504614665246166,9,4,6.545781606840825,6.5457816068408246,FALSE,FALSE
comm_570,11.008840704471009,3.0504614665246166,11,5,3.857555227608567,3.857555227608568,FALSE,FALSE
comm_571,12.02552126641524,3.0504614665246166,12,4,4.237318582433501,4.237318582433501,FALSE,FALSE
comm_572,12.412410323712024,3.0504614665246166,10,4,2.6465024376574378,2.6465024376574373,FALSE,FALSE
comm_573,9.425304092,3.0504614665246166,12,5,5.570511918757361,5.5705119187573615,FALSE,FALSE
comm_574,10.576628147860676,3.0504614665246166,9,5,7.886352785882791,7.886352786,FALSE,FALSE
comm_575,8.982801926121512,3.0504614665246166,11,4,6.791765789045233,6.791765789045233,FALSE,FALSE
comm_576,10.41016821,3.0504614665246166,10,6,8.162289817113209,8.162289817113207,FALSE,FALSE
comm_577,9.996856096,3.0504614665246166,9,6,5.932418189701126,5.932418189701127,FALSE,FALSE
comm_578,9.365819039290889,3.0504614665246166,9,1,0.3021276056027594,0.3021276056027595,FALSE,FALSE
comm_579,9.860737784483677,3.0504614665246166,12,6,6.572825056782198,6.572825056782199,FALSE,FALSE
comm_580,10.55799006318259,3.0504614665246166,12,4,2.708655026875031,2.708655026875031,FALSE,FALSE
comm_581,10.652266912707615,3.0504614665246166,12,6,5.438676215927643,5.438676215927643,FALSE,FALSE
comm_582,9.234256688277007,3.0504614665246166,11,5,6.0567909184967315,6.056790918496731,FALSE,FALSE
comm_583,9.324974099,3.0504614665246166,9,3,1.4854919547622254,1.4854919547622258,FALSE,FALSE
comm_584,10.093043456873309,3.0504614665246166,10,4,6.393931490087828,6.393931490087829,FALSE,FALSE
comm_585,11.303025735423308,3.0504614665246166,11,4,3.708720227111835,3.7087202271118342,FALSE,FALSE
comm_586,11.512947017243537,3.0504614665246166,11,4,3.041618420558273,3.041618420558272,FALSE,FALSE
comm_587,10.112418120619134,3.0504614665246166,9,3,3.0400570745558886,3.040057074555889,FALSE,FALSE
comm_588,13.009499274929222,3.0504614665246166,10,2,1.242634120411759,1.2426341204117586,FALSE,FALSE
comm_589,9.580046483442596,3.0504614665246166,10,6,7.578954477309439,7.578954477,FALSE,FALSE
comm_590,11.117638380496167,3.0504614665246166,10,4,4.281737218389418,4.281737218389418,FALSE,FALSE
comm_591,8.539446568876794,3.0504614665246166,8,3,3.487420739284111,3.487420739284111,FALSE,FALSE
comm_592,9.859460326,3.0504614665246166,8,2,2.938480137667922,2.9384801376679226,FALSE,FALSE
comm_593,8.918038989929924,3.0504614665246166,11,5,4.2549866609920866,4.2549866609920866,FALSE,FALSE
comm_594,10.149485834227816,3.0504614665246166,11,3,4.701954348833011,4.701954348833013,FALSE,FALSE
comm_595,9.283015717868258,3.0504614665246166,12,4,5.128202975654273,5.128202975654273,FALSE,FALSE
comm_596,9.414311126,3.0504614665246166,11,3,1.4207359277723923,1.4207359277723928,FALSE,FALSE
comm_597,10.361506206513162,3.0504614665246166,10,4,2.4266875994726527,2.426687599472653,FALSE,FALSE
comm_598,8.557755041,3.0504614665246166,12,4,7.935375181739974,7.935375181739975,FALSE,FALSE
comm_599,10.260628101840853,3.0504614665246166,9,5,4.815225445007996,4.8152254450079965,FALSE,FALSE
comm_600,8.928023043836152,3.0504614665246166,11,4,5.216881177193722,5.216881177193722,FALSE,FALSE
comm_601,8.463496456,3.0504614665246166,11,3,2.4940277025196496,2.4940277025196496,FALSE,FALSE
comm_602,10.61188349769227,3.0504614665246166,12,5,6.030357867163794,6.0303578671637945,FALSE,FALSE
comm_603,11.671494296244546,3.0504614665246166,9,3,2.382501619097707,2.382501619097707,FALSE,FALSE
comm_604,11.500320066542296,3.0504614665246166,8,3,2.748489886146632,2.7484898861466314,FALSE,FALSE
comm_605,11.017356616709057,3.0504614665246166,9,4,1.910239894570952,1.910239894570952,FALSE,FALSE
comm_606,10.084491056660868,3.0504614665246166,11,5,6.972601071723024,6.972601071723024,FALSE,FALSE
comm_607,9.131094221574632,3.0504614665246166,12,5,8.989673922492969,8.989673922492969,FALSE,FALSE
comm_608,11.163626953156374,3.0504614665246166,9,5,7.164272010005233,7.164272010005232,FALSE,FALSE
comm_609,9.204979586668635,3.0504614665246166,9,3,4.968746060348445,4.968746060348446,FALSE,FALSE
comm_610,10.409787684625485,3.0504614665246166,10,4,6.729184681245907,6.729184681245907,FALSE,FALSE
comm_611,9.173971054162203,3.0504614665246166,11,5,5.993109805963873,5.993109805963873,FALSE,FALSE
comm_612,9.034462799600258,3.0504614665246166,11,3,4.487088294560118,4.4870882945601185,FALSE,FALSE
comm_613,10.087256042799778,3.0504614665246166,8,2,3.5038271605842275,3.5038271605842275,FALSE,FALSE
comm_614,9.261425286476744,3.0504614665246166,11,4,7.213001719387154,7.213001719387155,FALSE,FALSE
comm_615,8.902313873676743,3.0504614665246166,8,4,8.691184188,8.691184188,FALSE,FALSE
comm_616,9.730084526,3.0504614665246166,9,3,2.941684300887065,2.941684300887064,FALSE,FALSE
comm_617,9.186188926454626,3.0504614665246166,12,6,6.177012886224684,6.177012886224686,FALSE,FALSE
comm_618,10.444358953635977,3.0504614665246166,8,5,6.697600587367404,6.697600587367405,FALSE,FALSE
comm_619,12.782297192469642,3.0504614665246166,8,2,1.339666349,1.3396663490831298,FALSE,FALSE
comm_620,9.707965141,3.0504614665246166,10,4,2.959428746259602,2.9594287462596025,FALSE,FALSE
comm_621,12.030466842165543,3.0504614665246166,8,3,1.6658376220063558,1.6658376220063555,FALSE,FALSE
comm_622,10.65088562214912,3.0504614665246166,8,4,3.956194564410598,3.956194564410598,FALSE,FALSE
comm_623,10.560001956912174,3.0504614665246166,10,4,5.022715707981583,5.022715707981583,FALSE,FALSE
comm_624,10.533763949962898,3.0504614665246166,10,6,7.778871627284972,7.778871627284973,FALSE,FALSE
comm_625,9.401298372000278,3.0504614665246166,9,5,7.002117773984844,7.002117773984844,FALSE,FALSE
comm_626,9.710928112,3.0504614665246166,11,4,4.103808293198139,4.103808293198138,FALSE,FALSE
comm_627,9.190893899779104,3.0504614665246166,9,4,3.6676985328845473,3.6676985328845473,FALSE,FALSE
comm_628,10.84755642293314,3.0504614665246166,8,3,2.5560398352410254,2.5560398352410254,FALSE,FALSE
comm_629,8.954805463633791,3.0504614665246166,8,3,3.664581346858461,3.6645813468584616,FALSE,FALSE
comm_630,11.028763210374358,3.0504614665246166,11,7,6.367153888182511,6.367153888182511,FALSE,FALSE
comm_631,10.211069728645905,3.0504614665246166,9,3,4.062724484689805,4.062724484689805,FALSE,FALSE
comm_632,9.718775282821396,3.0504614665246166,11,4,3.519642278538059,3.519642278538058,FALSE,FALSE
comm_633,9.288818918,3.0504614665246166,8,3,4.6311568590530054,4.631156859053006,FALSE,FALSE
comm_634,10.67269377358078,3.0504614665246166,10,3,2.131475746,2.131475746,FALSE,FALSE
comm_635,10.26365237980984,3.0504614665246166,8,2,0.7034538034548214,0.7034538034548214,FALSE,FALSE
comm_636,11.02184033087246,3.0504614665246166,10,3,4.579125526232334,4.579125526232333,FALSE,FALSE
comm_637,10.719179916480488,3.0504614665246166,10,5,5.498785344188695,5.498785344188695,FALSE,FALSE
comm_638,8.608506657064131,3.0504614665246166,12,5,8.149143276707033,8.149143276707031,FALSE,FALSE
comm_639,12.576435000226049,3.0504614665246166,11,4,1.896644079655423,1.896644079655423,FALSE,FALSE
comm_640,9.321631539,3.0504614665246166,12,3,4.087328666400416,4.087328666400416,FALSE,FALSE
comm_641,9.333062527,3.0504614665246166,8,2,3.321194717992888,3.3211947179928885,FALSE,FALSE
comm_642,9.240809999012548,3.0504614665246166,11,4,2.546709779,2.5467097794188502,FALSE,FALSE
comm_643,10.90412003513029,3.0504614665246166,11,6,4.300481656921296,4.300481656921296,FALSE,FALSE
comm_644,11.540875834430045,3.0504614665246166,10,2,1.4825575352486358,1.482557535248636,FALSE,FALSE
comm_645,9.820086673294966,3.0504614665246166,12,6,5.393116734049947,5.393116734049947,FALSE,FALSE
comm_646,9.923578730001031,3.0504614665246166,8,4,7.2215713456971455,7.2215713456971455,FALSE,FALSE
comm_647,11.69754709523768,3.0504614665246166,11,5,2.594444823316723,2.594444823316724,FALSE,FALSE
comm_648,10.319539123089491,3.0504614665246166,8,4,4.601675464381229,4.601675464,FALSE,FALSE
comm_649,9.670429122,3.0504614665246166,9,5,6.5380884023957435,6.5380884023957435,FALSE,FALSE
comm_650,9.688892743983551,3.0504614665246166,11,2,1.7167416819503312,1.7167416819503314,FALSE,FALSE
comm_651,9.039349777021116,3.0504614665246166,10,4,10.647480988151727,10.647480988151726,FALSE,FALSE
comm_652,10.77302537384812,3.0504614665246166,8,4,3.840291502572041,3.840291502572041,FALSE,FALSE
comm_653,12.117127531477273,3.0504614665246166,10,3,1.970412532988928,1.9704125329889284,FALSE,FALSE
comm_654,10.506794117094486,3.0504614665246166,10,4,2.955669731,2.955669731,FALSE,FALSE
comm_655,10.17122500288335,3.0504614665246166,10,3,7.470730761892954,7.470730761892955,FALSE,FALSE
comm_656,14.042425285997286,3.0504614665246166,9,2,0.3225908978418759,0.3225908978418759,FALSE,FALSE
comm_657,9.647333577514312,3.0504614665246166,8,2,5.4697729027515445,5.469772902751544,FALSE,FALSE
comm_658,10.099991035319684,3.0504614665246166,8,5,3.248322941621173,3.248322941621173,FALSE,FALSE
comm_659,12.55428744736624,3.0504614665246166,11,4,1.3389470826972816,1.3389470826972811,FALSE,FALSE
comm_660,10.392832681725336,3.0504614665246166,8,4,5.132798218020513,5.132798218020513,FALSE,FALSE
comm_661,8.542670422479963,3.0504614665246166,10,5,4.578740883940024,4.578740883940023,FALSE,FALSE
comm_662,9.450884326426618,3.0504614665246166,12,7,12.079926996925389,12.079926996925389,FALSE,FALSE
comm_663,9.377899042,3.0504614665246166,10,5,8.153779592404993,8.153779592404993,FALSE,FALSE
comm_664,9.559790389877428,3.0504614665246166,8,5,9.688201376,9.688201376,FALSE,FALSE
comm_665,10.845475455806604,3.0504614665246166,9,4,6.399698240148172,6.399698240148171,FALSE,FALSE
comm_666,9.944740296218574,3.0504614665246166,8,4,4.327541015997172,4.327541015997172,FALSE,FALSE
comm_667,9.817248455,3.0504614665246166,9,3,3.808965031339324,3.808965031339324,FALSE,FALSE
comm_668,10.32635672709817,3.0504614665246166,8,2,1.2754225322611623,1.275422532261162,FALSE,FALSE
comm_669,9.940123904477566,3.0504614665246166,10,4,5.481495429,5.481495429,FALSE,FALSE
comm_670,9.818837644,3.0504614665246166,9,6,7.594562014708024,7.594562014708024,FALSE,FALSE
comm_671,10.836049701219167,3.0504614665246166,10,5,3.999841975253823,3.999841975253823,FALSE,FALSE
comm_672,9.661032475677215,3.0504614665246166,9,3,2.572040388,2.5720403879487197,FALSE,FALSE
comm_673,9.636158331911258,3.0504614665246166,11,2,1.8877350017991108,1.887735001799111,FALSE,FALSE
comm_674,11.501528689506875,3.0504614665246166,8,4,3.5981488649852817,3.598148864985282,FALSE,FALSE
comm_675,11.511151807872029,3.0504614665246166,9,4,3.821086362489436,3.821086362489435,FALSE,FALSE
comm_676,9.672854542364163,3.0504614665246166,9,5,6.203364439407359,6.203364439,FALSE,FALSE
comm_677,9.257662468,3.0504614665246166,12,6,5.070073486690446,5.070073486690445,FALSE,FALSE
comm_678,9.945517347240772,3.0504614665246166,8,4,9.941620551620424,9.941620551620424,FALSE,FALSE
comm_679,10.094203790109372,3.0504614665246166,11,5,8.37669661,8.376696609909382,FALSE,FALSE
comm_680,10.652221058775456,3.0504614665246166,9,5,2.4899451898561553,2.4899451898561553,FALSE,FALSE
comm_681,11.977907238386504,3.0504614665246166,9,2,1.1437668536095076,1.1437668536095076,FALSE,FALSE
comm_682,9.825502173366374,3.0504614665246166,11,4,8.207805377038703,8.207805377038705,FALSE,FALSE
comm_683,8.988822147953556,3.0504614665246166,11,5,3.5148459284950055,3.514845928495005,FALSE,FALSE
comm_684,11.924293292258016,3.0504614665246166,9,4,1.864782067689106,1.8647820676891067,FALSE,FALSE
comm_685,10.063902940554389,3.0504614665246166,9,2,1.0242493009096585,1.0242493009096585,FALSE,FALSE
comm_686,11.739750880804513,3.0504614665246166,12,5,6.832781122100078,6.832781122100079,FALSE,FALSE
comm_687,11.436229268868097,3.0504614665246166,12,5,4.149788002354302,4.149788002354302,FALSE,FALSE
comm_688,9.592007434634834,3.0504614665246166,12,6,6.531237073653509,6.531237073653509,FALSE,FALSE
comm_689,9.473876322263845,3.0504614665246166,10,6,6.518186608,6.5181866077417006,FALSE,FALSE
comm_690,8.058573267297975,3.0504614665246166,10,4,6.243667427890818,6.243667428,FALSE,FALSE
comm_691,10.71174761553888,3.0504614665246166,9,5,6.049807807220661,6.049807807220661,FALSE,FALSE
comm_692,10.94320257083896,3.0504614665246166,9,4,4.551750694703118,4.551750695,FALSE,FALSE
comm_693,10.790362935202875,3.0504614665246166,11,5,7.043125238037831,7.043125238,FALSE,FALSE
comm_694,10.29849257,3.0504614665246166,9,3,3.6802853358895375,3.6802853358895375,FALSE,FALSE
comm_695,9.683687778077347,3.0504614665246166,12,4,4.052397114762103,4.052397114762103,FALSE,FALSE
comm_696,8.490834335428366,3.0504614665246166,9,4,5.473999497157472,5.473999497157473,FALSE,FALSE
comm_697,9.771885755961232,3.0504614665246166,11,4,4.710268993509745,4.710268993509744,FALSE,FALSE
comm_698,8.722632387182085,3.0504614665246166,8,3,5.250742482758127,5.2507424827581275,FALSE,FALSE
comm_699,11.161989309361326,3.0504614665246166,8,6,4.8828160789181245,4.8828160789181245,FALSE,FALSE
comm_700,10.718282419300252,3.0504614665246166,9,4,4.323986258595728,4.323986258595728,FALSE,FALSE
comm_701,10.280743275188664,3.0504614665246166,12,7,11.71756576996214,11.71756576996214,FALSE,FALSE
comm_702,8.692546678357823,3.0504614665246166,11,5,4.588644587823289,4.588644587823289,FALSE,FALSE
comm_703,10.071271066837882,3.0504614665246166,10,4,3.5601126910994747,3.5601126910994747,FALSE,FALSE
comm_704,10.126265363229336,3.0504614665246166,11,5,5.6530615997790825,5.6530615997790825,FALSE,FALSE
comm_705,9.231491593451215,3.0504614665246166,12,4,6.266924607358073,6.266924607358073,FALSE,FALSE
comm_706,8.499155977,3.0504614665246166,12,5,8.032377554,8.032377554,FALSE,FALSE
comm_707,9.298774198820324,3.0504614665246166,9,3,2.4972679291202664,2.497267929120267,FALSE,FALSE
comm_708,9.649446553455698,3.0504614665246166,8,4,6.657121196716261,6.657121196716262,FALSE,FALSE
comm_709,11.551644525630527,3.0504614665246166,8,3,3.274803935426604,3.2748039354266036,FALSE,FALSE
comm_710,8.823943323,3.0504614665246166,9,3,4.1008058545871275,4.1008058545871275,FALSE,FALSE
comm_711,10.79314674502967,3.0504614665246166,11,3,2.3919595118258914,2.391959511825892,FALSE,FALSE
comm_712,9.88617737,3.0504614665246166,9,3,3.4720413957200584,3.472041395720059,FALSE,FALSE
comm_713,10.286327798998489,3.0504614665246166,10,4,6.259090186982003,6.259090186982003,FALSE,FALSE
comm_714,9.916230894623943,3.0504614665246166,10,3,1.7963882448399842,1.7963882448399842,FALSE,FALSE
comm_715,9.399216340024733,3.0504614665246166,9,6,14.75222889992137,14.75222889992137,FALSE,FALSE
comm_716,10.777868058745806,3.0504614665246166,12,4,3.068725134143659,3.0687251341436586,FALSE,FALSE
comm_717,8.923798159078332,3.0504614665246166,9,2,2.6176707469343468,2.6176707469343468,FALSE,FALSE
comm_718,10.14975776722562,3.0504614665246166,12,6,11.39312086300019,11.393120863000188,FALSE,FALSE
comm_719,9.550911175453436,3.0504614665246166,9,4,6.279776749769304,6.279776749769304,FALSE,FALSE
comm_720,9.269793353469222,3.0504614665246166,10,5,5.256109477888686,5.256109477888685,FALSE,FALSE
comm_721,11.608599474504366,3.0504614665246166,11,5,4.47737089,4.47737089,FALSE,FALSE
comm_722,11.926260279016216,3.0504614665246166,11,3,1.8405368203705936,1.8405368203705936,FALSE,FALSE
comm_723,10.186848588542254,3.0504614665246166,9,4,6.669474686065757,6.669474686065757,FALSE,FALSE
comm_724,9.564201157311302,3.0504614665246166,12,7,5.005937149,5.005937149107939,FALSE,FALSE
comm_725,10.02534967661389,3.0504614665246166,10,4,4.477876439539294,4.477876439539294,FALSE,FALSE
comm_726,10.279300383508932,3.0504614665246166,9,4,4.517507833815577,4.517507833815578,FALSE,FALSE
comm_727,11.236735975221526,3.0504614665246166,8,2,2.849963961839734,2.8499639618397334,FALSE,FALSE
comm_728,11.559765835961622,3.0504614665246166,8,3,5.848998628759341,5.848998628759341,FALSE,FALSE
comm_729,9.060995949,3.0504614665246166,8,3,5.1954216292186945,5.195421629218693,FALSE,FALSE
comm_730,10.087350998180945,3.0504614665246166,11,5,5.346676556649346,5.346676556649346,FALSE,FALSE
comm_731,10.998582964672154,3.0504614665246166,12,5,4.276709973406092,4.276709973406092,FALSE,FALSE
comm_732,11.141911687863455,3.0504614665246166,9,5,5.001615415116187,5.001615415116187,FALSE,FALSE
comm_733,9.968436204,3.0504614665246166,11,3,3.7814670833490007,3.7814670833490007,FALSE,FALSE
comm_734,8.938390783487137,3.0504614665246166,8,3,6.072152302751606,6.072152302751605,FALSE,FALSE
comm_735,9.181999074532888,3.0504614665246166,12,6,8.796620432609362,8.796620432609362,FALSE,FALSE
comm_736,10.807278313421993,3.0504614665246166,8,6,4.628550982011874,4.628550982011875,FALSE,FALSE
comm_737,10.056290558156626,3.0504614665246166,12,5,4.810761163,4.810761163,FALSE,FALSE
comm_738,10.010785265900807,3.0504614665246166,11,3,3.3000026365635984,3.3000026365635997,FALSE,FALSE
comm_739,10.079626382581033,3.0504614665246166,8,3,4.426702549584625,4.426702549584626,FALSE,FALSE
comm_740,8.879851301543045,3.0504614665246166,12,5,6.631017642334712,6.631017642334711,FALSE,FALSE
comm_741,9.775010636,3.0504614665246166,11,5,10.02817133,10.028171329210895,FALSE,FALSE
comm_742,12.52471603334488,3.0504614665246166,8,4,1.2578664187098825,1.2578664187098825,FALSE,FALSE
comm_743,9.236252657474664,3.0504614665246166,12,4,4.574898188584756,4.574898188584756,FALSE,FALSE
comm_744,10.424611712539887,3.0504614665246166,9,6,5.751246145013791,5.751246145013793,FALSE,FALSE
comm_745,10.989621544107736,3.0504614665246166,11,4,1.9803427535269724,1.9803427535269729,FALSE,FALSE
comm_746,9.056466649980472,3.0504614665246166,11,4,4.292099098224606,4.292099098224605,FALSE,FALSE
comm_747,10.267838199084506,3.0504614665246166,9,2,2.1455830864737764,2.1455830864737764,FALSE,FALSE
comm_748,9.716532158168816,3.0504614665246166,10,5,5.778742838012313,5.778742838012312,FALSE,FALSE
comm_749,10.339104208776934,3.0504614665246166,10,2,1.397486915,1.3974869152092495,FALSE,FALSE
comm_750,9.506788773,3.0504614665246166,8,6,5.315055590423248,5.315055590423247,FALSE,FALSE
comm_751,8.271642373215146,3.0504614665246166,10,5,5.619638975678548,5.619638975678548,FALSE,FALSE
comm_752,10.281663472911054,3.0504614665246166,10,2,2.061749079060672,2.0617490790606725,FALSE,FALSE
comm_753,8.886550094887538,3.0504614665246166,11,3,3.6925599937334943,3.692559993733495,FALSE,FALSE
comm_754,9.785610692294556,3.0504614665246166,9,2,1.082111170962341,1.082111170962341,FALSE,FALSE
comm_755,8.934284510640945,3.0504614665246166,8,3,6.117761398294275,6.117761398294275,FALSE,FALSE
comm_756,9.156235357922322,3.0504614665246166,12,5,4.302014808297826,4.302014808297826,FALSE,FALSE
comm_757,11.77392226151644,3.0504614665246166,9,3,2.5169079139468007,2.5169079139468016,FALSE,FALSE
comm_758,8.272566273832528,3.0504614665246166,11,3,4.048767404757629,4.048767404757628,FALSE,FALSE
comm_759,9.452519212726642,3.0504614665246166,8,5,4.053706952407227,4.053706952407227,FALSE,FALSE
comm_760,9.440473202658298,3.0504614665246166,11,3,3.5445028215325536,3.544502821532553,FALSE,FALSE
comm_761,10.133939769769338,3.0504614665246166,10,3,4.35018522,4.350185220453341,FALSE,FALSE
comm_762,8.688184688168864,3.0504614665246166,10,4,11.329030766043122,11.32903076604312,FALSE,FALSE
comm_763,9.702144821,3.0504614665246166,11,6,3.6240824640238216,3.624082464023821,FALSE,FALSE
comm_764,8.091493102713375,3.0504614665246166,8,2,5.407732296521885,5.407732296521885,FALSE,FALSE
comm_765,11.92263283853416,3.0504614665246166,8,5,5.942782741717055,5.942782741717055,FALSE,FALSE
comm_766,9.337052263540956,3.0504614665246166,8,2,3.473309979966173,3.4733099799661726,FALSE,FALSE
comm_767,9.364120043593472,3.0504614665246166,10,5,7.941282030266082,7.941282030266081,FALSE,FALSE
comm_768,10.357205249593122,3.0504614665246166,11,5,4.924496130167667,4.924496130167667,FALSE,FALSE
comm_769,11.612029002867835,3.0504614665246166,8,6,5.980013162255858,5.980013162255858,FALSE,FALSE
comm_770,10.07751454149871,3.0504614665246166,8,4,4.350898129205852,4.350898129205851,FALSE,FALSE
comm_771,9.472727303,3.0504614665246166,8,3,4.724531682765518,4.724531682765518,FALSE,FALSE
comm_772,9.660837118684928,3.0504614665246166,8,3,5.022545540153498,5.022545540153497,FALSE,FALSE
comm_773,9.783907088,3.0504614665246166,10,4,2.229358414150808,2.229358414150808,FALSE,FALSE
comm_774,10.170162962069725,3.0504614665246166,8,1,1.954071398065984,1.9540713980659832,FALSE,FALSE
comm_775,11.81383961736197,3.0504614665246166,8,4,2.7380703327382805,2.738070333,FALSE,FALSE
comm_776,12.529603952072891,3.0504614665246166,9,5,6.601373106180134,6.601373106180134,FALSE,FALSE
comm_777,11.398530519798584,3.0504614665246166,10,4,2.432899345289197,2.432899345289197,FALSE,FALSE
comm_778,10.996922929773335,3.0504614665246166,11,4,4.359430306762317,4.359430306762317,FALSE,FALSE
comm_779,8.921111772999621,3.0504614665246166,10,4,6.972500423627311,6.972500423627312,FALSE,FALSE
comm_780,9.069335278,3.0504614665246166,11,3,1.940198064563132,1.9401980645631312,FALSE,FALSE
comm_781,9.821779062055295,3.0504614665246166,9,4,7.500709984361587,7.500709984361587,FALSE,FALSE
comm_782,9.735146355190066,3.0504614665246166,8,5,5.230591436731243,5.230591436731243,FALSE,FALSE
comm_783,9.323252851433102,3.0504614665246166,9,3,5.533327768449081,5.533327768449082,FALSE,FALSE
comm_784,9.622741361662484,3.0504614665246166,8,5,5.2243729237727194,5.224372923772719,FALSE,FALSE
comm_785,12.075258441748971,3.0504614665246166,10,4,4.220413154,4.220413153897191,FALSE,FALSE
comm_786,10.080594090420586,3.0504614665246166,8,4,5.774255175358847,5.774255175358847,FALSE,FALSE
comm_787,9.068984845315043,3.0504614665246166,11,3,2.3497527126722577,2.3497527126722573,FALSE,FALSE
comm_788,10.058481495439246,3.0504614665246166,11,5,4.894627365017358,4.894627365017358,FALSE,FALSE
comm_789,9.483151741900851,3.0504614665246166,11,4,3.490322758458179,3.4903227584581784,FALSE,FALSE
comm_790,10.134036706064444,3.0504614665246166,9,4,3.331472763957689,3.331472763957689,FALSE,FALSE
comm_791,9.165511557975169,3.0504614665246166,9,4,5.209324591664977,5.209324591664977,FALSE,FALSE
comm_792,11.585313661389156,3.0504614665246166,12,3,3.4204258199367645,3.420425819936764,FALSE,FALSE
comm_793,9.772761151894905,3.0504614665246166,9,3,4.424210039416115,4.424210039416115,FALSE,FALSE
comm_794,9.651353024,3.0504614665246166,11,4,4.667922829476581,4.6679228294765815,FALSE,FALSE
comm_795,9.340836485150817,3.0504614665246166,12,4,3.3319618919594136,3.3319618919594136,FALSE,FALSE
comm_796,10.884967652799306,3.0504614665246166,9,6,6.3940034339447225,6.394003433944722,FALSE,FALSE
comm_797,11.77272552703724,3.0504614665246166,8,5,7.932785304698864,7.932785304698864,FALSE,FALSE
comm_798,13.513944379552555,3.0504614665246166,9,3,2.6121366047531787,2.6121366047531787,FALSE,FALSE
comm_799,8.153774913773821,3.0504614665246166,9,2,1.333546631462672,1.3335466314626718,FALSE,FALSE
comm_800,8.836072803974288,3.0504614665246166,8,3,3.9345829274854207,3.9345829274854207,FALSE,FALSE
comm_801,8.967073206076114,3.0504614665246166,10,4,12.93905043851224,12.939050438512242,FALSE,FALSE
comm_802,10.314521990956736,3.0504614665246166,11,5,8.003732230518924,8.003732230518924,FALSE,FALSE
comm_803,9.213401002820593,3.0504614665246166,8,1,1.7651633274065404,1.7651633274065408,FALSE,FALSE
comm_804,10.814594261853712,3.0504614665246166,9,4,4.061250234068154,4.0612502340681536,FALSE,FALSE
comm_805,9.641630114970942,3.0504614665246166,11,5,5.715048464651184,5.715048464651184,FALSE,FALSE
comm_806,9.912288100615267,3.0504614665246166,12,5,8.044861676644123,8.044861676644123,FALSE,FALSE
comm_807,10.296765183853012,3.0504614665246166,10,3,2.4633982473674343,2.4633982473674343,FALSE,FALSE
comm_808,11.87541074,3.0504614665246166,12,3,1.6342483473375884,1.6342483473375884,FALSE,FALSE
comm_809,14.585331648625148,3.0504614665246166,10,4,2.206417963639037,2.206417963639037,FALSE,FALSE
comm_810,10.171360441197866,3.0504614665246166,12,4,4.446226282563751,4.446226282563751,FALSE,FALSE
comm_811,9.719969342061816,3.0504614665246166,10,5,6.029645361613215,6.029645361613216,FALSE,FALSE
comm_812,12.729229378106163,3.0504614665246166,9,4,1.1871039769217888,1.1871039769217886,FALSE,FALSE
comm_813,10.187137551167288,3.0504614665246166,12,5,7.378888947845542,7.378888947845542,FALSE,FALSE
comm_814,9.799606982254453,3.0504614665246166,9,3,3.023982738837053,3.023982738837052,FALSE,FALSE
comm_815,12.04105364950674,3.0504614665246166,11,4,2.2370476792669853,2.2370476792669853,FALSE,FALSE
comm_816,12.264738151078388,3.0504614665246166,12,5,2.637276833743278,2.6372768337432775,FALSE,FALSE
comm_817,9.281870837,3.0504614665246166,10,5,7.783498598562742,7.783498598562742,FALSE,FALSE
comm_818,11.482671625026146,3.0504614665246166,10,4,2.0464068958113284,2.0464068958113284,FALSE,FALSE
comm_819,9.874216224946233,3.0504614665246166,10,4,3.5648877780140733,3.564887778014073,FALSE,FALSE
comm_820,9.293679282529355,3.0504614665246166,8,4,4.886196929304328,4.886196929304328,FALSE,FALSE
comm_821,10.461452602423224,3.0504614665246166,9,5,3.255938785402555,3.255938785402555,FALSE,FALSE
comm_822,10.984206893173852,3.0504614665246166,9,3,5.120953793216113,5.120953793216112,FALSE,FALSE
comm_823,8.555736274,3.0504614665246166,9,5,3.7193527253530503,3.7193527253530503,FALSE,FALSE
comm_824,11.842182997394447,3.0504614665246166,9,4,1.590366954634476,1.5903669546344756,FALSE,FALSE
comm_825,10.209354830189074,3.0504614665246166,10,3,2.534655461385084,2.534655461385084,FALSE,FALSE
comm_826,10.713224280535968,3.0504614665246166,11,4,1.7224531260707718,1.7224531260707718,FALSE,FALSE
comm_827,9.694885132339104,3.0504614665246166,10,4,5.200985579892783,5.200985579892783,FALSE,FALSE
comm_828,10.602016711474423,3.0504614665246166,10,6,8.648719078320855,8.648719078320855,FALSE,FALSE
comm_829,10.48082504857043,3.0504614665246166,11,3,3.343296741408883,3.3432967414088828,FALSE,FALSE
comm_830,8.562004833050656,3.0504614665246166,9,4,4.049281819922318,4.049281819922318,FALSE,FALSE
comm_831,10.024427059200606,3.0504614665246166,12,7,3.796440668725355,3.796440668725355,FALSE,FALSE
comm_832,10.320065991322016,3.0504614665246166,8,4,3.9984392527070622,3.9984392527070622,FALSE,FALSE
comm_833,10.25142929431814,3.0504614665246166,10,3,7.175937908989831,7.175937909,FALSE,FALSE
comm_834,11.236659286715692,3.0504614665246166,8,0,0,0,FALSE,FALSE
comm_835,10.017409484264457,3.0504614665246166,12,6,8.946302312,8.946302312,FALSE,FALSE
comm_836,9.773292197039227,3.0504614665246166,8,4,5.656498884,5.6564988840825885,FALSE,FALSE
comm_837,10.093660264830431,3.0504614665246166,9,2,1.1393828925396348,1.1393828925396348,FALSE,FALSE
comm_838,9.944865543092824,3.0504614665246166,11,5,3.211236689789257,3.2112366897892572,FALSE,FALSE
comm_839,9.731217226,3.0504614665246166,11,4,1.5227186717132244,1.5227186717132244,FALSE,FALSE
comm_840,12.517339901011562,3.0504614665246166,9,3,2.471031099736814,2.4710310997368143,FALSE,FALSE
comm_841,10.183742622571012,3.0504614665246166,11,5,7.574828835620605,7.574828835620604,FALSE,FALSE
comm_842,10.602401403168134,3.0504614665246166,9,2,0.5069016529058384,0.5069016529058383,FALSE,FALSE
comm_843,9.752940603367946,3.0504614665246166,8,4,5.077271615,5.077271615,FALSE,FALSE
comm_844,10.41203908041162,3.0504614665246166,12,4,3.169176275398291,3.169176275398291,FALSE,FALSE
comm_845,9.045626557457398,3.0504614665246166,8,4,7.819344233085534,7.819344233085535,FALSE,FALSE
comm_846,9.879915844641578,3.0504614665246166,12,6,5.248211259620672,5.248211259620672,FALSE,FALSE
comm_847,8.750413035086135,3.0504614665246166,12,6,3.913552248604853,3.913552248604853,FALSE,FALSE
comm_848,12.661621437847218,3.0504614665246166,9,3,2.811803729,2.8118037287988296,FALSE,FALSE
comm_849,9.77889001,3.0504614665246166,8,2,1.7173579856671746,1.717357985667174,FALSE,FALSE
comm_850,11.245732443839415,3.0504614665246166,10,3,3.895946439846152,3.895946439846152,FALSE,FALSE
comm_851,9.867268089,3.0504614665246166,10,5,6.510726535029491,6.510726535,FALSE,FALSE
comm_852,10.69243705385111,3.0504614665246166,9,6,5.47613749,5.476137489819959,FALSE,FALSE
comm_853,12.214693922920858,3.0504614665246166,9,5,4.857112180571627,4.857112180571628,FALSE,FALSE
comm_854,10.599435610026337,3.0504614665246166,8,3,2.0985297828576623,2.098529782857663,FALSE,FALSE
comm_855,9.296994237194856,3.0504614665246166,10,6,4.999209928299815,4.999209928299814,FALSE,FALSE
comm_856,9.149915903687363,3.0504614665246166,11,4,2.8056000766260816,2.805600076626081,FALSE,FALSE
comm_857,11.53337273513698,3.0504614665246166,10,3,2.704789800328621,2.7047898003286206,FALSE,FALSE
comm_858,13.098822798617904,3.0504614665246166,11,7,5.718725369232933,5.718725369232934,FALSE,FALSE
comm_859,9.888834965,3.0504614665246166,8,3,3.715149834422694,3.715149834422694,FALSE,FALSE
comm_860,9.804551231824366,3.0504614665246166,8,5,4.9807642285602665,4.980764228560266,FALSE,FALSE
comm_861,10.448873619949632,3.0504614665246166,8,2,4.243852053167016,4.243852053167017,FALSE,FALSE
comm_862,8.869684339713043,3.0504614665246166,12,6,9.215869064399232,9.215869064399234,FALSE,FALSE
comm_863,9.265978056741252,3.0504614665246166,11,5,4.895248451,4.8952484513281105,FALSE,FALSE
comm_865,9.466020058347246,3.0504614665246166,8,3,4.603622146614235,4.603622146614236,FALSE,FALSE
comm_866,11.151127108848923,3.0504614665246166,8,2,5.724046545179488,5.724046545179488,FALSE,FALSE
comm_867,9.737374746,3.0504614665246166,10,4,3.1611037677395433,3.1611037677395433,FALSE,FALSE
comm_868,10.863616819849709,3.0504614665246166,12,3,2.6355459980712177,2.635545998071218,FALSE,FALSE
comm_869,8.337082912792454,3.0504614665246166,11,5,6.190520955229362,6.1905209552293625,FALSE,FALSE
comm_870,10.095558049462056,3.0504614665246166,9,5,5.539281469618735,5.539281469618735,FALSE,FALSE
comm_871,10.014252304490425,3.0504614665246166,12,4,7.975957607981432,7.975957607981432,FALSE,FALSE
comm_872,8.641221481978342,3.0504614665246166,10,4,4.3996874923568905,4.3996874923568905,FALSE,FALSE
comm_873,9.990817632137546,3.0504614665246166,12,6,4.944422255711674,4.944422255711674,FALSE,FALSE
comm_874,8.879610538837536,3.0504614665246166,9,4,5.232350128935024,5.232350128935023,FALSE,FALSE
comm_875,9.665578543917198,3.0504614665246166,12,3,2.459887689842808,2.459887689842808,FALSE,FALSE
comm_876,9.717663511952065,3.0504614665246166,8,3,3.9145076838042367,3.9145076838042376,FALSE,FALSE
comm_877,10.128599443737093,3.0504614665246166,11,5,9.559020605096633,9.559020605096633,FALSE,FALSE
comm_878,8.748885411792127,3.0504614665246166,10,5,4.089443142930077,4.089443142930076,FALSE,FALSE
comm_879,9.034119463297234,3.0504614665246166,8,0,0,0,FALSE,FALSE
comm_880,9.047745254590373,3.0504614665246166,10,5,7.248375269179956,7.248375269179956,FALSE,FALSE
comm_881,10.070790550818474,3.0504614665246166,11,3,8.543697602735014,8.543697602735016,FALSE,FALSE
comm_882,9.501671956,3.0504614665246166,12,5,9.818601158481064,9.818601158481064,FALSE,FALSE
comm_883,10.19913610372702,3.0504614665246166,11,5,3.358635453241873,3.358635453241873,FALSE,FALSE
comm_884,9.966257173,3.0504614665246166,12,5,9.539384242,9.539384241522123,FALSE,FALSE
comm_885,8.861639972423529,3.0504614665246166,12,5,5.024407672548267,5.024407672548267,FALSE,FALSE
comm_886,9.144647974651216,3.0504614665246166,8,5,7.758326773702697,7.758326773702696,FALSE,FALSE
comm_887,14.477622781461925,3.0504614665246166,8,5,3.468265699509681,3.468265699509681,FALSE,FALSE
comm_888,11.43036841643419,3.0504614665246166,11,2,3.041634315161099,3.0416343151610987,FALSE,FALSE
comm_889,11.147681066769346,3.0504614665246166,12,6,6.382057324736582,6.382057324736582,FALSE,FALSE
comm_890,10.167274908221502,3.0504614665246166,11,4,5.725357485830969,5.725357485830969,FALSE,FALSE
comm_891,11.27355017378219,3.0504614665246166,10,4,1.9243560405174456,1.9243560405174451,FALSE,FALSE
comm_892,10.297607530745337,3.0504614665246166,10,2,0.8637448734401432,0.8637448734401431,FALSE,FALSE
comm_893,10.15326170371115,3.0504614665246166,9,4,3.5716497163326335,3.571649716332634,FALSE,FALSE
comm_894,9.7312735,3.0504614665246166,12,6,5.74240231,5.742402309636611,FALSE,FALSE
comm_895,10.183002003213415,3.0504614665246166,9,4,5.166193135663632,5.166193135663632,FALSE,FALSE
comm_896,9.634060466,3.0504614665246166,8,4,6.865638501897168,6.865638501897169,FALSE,FALSE
comm_897,9.641323084151043,3.0504614665246166,12,5,1.7324593743731105,1.7324593743731105,FALSE,FALSE
comm_898,9.910218303505436,3.0504614665246166,8,3,4.045087574457284,4.045087574457284,FALSE,FALSE
comm_899,10.358690221591573,3.0504614665246166,9,3,2.6721610145264636,2.6721610145264636,FALSE,FALSE
comm_900,10.11055299097699,3.0504614665246166,10,4,6.804427271789308,6.804427271789307,FALSE,FALSE
comm_901,10.045849179683511,3.0504614665246166,8,2,3.2164487649143716,3.216448764914372,FALSE,FALSE
comm_902,10.024892174719309,3.0504614665246166,9,4,3.240176216970031,3.240176216970031,FALSE,FALSE
comm_903,10.86388331948801,3.0504614665246166,11,4,6.369697172238462,6.369697172238463,FALSE,FALSE
comm_904,9.620013635226746,3.0504614665246166,11,4,1.575652433,1.575652433,FALSE,FALSE
comm_905,9.315234711658556,3.0504614665246166,10,4,7.120090675,7.120090675,FALSE,FALSE
comm_906,9.452389609561562,3.0504614665246166,9,4,3.9117927345328782,3.9117927345328782,FALSE,FALSE
comm_907,10.76250812562222,3.0504614665246166,12,5,4.638886199182549,4.638886199182548,FALSE,FALSE
comm_908,10.00967686000724,3.0504614665246166,10,6,4.979040931768651,4.979040931768651,FALSE,FALSE
comm_909,10.717660900786946,3.0504614665246166,9,1,0.099277413,0.099277413,FALSE,FALSE
comm_910,9.659383739983308,3.0504614665246166,12,3,3.6342830395833774,3.634283039583377,FALSE,FALSE
comm_911,9.728958812979045,3.0504614665246166,9,3,4.371841065507894,4.371841065507894,FALSE,FALSE
comm_912,9.385210654057875,3.0504614665246166,12,5,4.705950971182634,4.705950971182634,FALSE,FALSE
comm_913,9.579023168,3.0504614665246166,9,4,6.679282157563674,6.679282157563675,FALSE,FALSE
comm_914,9.499912569137647,3.0504614665246166,8,3,2.4713243852128395,2.4713243852128395,FALSE,FALSE
comm_915,11.775909323399883,3.0504614665246166,10,4,2.025806069697424,2.025806069697424,FALSE,FALSE
comm_916,9.295096652,3.0504614665246166,12,4,4.691659191567371,4.691659191567371,FALSE,FALSE
comm_917,10.007155770164236,3.0504614665246166,11,7,5.324005694472811,5.324005694472811,FALSE,FALSE
comm_918,9.554496189237652,3.0504614665246166,11,4,2.736559856750837,2.7365598567508376,FALSE,FALSE
comm_919,8.717420524650183,3.0504614665246166,10,5,8.737339539945832,8.737339539945832,FALSE,FALSE
comm_920,9.062162240195738,3.0504614665246166,12,4,5.977696358740155,5.977696358740156,FALSE,FALSE
comm_921,8.773516043481283,3.0504614665246166,11,4,5.369228313033258,5.369228313033258,FALSE,FALSE
comm_922,10.35102645,3.0504614665246166,10,3,1.8236601826843304,1.8236601826843304,FALSE,FALSE
comm_923,9.431913357040614,3.0504614665246166,10,3,1.8283563387803023,1.828356338780302,FALSE,FALSE
comm_924,10.883462827864284,3.0504614665246166,9,4,2.05403472,2.05403472,FALSE,FALSE
comm_925,9.515708974080209,3.0504614665246166,12,4,5.134161749987731,5.134161749987731,FALSE,FALSE
comm_926,11.135731846259157,3.0504614665246166,8,7,6.572606249009386,6.572606249009387,FALSE,FALSE
comm_927,9.267413680572767,3.0504614665246166,11,4,2.5103212103612145,2.5103212103612145,FALSE,FALSE
comm_928,11.346746417729218,3.0504614665246166,12,5,4.072628567,4.072628567373509,FALSE,FALSE
comm_929,10.770128917711672,3.0504614665246166,12,3,2.344355254048877,2.344355254048877,FALSE,FALSE
comm_930,9.234409417854428,3.0504614665246166,8,2,3.105464081,3.105464081117051,FALSE,FALSE
comm_931,8.808393992677775,3.0504614665246166,9,2,0.5858344648636241,0.5858344648636242,FALSE,FALSE
comm_932,10.476761643527423,3.0504614665246166,12,6,4.696457129581437,4.696457129581437,FALSE,FALSE
comm_933,8.787931917750866,3.0504614665246166,10,5,9.428188593290404,9.428188593290406,FALSE,FALSE
comm_934,10.023908834502452,3.0504614665246166,10,4,4.909909053874708,4.909909053874708,FALSE,FALSE
comm_935,11.160096970150969,3.0504614665246166,9,4,5.554894325667011,5.554894326,FALSE,FALSE
comm_936,9.364897753,3.0504614665246166,10,5,8.672500293,8.672500293201002,FALSE,FALSE
comm_937,11.02411105789094,3.0504614665246166,12,2,2.8560294626584093,2.856029463,FALSE,FALSE
comm_938,10.427644090926217,3.0504614665246166,11,7,8.615412102097856,8.615412102097856,FALSE,FALSE
comm_939,9.385017164662406,3.0504614665246166,10,3,4.588520462987989,4.588520463,FALSE,FALSE
comm_940,9.398613040285763,3.0504614665246166,11,5,5.119612973541747,5.119612973541746,FALSE,FALSE
comm_941,10.375101709804031,3.0504614665246166,8,2,0.8154693567479339,0.815469357,FALSE,FALSE
comm_942,12.045942968546925,3.0504614665246166,9,4,4.389522821,4.389522821376519,FALSE,FALSE
comm_943,9.706102372123816,3.0504614665246166,10,6,7.490653504028192,7.490653504028192,FALSE,FALSE
comm_944,9.714597269889284,3.0504614665246166,8,3,6.113475084439598,6.113475084439598,FALSE,FALSE
comm_945,10.225846454463138,3.0504614665246166,11,3,3.0294814891913044,3.029481489191304,FALSE,FALSE
comm_946,10.841072358482425,3.0504614665246166,9,4,7.549422743952878,7.549422743952877,FALSE,FALSE
comm_947,9.835895204754411,3.0504614665246166,10,4,2.4942418613390895,2.4942418613390895,FALSE,FALSE
comm_948,9.435439957970098,3.0504614665246166,11,3,2.9571644032363418,2.9571644032363413,FALSE,FALSE
comm_949,9.945385827642513,3.0504614665246166,12,6,8.056587817511055,8.056587817511055,FALSE,FALSE
comm_950,11.945368721323756,3.0504614665246166,9,4,5.150835892521776,5.150835892521777,FALSE,FALSE
comm_951,10.83749782814598,3.0504614665246166,8,5,7.135758950999709,7.135758951,FALSE,FALSE
comm_952,10.301505307623511,3.0504614665246166,11,4,2.2497743777043175,2.249774377704318,FALSE,FALSE
comm_953,12.249588627906776,3.0504614665246166,8,3,2.840193231203881,2.840193231203881,FALSE,FALSE
comm_954,10.143773764362171,3.0504614665246166,11,4,3.8454879915338966,3.845487991533897,FALSE,FALSE
comm_955,10.523703701870431,3.0504614665246166,8,3,1.922919424674157,1.9229194246741568,FALSE,FALSE
comm_956,9.277574114,3.0504614665246166,12,4,7.216149407664579,7.216149407664579,FALSE,FALSE
comm_957,10.932144302164268,3.0504614665246166,11,4,3.7143485104800376,3.714348510480037,FALSE,FALSE
comm_958,10.303079700368764,3.0504614665246166,9,4,2.6211154464005832,2.621115446400583,FALSE,FALSE
comm_959,12.21308011344761,3.0504614665246166,9,5,5.1121593504857765,5.112159350485777,FALSE,FALSE
comm_960,11.376475395447294,3.0504614665246166,9,4,2.3792425150973493,2.379242515097349,FALSE,FALSE
comm_961,9.724465460360904,3.0504614665246166,10,1,1.0377814905067213,1.037781490506721,FALSE,FALSE
comm_962,10.66719534391198,3.0504614665246166,8,3,1.9764317871434816,1.9764317871434816,FALSE,FALSE
comm_963,9.529243939272176,3.0504614665246166,11,4,5.023228024348775,5.023228024348775,FALSE,FALSE
comm_964,8.418408738,3.0504614665246166,11,4,4.603441188656294,4.603441188656295,FALSE,FALSE
comm_965,8.299039928908451,3.0504614665246166,8,2,2.499776751035389,2.4997767510353897,FALSE,FALSE
comm_966,10.439241025561715,3.0504614665246166,9,1,2.4867620145567533,2.4867620145567533,FALSE,FALSE
comm_967,9.717356634,3.0504614665246166,8,5,4.5281160542378736,4.528116054237875,FALSE,FALSE
comm_968,9.559808942478668,3.0504614665246166,9,4,3.5431314556868325,3.543131455686833,FALSE,FALSE
comm_969,9.196833540753738,3.0504614665246166,12,4,3.0471347926111223,3.0471347926111223,FALSE,FALSE
comm_970,10.343477243474082,3.0504614665246166,8,3,2.3945184730422087,2.3945184730422087,FALSE,FALSE
comm_971,8.670441512,3.0504614665246166,10,6,8.398889582,8.398889581937732,FALSE,FALSE
comm_972,9.723090681733437,3.0504614665246166,9,2,3.4718168641176437,3.4718168641176423,FALSE,FALSE
comm_973,10.433948093594896,3.0504614665246166,8,5,6.315678238226587,6.315678238226587,FALSE,FALSE
comm_974,9.438671659265976,3.0504614665246166,10,6,7.756142688649082,7.756142688649082,FALSE,FALSE
comm_975,10.80044263109678,3.0504614665246166,8,3,2.928507572454905,2.928507572454905,FALSE,FALSE
comm_976,8.896791411903587,3.0504614665246166,9,3,3.6332081379519874,3.633208137951988,FALSE,FALSE
comm_977,10.189642050977644,3.0504614665246166,12,2,0.8657517966451724,0.8657517966451724,FALSE,FALSE
comm_978,11.336585915572956,3.0504614665246166,8,2,0.7966769849018067,0.7966769849018067,FALSE,FALSE
comm_979,8.577701012251346,3.0504614665246166,10,3,6.316802030492253,6.316802030492252,FALSE,FALSE
comm_980,10.074442831704756,3.0504614665246166,10,5,3.891842512648075,3.891842512648075,FALSE,FALSE
comm_981,9.296659399339893,3.0504614665246166,9,6,5.686176832790743,5.686176832790743,FALSE,FALSE
comm_982,9.086182300822102,3.0504614665246166,9,2,2.110578781,2.110578781,FALSE,FALSE
comm_983,10.15386178392505,3.0504614665246166,11,1,1.1916896546031248,1.1916896546031244,FALSE,FALSE
comm_984,9.554127235118363,3.0504614665246166,9,2,0.9245820081249528,0.9245820081249528,FALSE,FALSE
comm_985,10.900317692116063,3.0504614665246166,9,3,2.4087157090512226,2.4087157090512226,FALSE,FALSE
comm_986,9.390860923898115,3.0504614665246166,11,3,0.8800042179022509,0.8800042179022509,FALSE,FALSE
comm_987,10.225352288396191,3.0504614665246166,10,3,4.373768146,4.373768146,FALSE,FALSE
comm_988,10.488550923211813,3.0504614665246166,11,4,3.586370761490099,3.5863707614900995,FALSE,FALSE
comm_989,10.745740245732105,3.0504614665246166,9,3,2.604961506795963,2.6049615067959633,FALSE,FALSE
comm_990,9.905782387,3.0504614665246166,12,3,2.7341262708671543,2.7341262708671548,FALSE,FALSE
comm_991,10.391407562394024,3.0504614665246166,12,6,3.9595348309266662,3.959534830926666,FALSE,FALSE
comm_992,9.284371730487308,3.0504614665246166,12,5,3.844039901212412,3.844039901212412,FALSE,FALSE
comm_993,9.946206825464287,3.0504614665246166,10,4,4.071535304595384,4.0715353045953835,FALSE,FALSE
comm_994,8.700462531892253,3.0504614665246166,10,3,4.315535888486759,4.3155358884867585,FALSE,FALSE
comm_995,10.364480187864109,3.0504614665246166,9,5,4.241459858,4.241459858,FALSE,FALSE
comm_996,9.456835839004084,3.0504614665246166,10,3,5.100611156715377,5.100611156715378,FALSE,FALSE
comm_997,9.947133653136786,3.0504614665246166,12,5,6.959654066016459,6.959654066,FALSE,FALSE
comm_998,11.61196254279181,3.0504614665246166,8,2,1.0538696914425048,1.0538696914425048,FALSE,FALSE
comm_999,9.018650119,3.0504614665246166,9,5,3.906845500122898,3.906845500122899,FALSE,FALSE
comm_1000,10.99546901423736,3.0504614665246166,8,5,6.431213769155141,6.431213769155141,FALSE,FALSE
comm_1001,9.891266511450247,3.0504614665246166,12,5,5.2040798294642485,5.2040798294642485,FALSE,FALSE
comm_1002,9.878761705999622,3.0504614665246166,12,6,11.24316574167049,11.243165741670486,FALSE,FALSE
comm_1003,9.248528735778637,3.0504614665246166,10,1,0.1443497889172988,0.1443497889172988,FALSE,FALSE
comm_1004,9.900569875077982,3.0504614665246166,12,8,6.161356583539017,6.1613565835390185,FALSE,FALSE
comm_1005,10.615713589009374,3.0504614665246166,12,5,4.417091616988895,4.417091616988894,FALSE,FALSE
comm_1006,8.550311240420143,3.0504614665246166,11,6,9.581275989804876,9.581275989804876,FALSE,FALSE
comm_1007,8.858935146403564,3.0504614665246166,11,5,6.490357537719854,6.490357537719854,FALSE,FALSE
comm_1008,10.245781560856331,3.0504614665246166,11,5,4.411097022538944,4.411097022538944,FALSE,FALSE
comm_1009,9.868823422443755,3.0504614665246166,8,2,0.9818731378491335,0.9818731378491338,FALSE,FALSE
comm_1010,9.41336111,3.0504614665246166,8,4,5.401690119848856,5.4016901198488565,FALSE,FALSE
comm_1011,9.166031911120118,3.0504614665246166,9,3,6.294123455005863,6.294123455005863,FALSE,FALSE
comm_1012,9.893833321396844,3.0504614665246166,8,4,3.9569142622228406,3.956914262222841,FALSE,FALSE
comm_1013,10.65266283,3.0504614665246166,12,5,2.919919193341565,2.919919193341565,FALSE,FALSE
comm_1014,11.120548415430722,3.0504614665246166,10,5,4.905546423888152,4.905546423888152,FALSE,FALSE
comm_1015,10.589801903343057,3.0504614665246166,9,4,2.9160299935678715,2.9160299935678715,FALSE,FALSE
comm_1016,11.935498678630038,3.0504614665246166,11,5,3.4390012728538215,3.439001272853821,FALSE,FALSE
comm_1017,10.57151572824694,3.0504614665246166,12,4,5.241243680220567,5.241243680220566,FALSE,FALSE
comm_1018,12.170886950814849,3.0504614665246166,8,5,5.393950701899561,5.393950702,FALSE,FALSE
comm_1019,11.022238636714969,3.0504614665246166,12,4,1.8371925226691563,1.8371925226691568,FALSE,FALSE
comm_1020,8.650503829496536,3.0504614665246166,12,5,2.8588676695392756,2.8588676695392756,FALSE,FALSE
comm_1021,9.986016433502016,3.0504614665246166,12,5,3.8129314624653015,3.8129314624653015,FALSE,FALSE
comm_1022,9.935111958,3.0504614665246166,12,4,3.3282128269974782,3.328212826997478,FALSE,FALSE
comm_1023,9.523657025,3.0504614665246166,10,5,7.449639438534122,7.449639438534123,FALSE,FALSE
comm_1024,9.164063023,3.0504614665246166,11,6,7.166303706749903,7.166303706749904,FALSE,FALSE
comm_1025,9.999402736796904,3.0504614665246166,10,3,2.111841446,2.1118414461644903,FALSE,FALSE
comm_1026,9.500875585388645,3.0504614665246166,10,5,6.689645999012024,6.689645999012024,FALSE,FALSE
comm_1027,11.165702216924243,3.0504614665246166,8,2,3.274242986366308,3.2742429863663083,FALSE,FALSE
comm_1028,14.190607463288083,3.0504614665246166,8,5,3.353634276528106,3.353634276528106,FALSE,FALSE
comm_1029,9.565667892924724,3.0504614665246166,9,4,5.961384510886458,5.961384510886459,FALSE,FALSE
comm_1030,10.904232409396313,3.0504614665246166,9,2,1.0494054260544043,1.0494054260544046,FALSE,FALSE
comm_1031,8.721304624,3.0504614665246166,11,7,7.801226264626241,7.801226264626241,FALSE,FALSE
comm_1032,10.495338652737162,3.0504614665246166,9,5,9.355823048,9.355823048,FALSE,FALSE
comm_1033,9.186925405,3.0504614665246166,10,6,8.701651269315446,8.701651269315445,FALSE,FALSE
comm_1034,9.313278331936017,3.0504614665246166,8,4,5.846105346081837,5.846105346081837,FALSE,FALSE
comm_1035,9.145875652751805,3.0504614665246166,12,4,2.867188309340051,2.8671883093400505,FALSE,FALSE
comm_1036,11.640558256710982,3.0504614665246166,9,5,3.587315574252989,3.5873155742529885,FALSE,FALSE
comm_1037,9.234335653868404,3.0504614665246166,11,4,5.267553721,5.267553720766171,FALSE,FALSE
comm_1038,15.67023433310577,3.0504614665246166,8,3,2.8754020558721196,2.8754020558721196,FALSE,FALSE
comm_1039,10.74712180946747,3.0504614665246166,10,5,5.251964250340558,5.251964250340558,FALSE,FALSE
comm_1040,9.840435419337092,3.0504614665246166,9,2,0.6007414425224719,0.6007414425224717,FALSE,FALSE
comm_1041,9.341414729865702,3.0504614665246166,11,6,4.951007626753704,4.951007626753704,FALSE,FALSE
comm_1042,12.991535912932264,3.0504614665246166,8,2,3.316665741550595,3.316665741550595,FALSE,FALSE
comm_1043,9.75296129,3.0504614665246166,11,6,10.140041990158428,10.140041990158428,FALSE,FALSE
comm_1044,10.31116098,3.0504614665246166,11,2,2.130264443825437,2.1302644438254363,FALSE,FALSE
comm_1045,11.17513909,3.0504614665246166,9,4,7.246882468915243,7.246882468915242,FALSE,FALSE
comm_1046,10.483682251259822,3.0504614665246166,10,3,1.5007862094750994,1.5007862094750994,FALSE,FALSE
comm_1047,9.953874555011607,3.0504614665246166,8,5,5.678578983976431,5.678578983976431,FALSE,FALSE
comm_1048,13.745969331680586,3.0504614665246166,12,5,3.416903609293189,3.4169036092931897,FALSE,FALSE
comm_1049,11.193361511741582,3.0504614665246166,8,3,2.3379378209354744,2.3379378209354744,FALSE,FALSE
comm_1050,9.601496971696491,3.0504614665246166,11,4,4.442080465909253,4.442080465909253,FALSE,FALSE
comm_1051,10.669445586439878,3.0504614665246166,8,3,2.9958326465535565,2.9958326465535565,FALSE,FALSE
comm_1052,11.246707075907256,3.0504614665246166,11,7,7.525723222399466,7.525723222399466,FALSE,FALSE
comm_1053,12.298847947020883,3.0504614665246166,12,7,3.431018381753326,3.431018381753326,FALSE,FALSE
comm_1054,9.398350973090004,3.0504614665246166,10,4,7.8116222008335985,7.8116222008335985,FALSE,FALSE
comm_1055,12.456830188384496,3.0504614665246166,12,5,2.8467310243624313,2.8467310243624313,FALSE,FALSE
comm_1056,9.646955162930078,3.0504614665246166,12,4,6.087077722461013,6.087077722461013,FALSE,FALSE
comm_1057,13.420150614927808,3.0504614665246166,11,4,1.6790238611360553,1.6790238611360553,FALSE,FALSE
comm_1058,9.859140973,3.0504614665246166,12,5,4.923349725576844,4.923349725576844,FALSE,FALSE
comm_1059,10.26609598036841,3.0504614665246166,9,5,5.863819845490708,5.863819845490709,FALSE,FALSE
comm_1060,10.055250432561175,3.0504614665246166,9,2,1.113979825,1.113979825,FALSE,FALSE
comm_1061,9.20157305,3.0504614665246166,10,6,5.729464714994753,5.729464714994754,FALSE,FALSE
comm_1062,8.646365309,3.0504614665246166,8,3,3.6968212369925135,3.696821236992514,FALSE,FALSE
comm_1063,9.719870501160758,3.0504614665246166,11,5,3.546487788943158,3.5464877889431574,FALSE,FALSE
comm_1064,9.935191473855978,3.0504614665246166,10,2,1.1678707049131556,1.1678707049131556,FALSE,FALSE
comm_1065,9.193566960691088,3.0504614665246166,10,5,3.4508048872649546,3.4508048872649546,FALSE,FALSE
comm_1066,9.774694354681982,3.0504614665246166,12,5,6.252033300969694,6.252033300969693,FALSE,FALSE
comm_1067,10.41658338431236,3.0504614665246166,8,5,7.7790609435335725,7.779060943533573,FALSE,FALSE
comm_1068,10.493420672879669,3.0504614665246166,9,2,1.061827083,1.061827083,FALSE,FALSE
comm_1069,10.82370074167582,3.0504614665246166,11,2,1.652631042525187,1.6526310425251878,FALSE,FALSE
comm_1070,11.68389933002218,3.0504614665246166,9,4,4.144976807107409,4.144976807,FALSE,FALSE
comm_1071,9.653509745488746,3.0504614665246166,11,6,6.119942353087188,6.119942353087189,FALSE,FALSE
comm_1072,12.05488431127804,3.0504614665246166,12,5,2.311316977284621,2.311316977284621,FALSE,FALSE
comm_1073,11.92089604229406,3.0504614665246166,8,3,1.8656859639260792,1.8656859639260792,FALSE,FALSE
comm_1074,9.989228526463377,3.0504614665246166,9,4,4.231500772042703,4.231500772042704,FALSE,FALSE
comm_1075,10.352023108284664,3.0504614665246166,9,3,4.159144868072526,4.159144868072526,FALSE,FALSE
comm_1076,9.931622704250843,3.0504614665246166,12,5,2.3974026078175887,2.397402607817589,FALSE,FALSE
comm_1077,10.539575079254956,3.0504614665246166,11,4,2.094211704381524,2.094211704381524,FALSE,FALSE
comm_1078,9.388573828257147,3.0504614665246166,8,5,6.560056341108925,6.560056341108925,FALSE,FALSE
comm_1079,10.688602446510274,3.0504614665246166,8,3,3.872669093986183,3.8726690939861825,FALSE,FALSE
comm_1080,10.93048304306538,3.0504614665246166,9,2,3.406067302410392,3.4060673024103907,FALSE,FALSE
comm_1081,10.533702067953064,3.0504614665246166,11,4,3.513605127985534,3.513605127985534,FALSE,FALSE
comm_1082,10.249655642585171,3.0504614665246166,9,4,1.939495076591527,1.9394950765915275,FALSE,FALSE
comm_1083,10.257807167058964,3.0504614665246166,9,3,1.3705791745812228,1.3705791745812232,FALSE,FALSE
comm_1084,10.996524824432653,3.0504614665246166,9,5,6.582767606736814,6.582767606736816,FALSE,FALSE
comm_1085,9.583701275190284,3.0504614665246166,12,4,3.933906478515968,3.933906478515968,FALSE,FALSE
comm_1086,10.040765868523437,3.0504614665246166,9,4,3.707331608830217,3.7073316088302177,FALSE,FALSE
comm_1087,10.616641387831132,3.0504614665246166,11,5,5.691473894,5.691473894200361,FALSE,FALSE
comm_1088,12.374366579176025,3.0504614665246166,8,5,5.917648567412254,5.917648567412255,FALSE,FALSE
comm_1089,9.844184122660828,3.0504614665246166,10,3,2.007796077374853,2.0077960773748527,FALSE,FALSE
comm_1090,10.386342918586902,3.0504614665246166,11,4,5.430416888377611,5.430416888377611,FALSE,FALSE
comm_1091,9.373061124885073,3.0504614665246166,10,2,3.900372940007367,3.900372940007367,FALSE,FALSE
comm_1092,10.704717276717084,3.0504614665246166,9,4,5.841602567578831,5.841602567578832,FALSE,FALSE
comm_1093,9.487330227807815,3.0504614665246166,10,3,3.6756087905091706,3.675608791,FALSE,FALSE
comm_1094,11.020860668380656,3.0504614665246166,9,3,3.3784508024864763,3.378450802486477,FALSE,FALSE
comm_1095,9.898164783,3.0504614665246166,9,4,3.137713718624207,3.1377137186242066,FALSE,FALSE
comm_1096,8.889581469555699,3.0504614665246166,8,2,3.7266082669237823,3.726608266923782,FALSE,FALSE
comm_1097,9.735598105515518,3.0504614665246166,11,5,4.694525638521274,4.694525638521274,FALSE,FALSE
comm_1098,9.894515516056725,3.0504614665246166,11,4,3.452945785385397,3.4529457853853973,FALSE,FALSE
comm_1099,9.270439345496674,3.0504614665246166,8,4,5.882937703761385,5.882937703761386,FALSE,FALSE
comm_1100,9.201158701069682,3.0504614665246166,9,3,2.3147344542501584,2.3147344542501584,FALSE,FALSE
comm_1101,9.760279241960385,3.0504614665246166,11,5,4.6732899027238926,4.6732899027238926,FALSE,FALSE
comm_1102,8.468219728498859,3.0504614665246166,12,5,6.557340501944859,6.557340502,FALSE,FALSE
comm_1103,10.688676064059498,3.0504614665246166,10,6,7.691062313013547,7.691062313013546,FALSE,FALSE
comm_1104,9.147600903197596,3.0504614665246166,11,2,2.240406966331428,2.240406966331428,FALSE,FALSE
comm_1105,9.777859435,3.0504614665246166,10,5,3.2216564511738075,3.221656451173808,FALSE,FALSE
comm_1106,12.690761215233032,3.0504614665246166,10,6,5.562534524708166,5.562534524708166,FALSE,FALSE
comm_1107,9.839626181,3.0504614665246166,8,1,1.3381477225077918,1.338147722507792,FALSE,FALSE
comm_1108,9.293470936,3.0504614665246166,11,7,10.01553293877377,10.015532938773772,FALSE,FALSE
comm_1109,9.822313622377107,3.0504614665246166,11,4,5.691926890169208,5.691926890169208,FALSE,FALSE
comm_1110,11.282173829998994,3.0504614665246166,8,4,2.7901007454157623,2.7901007454157623,FALSE,FALSE
comm_1111,10.233636199173544,3.0504614665246166,10,6,3.931143711121752,3.931143711121752,FALSE,FALSE
comm_1112,11.747954066064542,3.0504614665246166,12,1,0.4004181675965526,0.4004181675965526,FALSE,FALSE
comm_1113,9.446683773835405,3.0504614665246166,11,3,4.595508765410336,4.595508765410337,FALSE,FALSE
comm_1114,11.178154531900663,3.0504614665246166,10,5,4.8281065730340105,4.828106573,FALSE,FALSE
comm_1115,10.32849986727836,3.0504614665246166,12,4,5.784680610202942,5.784680610202944,FALSE,FALSE
comm_1116,9.344246445639673,3.0504614665246166,11,4,9.874181513752497,9.874181513752497,FALSE,FALSE
comm_1117,10.661308250533452,3.0504614665246166,10,5,7.272597115954433,7.272597115954434,FALSE,FALSE
comm_1118,10.614213618075686,3.0504614665246166,12,5,5.989358420939089,5.989358421,FALSE,FALSE
comm_1119,9.886825769584306,3.0504614665246166,8,4,5.220209611,5.220209610994201,FALSE,FALSE
comm_1120,9.494678521495118,3.0504614665246166,12,5,4.167304837157062,4.167304837157062,FALSE,FALSE
comm_1121,9.995082492697003,3.0504614665246166,9,4,5.856756454281772,5.856756454281772,FALSE,FALSE
comm_1122,8.247871685,3.0504614665246166,9,3,8.634474336917803,8.634474336917803,FALSE,FALSE
comm_1123,9.546232979258868,3.0504614665246166,12,4,3.419812169253577,3.419812169253577,FALSE,FALSE
comm_1124,11.158589053751625,3.0504614665246166,11,5,1.362178994923379,1.362178994923379,FALSE,FALSE
comm_1125,10.18473684952708,3.0504614665246166,10,5,4.391712256245509,4.391712256245509,FALSE,FALSE
comm_1126,9.160258034914625,3.0504614665246166,11,5,6.3375734041100245,6.337573404110024,FALSE,FALSE
comm_1127,9.390416655,3.0504614665246166,10,3,1.517587689034528,1.517587689034528,FALSE,FALSE
comm_1128,10.105912235473465,3.0504614665246166,8,3,4.728189499875908,4.728189499875909,FALSE,FALSE
comm_1129,9.57060007,3.0504614665246166,11,5,5.868110012098236,5.868110012098235,FALSE,FALSE
comm_1130,9.624479461745084,3.0504614665246166,11,3,1.008554449060531,1.008554449060531,FALSE,FALSE
comm_1131,8.909388674364596,3.0504614665246166,10,3,3.2021113671061747,3.2021113671061743,FALSE,FALSE
comm_1132,9.68401763,3.0504614665246166,11,4,3.960022462015533,3.960022462015533,FALSE,FALSE
comm_1133,9.277735463124026,3.0504614665246166,11,5,5.908917233529991,5.908917233529989,FALSE,FALSE
comm_1134,10.621504388115593,3.0504614665246166,12,7,7.082114194425584,7.082114194425585,FALSE,FALSE
comm_1135,10.58540463036422,3.0504614665246166,12,5,8.056943044461239,8.056943044461239,FALSE,FALSE
comm_1136,11.870609841280569,3.0504614665246166,9,3,1.056045715957468,1.056045715957468,FALSE,FALSE
comm_1137,8.945315865,3.0504614665246166,12,4,4.992464905306104,4.992464905306103,FALSE,FALSE
comm_1138,9.813682642,3.0504614665246166,12,3,5.816441643644488,5.816441644,FALSE,FALSE
comm_1139,10.07971553336472,3.0504614665246166,12,3,2.1192335196657632,2.119233519665763,FALSE,FALSE
comm_1140,9.152292838520609,3.0504614665246166,8,4,6.017090273366752,6.017090273366751,FALSE,FALSE
comm_1141,11.567290656074364,3.0504614665246166,8,2,3.494741331499242,3.4947413314992413,FALSE,FALSE
comm_1142,8.938113578558143,3.0504614665246166,11,5,3.6002849587389356,3.600284958738934,FALSE,FALSE
comm_1143,9.499676701439236,3.0504614665246166,12,5,5.218958184054511,5.218958184,FALSE,FALSE
comm_1144,9.368140299217895,3.0504614665246166,10,3,2.360151439444003,2.360151439444002,FALSE,FALSE
comm_1145,11.205930868210167,3.0504614665246166,12,4,3.744708372293123,3.744708372293123,FALSE,FALSE
comm_1146,9.100794702092246,3.0504614665246166,10,3,5.847447548477122,5.847447548477121,FALSE,FALSE
comm_1147,9.194172157344877,3.0504614665246166,10,4,7.043532047123041,7.043532047123041,FALSE,FALSE
comm_1148,10.70772660816598,3.0504614665246166,12,4,1.7117341433608395,1.7117341433608395,FALSE,FALSE
comm_1149,9.747665261468764,3.0504614665246166,8,3,4.591279824687297,4.591279824687297,FALSE,FALSE
comm_1150,9.616304104671286,3.0504614665246166,12,5,4.928997397513319,4.928997397513318,FALSE,FALSE
comm_1151,10.013493259757986,3.0504614665246166,11,4,2.410239474600713,2.4102394746007123,FALSE,FALSE
comm_1152,10.716142514909455,3.0504614665246166,11,4,4.243472244662318,4.2434722446623185,FALSE,FALSE
comm_1153,9.535372609,3.0504614665246166,9,1,1.2942710611084414,1.2942710611084414,FALSE,FALSE
comm_1154,9.992443393,3.0504614665246166,11,4,6.833278721972864,6.833278721972865,FALSE,FALSE
comm_1155,11.482730540860317,3.0504614665246166,9,3,2.518972061589287,2.518972061589287,FALSE,FALSE
comm_1156,9.499474787661963,3.0504614665246166,9,3,3.530442026290858,3.5304420262908582,FALSE,FALSE
comm_1157,10.434058709647204,3.0504614665246166,10,4,7.183905796074464,7.1839057960744634,FALSE,FALSE
comm_1158,9.675108132036334,3.0504614665246166,10,4,4.604021566143175,4.604021566143175,FALSE,FALSE
comm_1159,10.163138931903156,3.0504614665246166,12,5,7.288989265555907,7.288989265555905,FALSE,FALSE
comm_1160,10.188833311545464,3.0504614665246166,11,4,3.9239177566492462,3.9239177566492462,FALSE,FALSE
comm_1161,9.44968005,3.0504614665246166,8,1,1.6010274114603709,1.6010274114603706,FALSE,FALSE
comm_1162,9.041503884,3.0504614665246166,10,3,4.047122165,4.047122165,FALSE,FALSE
comm_1163,10.402600192008236,3.0504614665246166,12,5,3.594237379,3.594237379,FALSE,FALSE
comm_1164,10.675618572936862,3.0504614665246166,8,4,6.997600805801829,6.997600805801829,FALSE,FALSE
comm_1165,11.13962846699614,3.0504614665246166,11,5,3.912800048192427,3.9128000481924263,FALSE,FALSE
comm_1166,10.646409832192472,3.0504614665246166,12,4,3.4154567236840334,3.415456723684033,FALSE,FALSE
comm_1167,12.50284972145159,3.0504614665246166,11,7,4.088028901743419,4.088028901743419,FALSE,FALSE
comm_1168,10.829557078774986,3.0504614665246166,9,3,2.4683216752191743,2.468321675219174,FALSE,FALSE
comm_1169,9.814391533297927,3.0504614665246166,9,4,3.778202594048836,3.7782025940488353,FALSE,FALSE
comm_1170,9.230675802,3.0504614665246166,10,3,2.5475448704223966,2.5475448704223966,FALSE,FALSE
comm_1171,8.834392313297169,3.0504614665246166,12,6,7.646514726760293,7.646514726760294,FALSE,FALSE
comm_1172,9.892648741575735,3.0504614665246166,8,3,3.749212147313825,3.749212147313825,FALSE,FALSE
comm_1173,10.696167292467994,3.0504614665246166,10,4,3.192653545524452,3.1926535455244514,FALSE,FALSE
comm_1174,9.203597347,3.0504614665246166,9,4,5.766705769654503,5.766705769654503,FALSE,FALSE
comm_1175,10.173431898767507,3.0504614665246166,10,3,2.1213663051141705,2.1213663051141705,FALSE,FALSE
comm_1176,11.724078184426505,3.0504614665246166,11,4,3.0088391013422062,3.008839101342206,FALSE,FALSE
comm_1177,10.938301322984328,3.0504614665246166,11,4,2.9906259831068143,2.990625983106814,FALSE,FALSE
comm_1178,10.855621124153297,3.0504614665246166,10,5,3.434575129410343,3.434575129410343,FALSE,FALSE
comm_1179,12.855646098199207,3.0504614665246166,8,2,1.6750158213574111,1.675015821357411,FALSE,FALSE
comm_1180,10.156067160206993,3.0504614665246166,12,4,3.1534381749181257,3.1534381749181253,FALSE,FALSE
comm_1181,9.654777907724364,3.0504614665246166,12,7,6.436295806645914,6.436295806645912,FALSE,FALSE
comm_1182,11.443545385130616,3.0504614665246166,12,6,2.489429374777002,2.4894293747770027,FALSE,FALSE
comm_1183,11.299540123098572,3.0504614665246166,9,4,5.103999193114751,5.103999193114752,FALSE,FALSE
comm_1184,10.41827267873902,3.0504614665246166,8,3,3.643704011,3.643704011,FALSE,FALSE
comm_1185,10.369305847032816,3.0504614665246166,12,5,4.354369615911437,4.354369615911436,FALSE,FALSE
comm_1186,9.785143706303217,3.0504614665246166,9,4,6.712527238526182,6.712527238526182,FALSE,FALSE
comm_1187,9.421994895303737,3.0504614665246166,10,3,2.836176080580667,2.8361760805806675,FALSE,FALSE
comm_1188,9.288200517,3.0504614665246166,10,6,8.809582914145002,8.809582914,FALSE,FALSE
comm_1189,9.313734992031826,3.0504614665246166,12,3,3.466078239997356,3.466078239997356,FALSE,FALSE
comm_1190,10.725811894575848,3.0504614665246166,11,2,3.741863760338357,3.741863760338357,FALSE,FALSE
comm_1191,11.71510715,3.0504614665246166,9,4,4.091793836570655,4.091793836570655,FALSE,FALSE
comm_1192,9.241326915,3.0504614665246166,10,3,1.3804978505741712,1.3804978505741712,FALSE,FALSE
comm_1193,11.829918866716746,3.0504614665246166,8,3,5.052656742,5.052656742,FALSE,FALSE
comm_1194,9.417441907433965,3.0504614665246166,11,3,4.998995435178737,4.9989954351787365,FALSE,FALSE
comm_1195,10.793983791309175,3.0504614665246166,9,3,2.008873930531895,2.008873930531895,FALSE,FALSE
comm_1196,9.921457761133375,3.0504614665246166,11,3,4.940843012608285,4.940843012608286,FALSE,FALSE
comm_1197,11.212186264601913,3.0504614665246166,12,3,0.3328358144525006,0.3328358144525006,FALSE,FALSE
comm_1198,11.17563908056809,3.0504614665246166,8,4,7.285530526214003,7.2855305262140035,FALSE,FALSE
comm_1199,8.488163272441561,3.0504614665246166,12,2,3.8621937691988735,3.862193769198874,FALSE,FALSE
comm_1200,10.364314643643048,3.0504614665246166,12,5,3.1763886084308295,3.176388608,FALSE,FALSE
comm_1201,10.475343954458417,3.0504614665246166,8,3,4.191479836851474,4.191479836851473,FALSE,FALSE
comm_1202,11.146046213413724,3.0504614665246166,10,4,3.635964160912144,3.635964160912144,FALSE,FALSE
comm_1203,9.613325468,3.0504614665246166,8,4,3.632438986076804,3.632438986076804,FALSE,FALSE
comm_1204,10.749742412703146,3.0504614665246166,10,4,4.651701718439691,4.651701718439691,FALSE,FALSE
comm_1205,9.226991054050677,3.0504614665246166,11,4,4.815172461,4.815172461039849,FALSE,FALSE
comm_1206,10.887535260870497,3.0504614665246166,12,6,4.734454842697477,4.734454842697477,FALSE,FALSE
comm_1207,10.31916629,3.0504614665246166,12,5,6.0614216050032095,6.061421605,FALSE,FALSE
comm_1208,8.837560518017101,3.0504614665246166,11,3,4.451842044663048,4.451842044663048,FALSE,FALSE
comm_1209,9.838254303109611,3.0504614665246166,12,5,4.1375415054759435,4.1375415054759435,FALSE,FALSE
comm_1210,9.673871883536211,3.0504614665246166,9,3,7.436494903415989,7.436494903415987,FALSE,FALSE
comm_1211,10.469010972120014,3.0504614665246166,10,3,2.6087623152643795,2.6087623152643795,FALSE,FALSE
comm_1212,8.916245700248346,3.0504614665246166,12,6,7.921313314437396,7.921313314437395,FALSE,FALSE
comm_1213,10.446661952761072,3.0504614665246166,10,4,3.8907140489625407,3.890714049,FALSE,FALSE
comm_1214,11.18152893970036,3.0504614665246166,8,4,2.787641287557533,2.787641287557533,FALSE,FALSE
comm_1215,11.112270229841217,3.0504614665246166,8,3,2.9980855554494146,2.9980855554494146,FALSE,FALSE
comm_1216,9.206419862520749,3.0504614665246166,10,3,5.030886827921835,5.030886827921836,FALSE,FALSE
comm_1217,8.550128653467718,3.0504614665246166,12,6,8.094580011503894,8.094580011503894,FALSE,FALSE
comm_1218,11.065074362989536,3.0504614665246166,8,2,1.5404014435192497,1.540401443519249,FALSE,FALSE
comm_1219,9.990137043366488,3.0504614665246166,12,7,7.773160193722703,7.773160193722703,FALSE,FALSE
comm_1220,10.013420296745943,3.0504614665246166,9,2,1.1679787466078957,1.167978746607896,FALSE,FALSE
comm_1221,10.521533092033444,3.0504614665246166,11,3,1.9939659445048317,1.993965944504832,FALSE,FALSE
comm_1222,11.12525738180003,3.0504614665246166,9,5,7.144013083950632,7.144013083950632,FALSE,FALSE
comm_1223,9.702729160794975,3.0504614665246166,9,5,4.646520537578092,4.646520537578091,FALSE,FALSE
comm_1224,10.405613962891024,3.0504614665246166,12,4,3.4814419095987157,3.4814419095987157,FALSE,FALSE
comm_1225,9.143549120380705,3.0504614665246166,11,4,3.161755456558307,3.1617554565583075,FALSE,FALSE
comm_1226,12.061303085155656,3.0504614665246166,10,4,3.249564965026917,3.2495649650269165,FALSE,FALSE
comm_1227,10.537077950774949,3.0504614665246166,8,2,1.967620158785951,1.9676201587859512,FALSE,FALSE
comm_1228,10.695982467576044,3.0504614665246166,11,5,3.2546076708688725,3.254607670868871,FALSE,FALSE
comm_1229,9.094135650858547,3.0504614665246166,12,6,4.476832421614416,4.476832421614417,FALSE,FALSE
comm_1230,10.589673973472951,3.0504614665246166,10,4,2.9417863660723116,2.9417863660723116,FALSE,FALSE
comm_1231,11.81667692794231,3.0504614665246166,11,3,1.6296815823788415,1.6296815823788418,FALSE,FALSE
comm_1232,10.40552459199113,3.0504614665246166,9,5,5.944007105196291,5.944007105196292,FALSE,FALSE
comm_1233,9.499784667638917,3.0504614665246166,9,6,6.403601734896332,6.403601734896334,FALSE,FALSE
comm_1234,8.466429323928919,3.0504614665246166,11,5,5.300718042086272,5.300718042086273,FALSE,FALSE
comm_1235,9.730776868,3.0504614665246166,8,3,4.720486031362475,4.720486031362474,FALSE,FALSE
comm_1236,9.956437434,3.0504614665246166,12,4,3.304593889134822,3.3045938891348214,FALSE,FALSE
comm_1237,10.173415671074284,3.0504614665246166,9,4,6.1331364846064265,6.133136484606427,FALSE,FALSE
comm_1238,9.486571954682072,3.0504614665246166,8,2,4.782356804982164,4.782356804982164,FALSE,FALSE
comm_1239,9.088668251350128,3.0504614665246166,12,7,8.743504406495706,8.743504406495706,FALSE,FALSE
comm_1240,9.529697708391614,3.0504614665246166,10,6,8.837238076719203,8.837238076719201,FALSE,FALSE
comm_1241,9.560039777,3.0504614665246166,11,3,4.095991843638995,4.095991843638995,FALSE,FALSE
comm_1242,11.28054521021977,3.0504614665246166,8,3,1.5707279566162538,1.5707279566162538,FALSE,FALSE
comm_1243,9.055089891769972,3.0504614665246166,9,4,6.950054414161355,6.9500544141613565,FALSE,FALSE
comm_1244,9.969332143510355,3.0504614665246166,12,2,1.2520677110014908,1.2520677110014908,FALSE,FALSE
comm_1245,8.949405684234879,3.0504614665246166,9,3,4.866971983973665,4.866971983973666,FALSE,FALSE
comm_1246,9.551257204354084,3.0504614665246166,12,4,3.059680295284817,3.059680295284817,FALSE,FALSE
comm_1247,8.957666070172499,3.0504614665246166,10,5,10.092162468028228,10.09216246802823,FALSE,FALSE
comm_1248,10.05680107,3.0504614665246166,12,5,4.706264943635103,4.706264943635103,FALSE,FALSE
comm_1249,10.88068191790635,3.0504614665246166,12,6,3.481776501,3.4817765010188206,FALSE,FALSE
comm_1250,8.845482888241543,3.0504614665246166,11,5,4.955677268249197,4.955677268249197,FALSE,FALSE
comm_1251,9.146242619081557,3.0504614665246166,11,5,6.677853101744448,6.677853101744448,FALSE,FALSE
comm_1252,11.496660887002548,3.0504614665246166,9,3,6.951811384557615,6.951811384557617,FALSE,FALSE
comm_1253,10.166923695650333,3.0504614665246166,10,4,6.569643678701604,6.569643678701604,FALSE,FALSE
comm_1254,9.249950838685148,3.0504614665246166,11,3,3.956956489016053,3.956956489016053,FALSE,FALSE
comm_1255,9.598231112292217,3.0504614665246166,10,3,1.5026419805838074,1.5026419805838076,FALSE,FALSE
comm_1256,10.99531908100902,3.0504614665246166,11,4,1.696989460383026,1.6969894603830262,FALSE,FALSE
comm_1257,10.424775204754052,3.0504614665246166,9,4,2.9597035738406494,2.959703574,FALSE,FALSE
comm_1258,10.14164957572612,3.0504614665246166,12,5,2.1577620613517334,2.157762061351733,FALSE,FALSE
comm_1259,9.332972322108755,3.0504614665246166,9,2,3.0509143106679377,3.0509143106679373,FALSE,FALSE
comm_1260,10.09268646383216,3.0504614665246166,10,4,13.77393347896809,13.77393347896809,FALSE,FALSE
comm_1261,9.729961232,3.0504614665246166,9,6,7.863307812754781,7.863307812754781,FALSE,FALSE
comm_1262,12.03266255858538,3.0504614665246166,11,5,3.689367809364657,3.689367809364657,FALSE,FALSE
comm_1263,9.744815798277044,3.0504614665246166,8,2,0.7150332473487939,0.7150332473487939,FALSE,FALSE
comm_1264,10.496814560430522,3.0504614665246166,9,2,1.096032896041288,1.096032896041288,FALSE,FALSE
comm_1265,8.795514759236315,3.0504614665246166,12,5,9.909340082996064,9.909340082996064,FALSE,FALSE
comm_1266,10.241104669818132,3.0504614665246166,9,4,6.4683814239837645,6.468381423983767,FALSE,FALSE
comm_1267,9.335420840794942,3.0504614665246166,12,7,7.600396845110653,7.6003968451106525,FALSE,FALSE
comm_1268,10.195442566620184,3.0504614665246166,8,2,1.661038694126482,1.6610386941264823,FALSE,FALSE
comm_1269,10.73949834,3.0504614665246166,11,3,2.3650825090466485,2.3650825090466485,FALSE,FALSE
comm_1270,8.763337583,3.0504614665246166,8,2,0.9178060135072093,0.9178060135072093,FALSE,FALSE
comm_1271,10.927514627999267,3.0504614665246166,9,2,2.0668490548841323,2.066849054884132,FALSE,FALSE
comm_1272,9.501283142139112,3.0504614665246166,12,6,13.116342176881044,13.116342176881044,FALSE,FALSE
comm_1273,10.172795233133629,3.0504614665246166,12,3,2.257027477860218,2.257027477860218,FALSE,FALSE
comm_1274,8.644073697513013,3.0504614665246166,10,5,8.225575081930936,8.225575081930934,FALSE,FALSE
comm_1275,9.181430472936126,3.0504614665246166,11,5,9.008028622902811,9.008028622902811,FALSE,FALSE
comm_1276,10.142962485090074,3.0504614665246166,10,5,2.347247856157678,2.3472478561576784,FALSE,FALSE
comm_1277,12.971895806273128,3.0504614665246166,8,0,0,0,FALSE,FALSE
comm_1278,10.983423405322313,3.0504614665246166,11,4,3.325218085929838,3.3252180859298384,FALSE,FALSE
comm_1279,9.15509322,3.0504614665246166,12,3,3.497751382302952,3.497751382302952,FALSE,FALSE
comm_1280,9.157037521,3.0504614665246166,9,3,6.389587741239903,6.389587741239903,FALSE,FALSE
comm_1281,10.779406021664297,3.0504614665246166,9,4,3.223565073,3.223565073,FALSE,FALSE
comm_1282,10.424882996513306,3.0504614665246166,12,6,5.1755279538848304,5.175527954,FALSE,FALSE
comm_1283,10.338288848988704,3.0504614665246166,12,4,3.3399443110341247,3.3399443110341247,FALSE,FALSE
comm_1284,11.393572650437466,3.0504614665246166,9,3,1.080590273423649,1.0805902734236488,FALSE,FALSE
comm_1285,9.201003337586808,3.0504614665246166,12,3,0.8694626928836835,0.8694626928836835,FALSE,FALSE
comm_1286,10.20618002622844,3.0504614665246166,11,4,7.216369866860128,7.216369866860127,FALSE,FALSE
comm_1287,10.19798342468809,3.0504614665246166,12,5,4.173274463,4.173274463,FALSE,FALSE
comm_1288,9.163878043519524,3.0504614665246166,12,4,7.617508154111805,7.617508154111804,FALSE,FALSE
comm_1289,10.155501113837028,3.0504614665246166,10,4,5.863269147946093,5.863269147946093,FALSE,FALSE
comm_1290,9.711975427921306,3.0504614665246166,12,5,6.932850568512672,6.932850568512672,FALSE,FALSE
comm_1291,10.608983976208378,3.0504614665246166,11,5,8.627478297262183,8.627478297262183,FALSE,FALSE
comm_1292,10.59479724,3.0504614665246166,11,6,5.594739368301832,5.594739368301832,FALSE,FALSE
comm_1293,12.034041657531294,3.0504614665246166,10,6,2.021760349647523,2.021760349647523,FALSE,FALSE
comm_1294,11.854629975547626,3.0504614665246166,9,0,0,0,FALSE,FALSE
comm_1295,10.965656885701463,3.0504614665246166,10,2,2.8382438422688945,2.8382438422688945,FALSE,FALSE
comm_1296,10.767873736869998,3.0504614665246166,11,5,4.333394855358606,4.333394855358606,FALSE,FALSE
comm_1297,10.231714826147398,3.0504614665246166,8,2,1.973176701156359,1.9731767011563588,FALSE,FALSE
comm_1298,9.052061258975648,3.0504614665246166,8,2,2.884605510279549,2.88460551,FALSE,FALSE
comm_1299,10.79049022100346,3.0504614665246166,10,5,2.664225192,2.664225192,FALSE,FALSE
comm_1300,11.314097303116936,3.0504614665246166,10,4,5.245779559885226,5.245779559885227,FALSE,FALSE
comm_1301,12.34261726,3.0504614665246166,11,4,3.3102290476709806,3.3102290476709806,FALSE,FALSE
comm_1302,9.474273651923166,3.0504614665246166,12,5,6.079269814557562,6.079269814557563,FALSE,FALSE
comm_1303,13.444527914778975,3.0504614665246166,8,3,3.324243313101483,3.324243313101483,FALSE,FALSE
comm_1304,9.586432258535757,3.0504614665246166,9,6,6.866385249664458,6.866385249664459,FALSE,FALSE
comm_1305,8.398098614582619,3.0504614665246166,12,6,13.6162139,13.6162139,FALSE,FALSE
comm_1306,10.299450615333688,3.0504614665246166,12,7,5.529631371963363,5.5296313719633625,FALSE,FALSE
comm_1307,14.646307745778929,3.0504614665246166,9,1,0.7938778475400604,0.7938778475400603,FALSE,FALSE
comm_1308,10.722998902958787,3.0504614665246166,12,5,4.833751130624972,4.8337511306249725,FALSE,FALSE
comm_1309,10.106702946559974,3.0504614665246166,11,7,5.881154085694662,5.881154085694662,FALSE,FALSE
comm_1310,10.18899538,3.0504614665246166,10,5,6.018765456579888,6.018765456579888,FALSE,FALSE
comm_1311,11.559100405710756,3.0504614665246166,11,4,3.037665502906203,3.0376655029062034,FALSE,FALSE
comm_1312,10.96665675584268,3.0504614665246166,12,6,3.0199625348191748,3.0199625348191748,FALSE,FALSE
comm_1313,8.433028342,3.0504614665246166,12,6,6.9350179803966885,6.9350179803966885,FALSE,FALSE
comm_1314,10.094848168947692,3.0504614665246166,12,4,9.167975370065797,9.167975370065797,FALSE,FALSE
comm_1315,8.965004259060434,3.0504614665246166,8,3,3.2337900483982915,3.2337900483982924,FALSE,FALSE
comm_1316,11.196916813491686,3.0504614665246166,10,4,5.425347406645813,5.425347406645813,FALSE,FALSE
comm_1317,12.103330133450427,3.0504614665246166,9,2,4.894351960715418,4.894351960715417,FALSE,FALSE
comm_1318,11.004191761334596,3.0504614665246166,9,2,4.859402773267752,4.859402773267753,FALSE,FALSE
comm_1319,10.300863304873552,3.0504614665246166,9,5,4.731583884643441,4.731583884643441,FALSE,FALSE
comm_1320,10.523651848797392,3.0504614665246166,12,3,1.6813159165192288,1.6813159165192286,FALSE,FALSE
comm_1321,10.398400972580852,3.0504614665246166,9,4,4.735431718654798,4.735431718654798,FALSE,FALSE
comm_1322,9.922258612812811,3.0504614665246166,11,4,3.937571857765868,3.937571857765868,FALSE,FALSE
comm_1323,9.915924784604131,3.0504614665246166,11,5,5.759385754368539,5.759385754,FALSE,FALSE
comm_1324,10.718496538320508,3.0504614665246166,10,5,2.4066623466294637,2.406662346629463,FALSE,FALSE
comm_1325,10.070214497671351,3.0504614665246166,10,5,7.389118598,7.389118598,FALSE,FALSE
comm_1326,11.835442206256255,3.0504614665246166,8,3,1.7398802457421008,1.739880245742101,FALSE,FALSE
comm_1327,10.487806233440264,3.0504614665246166,9,4,4.682182536344582,4.682182536344582,FALSE,FALSE
comm_1328,10.384674060074827,3.0504614665246166,11,2,1.340169321987413,1.3401693219874131,FALSE,FALSE
comm_1329,9.707169713890485,3.0504614665246166,10,5,6.482121893733696,6.482121893733697,FALSE,FALSE
comm_1330,10.08367549859899,3.0504614665246166,12,5,3.5983935279770236,3.5983935279770236,FALSE,FALSE
comm_1331,10.74102151532522,3.0504614665246166,11,4,0.9457647708063914,0.9457647708063912,FALSE,FALSE
comm_1332,10.809682193123736,3.0504614665246166,10,6,4.127794156329893,4.127794156329893,FALSE,FALSE
comm_1333,9.338004526724593,3.0504614665246166,10,4,7.210358491,7.210358490795399,FALSE,FALSE
comm_1334,9.973005715840644,3.0504614665246166,9,4,4.8655862743983205,4.865586274398321,FALSE,FALSE
comm_1335,8.734419380186106,3.0504614665246166,8,2,2.6636944059346397,2.6636944059346397,FALSE,FALSE
comm_1336,10.74735304080008,3.0504614665246166,12,5,3.4248535129255746,3.4248535129255746,FALSE,FALSE
comm_1337,11.21922442045732,3.0504614665246166,11,4,4.117096596520158,4.117096596520159,FALSE,FALSE
comm_1338,10.409714701516751,3.0504614665246166,11,1,1.0721005511556765,1.0721005511556765,FALSE,FALSE
comm_1339,10.900578218930198,3.0504614665246166,9,3,2.470023816385176,2.470023816385176,FALSE,FALSE
comm_1340,9.648523835,3.0504614665246166,8,3,1.150158656226275,1.150158656226275,FALSE,FALSE
comm_1341,10.333943238418875,3.0504614665246166,9,3,1.9587337355350336,1.9587337355350336,FALSE,FALSE
comm_1342,9.209346067,3.0504614665246166,11,3,2.3223098066641747,2.3223098066641747,FALSE,FALSE
comm_1343,9.569381490279524,3.0504614665246166,12,6,7.747463684701748,7.747463684701748,FALSE,FALSE
comm_1344,9.916674391,3.0504614665246166,11,6,4.822191024233212,4.822191024233211,FALSE,FALSE
comm_1345,10.048386264536225,3.0504614665246166,11,5,4.278810440336394,4.278810440336393,FALSE,FALSE
comm_1346,10.19069028568344,3.0504614665246166,12,8,7.925877767917127,7.925877767917127,FALSE,FALSE
comm_1347,8.991092659646938,3.0504614665246166,10,7,9.335993998010528,9.335993998010528,FALSE,FALSE
comm_1348,8.819655721,3.0504614665246166,9,3,2.714912119826221,2.714912119826221,FALSE,FALSE
comm_1349,9.430091017939686,3.0504614665246166,11,4,1.1676508857866426,1.167650885786642,FALSE,FALSE
comm_1350,9.821057419285063,3.0504614665246166,9,4,3.731983946622827,3.7319839466228273,FALSE,FALSE
comm_1351,9.582570483,3.0504614665246166,10,2,4.387860095280365,4.387860095280365,FALSE,FALSE
comm_1352,9.423865476,3.0504614665246166,9,5,3.145502354,3.1455023538086606,FALSE,FALSE
comm_1353,9.351708436556072,3.0504614665246166,9,5,5.777690603185992,5.777690603185991,FALSE,FALSE
comm_1354,9.220345506325526,3.0504614665246166,8,4,7.021032947825248,7.021032947825249,FALSE,FALSE
comm_1355,9.358631548303896,3.0504614665246166,11,5,6.371952079,6.371952078900851,FALSE,FALSE
comm_1356,10.026123267252704,3.0504614665246166,11,5,8.748222277735069,8.748222277735069,FALSE,FALSE
comm_1357,9.581536875,3.0504614665246166,10,5,9.194632817,9.194632817,FALSE,FALSE
comm_1358,10.524825048106797,3.0504614665246166,9,3,0.6642472228043225,0.6642472228043225,FALSE,FALSE
comm_1359,9.431563723257469,3.0504614665246166,10,3,3.676676803279328,3.676676803279328,FALSE,FALSE
comm_1360,8.829875150543547,3.0504614665246166,12,5,7.165660479594015,7.165660479594013,FALSE,FALSE
comm_1361,9.369333487,3.0504614665246166,11,5,3.990308555929331,3.990308555929331,FALSE,FALSE
comm_1362,9.678384043821886,3.0504614665246166,10,3,2.196744415489342,2.1967444154893423,FALSE,FALSE
comm_1363,10.907017508266122,3.0504614665246166,9,4,2.029715234605137,2.0297152346051366,FALSE,FALSE
comm_1364,10.608980194216045,3.0504614665246166,8,4,4.123680201489413,4.123680201489414,FALSE,FALSE
comm_1365,9.383481858560106,3.0504614665246166,11,3,3.2686849887257585,3.2686849887257585,FALSE,FALSE
comm_1366,10.91719192531949,3.0504614665246166,9,5,4.904055533885833,4.904055533885834,FALSE,FALSE
comm_1367,10.364261078276916,3.0504614665246166,12,5,2.339798382850103,2.3397983828501037,FALSE,FALSE
comm_1368,9.689633618725049,3.0504614665246166,10,3,1.462632375,1.4626323747645995,FALSE,FALSE
comm_1369,9.951934812,3.0504614665246166,9,4,4.0872551359589675,4.087255135958968,FALSE,FALSE
comm_1370,12.283068206946751,3.0504614665246166,8,5,6.601866618877781,6.601866618877781,FALSE,FALSE
comm_1371,9.822305973117397,3.0504614665246166,12,5,6.105741623558328,6.105741623558327,FALSE,FALSE
comm_1372,9.773513259,3.0504614665246166,12,2,1.2542193630244325,1.2542193630244325,FALSE,FALSE
comm_1373,10.338343572843788,3.0504614665246166,12,6,5.815727985718757,5.815727985718757,FALSE,FALSE
comm_1374,8.424577213,3.0504614665246166,11,5,6.924188661865372,6.924188661865371,FALSE,FALSE
comm_1375,10.662501028551498,3.0504614665246166,10,2,1.9810325921363576,1.9810325921363576,FALSE,FALSE
comm_1376,9.412649617667226,3.0504614665246166,11,4,2.2384338407392264,2.238433840739226,FALSE,FALSE
comm_1377,11.29170133451324,3.0504614665246166,10,3,3.951870080675363,3.951870080675363,FALSE,FALSE
comm_1378,9.800009064,3.0504614665246166,10,5,3.3049407689845767,3.3049407689845767,FALSE,FALSE
comm_1379,9.974817677,3.0504614665246166,8,2,3.712029561823957,3.712029561823957,FALSE,FALSE
comm_1380,10.19861527080896,3.0504614665246166,9,3,1.7355961999599028,1.7355961999599028,FALSE,FALSE
comm_1381,10.10589582,3.0504614665246166,9,4,3.9144540645726615,3.914454064572662,FALSE,FALSE
comm_1382,9.168694502474496,3.0504614665246166,12,4,2.3082961535829227,2.3082961535829227,FALSE,FALSE
comm_1383,10.39083890926346,3.0504614665246166,8,2,1.5121865507310588,1.512186550731059,FALSE,FALSE
comm_1384,10.12038948072467,3.0504614665246166,9,2,10.342661144979932,10.342661144979932,FALSE,FALSE
comm_1385,8.749276154781727,3.0504614665246166,10,4,3.9373881377083406,3.937388137708341,FALSE,FALSE
comm_1386,10.688795036486626,3.0504614665246166,9,3,3.241826682354291,3.241826682354291,FALSE,FALSE
comm_1387,9.143615023023008,3.0504614665246166,8,1,0.6600599608054729,0.660059961,FALSE,FALSE
comm_1388,9.463850076927546,3.0504614665246166,11,6,4.9657152113965015,4.965715211396503,FALSE,FALSE
comm_1389,9.322258883948583,3.0504614665246166,8,2,3.242187885443154,3.2421878854431534,FALSE,FALSE
comm_1390,12.162174545655178,3.0504614665246166,10,5,4.406052992409097,4.406052992409096,FALSE,FALSE
comm_1391,8.962988436079614,3.0504614665246166,11,4,3.0932417869470363,3.0932417869470368,FALSE,FALSE
comm_1392,10.576449097921662,3.0504614665246166,10,3,3.1853529107003817,3.1853529107003817,FALSE,FALSE
comm_1393,10.635741865911696,3.0504614665246166,10,4,2.6774706512319852,2.6774706512319857,FALSE,FALSE
comm_1394,10.966800958678752,3.0504614665246166,8,4,2.8440246996578686,2.844024699657869,FALSE,FALSE
comm_1395,9.966975828,3.0504614665246166,9,5,4.843214670857794,4.843214670857795,FALSE,FALSE
comm_1396,9.564629424595944,3.0504614665246166,12,5,4.958250448607847,4.958250448607847,FALSE,FALSE
comm_1397,8.368085714,3.0504614665246166,8,5,4.9303798106293595,4.930379810629359,FALSE,FALSE
comm_1398,9.969176971382844,3.0504614665246166,10,4,4.847250238448967,4.847250238448968,FALSE,FALSE
comm_1399,10.448061839767613,3.0504614665246166,8,4,2.8636869765223354,2.8636869765223354,FALSE,FALSE
comm_1400,9.198443410828062,3.0504614665246166,12,3,3.3799841315926793,3.379984132,FALSE,FALSE
comm_1401,9.920911966489694,3.0504614665246166,10,3,4.831882831234924,4.831882831234924,FALSE,FALSE
comm_1402,11.439827677075565,3.0504614665246166,11,5,3.7689232026336574,3.7689232026336574,FALSE,FALSE
comm_1403,8.912339816037237,3.0504614665246166,9,3,2.7163923694321337,2.716392369432134,FALSE,FALSE
comm_1404,10.005004559905316,3.0504614665246166,10,2,3.5270308315228736,3.527030831522873,FALSE,FALSE
comm_1405,9.912266893673776,3.0504614665246166,9,4,2.003178202558502,2.0031782025585025,FALSE,FALSE
comm_1406,9.393332952180474,3.0504614665246166,11,5,5.107429265135836,5.107429265135837,FALSE,FALSE
comm_1407,12.894572531376571,3.0504614665246166,9,4,4.0965040567841475,4.0965040567841475,FALSE,FALSE
comm_1408,9.744342270798905,3.0504614665246166,9,6,9.945515030159712,9.945515030159712,FALSE,FALSE
comm_1409,9.188255233,3.0504614665246166,10,4,5.807573473373363,5.807573473373363,FALSE,FALSE
comm_1410,9.994857549,3.0504614665246166,11,6,5.085345716217805,5.085345716217805,FALSE,FALSE
comm_1411,11.02838127,3.0504614665246166,12,3,0.6596693024035682,0.6596693024035681,FALSE,FALSE
comm_1412,9.519634700021983,3.0504614665246166,11,4,3.58390274,3.583902739858559,FALSE,FALSE
comm_1413,9.289402156600984,3.0504614665246166,8,5,9.665021771,9.665021771410707,FALSE,FALSE
comm_1414,10.092810237376126,3.0504614665246166,12,5,6.158910984608867,6.158910984608865,FALSE,FALSE
comm_1415,9.370466968695249,3.0504614665246166,11,6,3.7103369282510186,3.7103369282510186,FALSE,FALSE
comm_1416,9.868261799406032,3.0504614665246166,8,2,2.1123029777206477,2.1123029777206472,FALSE,FALSE
comm_1417,11.042245387284268,3.0504614665246166,9,3,3.4267389466473546,3.426738946647354,FALSE,FALSE
comm_1418,8.871067758442715,3.0504614665246166,10,7,12.21724436066774,12.217244360667742,FALSE,FALSE
comm_1419,11.40621125,3.0504614665246166,11,6,5.561524991562975,5.561524991562975,FALSE,FALSE
comm_1420,11.716495379498928,3.0504614665246166,9,2,2.6948973006995005,2.6948973006995005,FALSE,FALSE
comm_1421,10.76343449681278,3.0504614665246166,11,4,4.339529257403581,4.339529257403581,FALSE,FALSE
comm_1422,9.763049379277687,3.0504614665246166,8,3,2.426742672883176,2.426742672883176,FALSE,FALSE
comm_1423,10.83840676896929,3.0504614665246166,12,3,3.5116905560621987,3.511690556062199,FALSE,FALSE
comm_1424,10.077038945415962,3.0504614665246166,10,5,4.924344601088251,4.924344601088252,FALSE,FALSE
comm_1425,12.335399162559328,3.0504614665246166,8,4,3.4743113062303284,3.474311306230329,FALSE,FALSE
comm_1426,9.533818929761498,3.0504614665246166,12,6,7.567936938005729,7.567936938005729,FALSE,FALSE
comm_1427,9.063669489,3.0504614665246166,9,1,2.508904965868111,2.508904966,FALSE,FALSE
comm_1428,9.086749642624428,3.0504614665246166,11,4,4.399721404,4.399721403517719,FALSE,FALSE
comm_1429,10.282706435523805,3.0504614665246166,8,3,3.3890015411234944,3.389001541123494,FALSE,FALSE
comm_1430,11.670936305584402,3.0504614665246166,12,5,3.9927640652978416,3.992764065297841,FALSE,FALSE
comm_1431,12.42689766105945,3.0504614665246166,8,3,2.596616605856956,2.596616605856955,FALSE,FALSE
comm_1432,9.846165923380315,3.0504614665246166,9,6,8.059656385004036,8.059656385004036,FALSE,FALSE
comm_1433,11.939957952776936,3.0504614665246166,10,6,4.774339368035044,4.774339368035044,FALSE,FALSE
comm_1434,12.18286531,3.0504614665246166,12,6,3.2142782024234022,3.2142782024234027,FALSE,FALSE
comm_1435,10.42442580608786,3.0504614665246166,10,6,4.8027570434888975,4.802757043488897,FALSE,FALSE
comm_1436,9.437378365168982,3.0504614665246166,8,4,7.335753097111112,7.335753097111112,FALSE,FALSE
comm_1437,10.478212500682424,3.0504614665246166,10,3,3.780029789573772,3.780029789573773,FALSE,FALSE
comm_1438,12.057689373252986,3.0504614665246166,11,5,4.391380167269751,4.391380167,FALSE,FALSE
comm_1439,10.236960513556596,3.0504614665246166,10,5,9.229027526130505,9.229027526,FALSE,FALSE
comm_1440,11.39008487395444,3.0504614665246166,9,4,4.740322609,4.740322609154069,FALSE,FALSE
comm_1441,11.03910554508914,3.0504614665246166,11,7,6.773849462195072,6.773849462195072,FALSE,FALSE
comm_1442,9.454013830532688,3.0504614665246166,12,5,6.519170732947462,6.519170732947463,FALSE,FALSE
comm_1443,10.92068350508427,3.0504614665246166,9,3,4.205803760767824,4.205803760767824,FALSE,FALSE
comm_1444,13.07070177630222,3.0504614665246166,11,3,4.918216696381671,4.918216696,FALSE,FALSE
comm_1445,8.931729322,3.0504614665246166,12,4,5.713754514479909,5.713754514479909,FALSE,FALSE
comm_1446,9.645640123605691,3.0504614665246166,10,5,8.336458865716466,8.336458865716464,FALSE,FALSE
comm_1447,9.976062086169035,3.0504614665246166,12,4,6.290494504623809,6.290494505,FALSE,FALSE
comm_1448,10.192705390560276,3.0504614665246166,9,5,3.369621175124484,3.369621175124484,FALSE,FALSE
comm_1449,10.54799269073617,3.0504614665246166,10,4,4.379774876634816,4.379774876634816,FALSE,FALSE
comm_1450,9.767525044446964,3.0504614665246166,8,1,1.6140198891242217,1.6140198891242212,FALSE,FALSE
comm_1451,10.415916901561191,3.0504614665246166,8,6,7.984841698,7.9848416980659795,FALSE,FALSE
comm_1452,10.05237017615787,3.0504614665246166,8,4,4.795314220422056,4.795314220422057,FALSE,FALSE
comm_1453,8.592586171535391,3.0504614665246166,12,4,4.656089614173097,4.656089614173099,FALSE,FALSE
comm_1454,11.40724244204635,3.0504614665246166,12,6,6.585853806606928,6.585853806606929,FALSE,FALSE
comm_1455,11.477942174825069,3.0504614665246166,9,2,5.087652489504445,5.087652489504445,FALSE,FALSE
comm_1456,9.486422989,3.0504614665246166,8,5,7.747499828005218,7.747499828005218,FALSE,FALSE
comm_1457,9.208747192513872,3.0504614665246166,12,6,7.795247481018168,7.795247481018169,FALSE,FALSE
comm_1458,8.523070662765438,3.0504614665246166,9,3,1.729309254467868,1.729309254467868,FALSE,FALSE
comm_1459,9.968332171663802,3.0504614665246166,11,3,1.2209955899312663,1.220995589931266,FALSE,FALSE
comm_1460,11.576924682058417,3.0504614665246166,12,7,4.759637260942628,4.759637260942627,FALSE,FALSE
comm_1461,10.597709518003542,3.0504614665246166,10,5,6.174323342742413,6.174323342742415,FALSE,FALSE
comm_1462,10.55094498325021,3.0504614665246166,11,2,2.757265570366667,2.757265570366667,FALSE,FALSE
comm_1463,9.563513093,3.0504614665246166,10,2,9.952387912858493,9.952387912858493,FALSE,FALSE
comm_1464,9.626500365398122,3.0504614665246166,8,2,5.239057419339148,5.239057419339149,FALSE,FALSE
comm_1465,10.412679531086834,3.0504614665246166,10,5,10.42432876165912,10.42432876165912,FALSE,FALSE
comm_1466,9.510089574838664,3.0504614665246166,12,5,3.839194885472121,3.839194885472121,FALSE,FALSE
comm_1467,9.162374583993511,3.0504614665246166,11,5,6.818448046589633,6.818448046589632,FALSE,FALSE
comm_1468,10.112565759029838,3.0504614665246166,9,6,7.052871223,7.052871223239961,FALSE,FALSE
comm_1469,8.511839617,3.0504614665246166,11,4,5.546423847989573,5.546423847989572,FALSE,FALSE
comm_1470,10.309743930639865,3.0504614665246166,12,4,4.011784942789588,4.011784942789587,FALSE,FALSE
comm_1471,9.428040902005964,3.0504614665246166,10,5,4.492241487746091,4.492241487746091,FALSE,FALSE
comm_1472,11.496391099756073,3.0504614665246166,11,4,4.614637266990256,4.614637266990256,FALSE,FALSE
comm_1473,10.194646215596164,3.0504614665246166,9,2,2.095661519647904,2.0956615196479036,FALSE,FALSE
comm_1474,10.414910367004827,3.0504614665246166,10,7,8.052102758391147,8.052102758391145,FALSE,FALSE
comm_1475,9.233857956630894,3.0504614665246166,12,4,2.7912359003248377,2.7912359003248377,FALSE,FALSE
comm_1476,10.44714822550998,3.0504614665246166,11,6,9.971795729044224,9.971795729044224,FALSE,FALSE
comm_1477,9.058488723391774,3.0504614665246166,11,4,4.957406698580505,4.957406698580506,FALSE,FALSE
comm_1478,9.226149226,3.0504614665246166,11,4,4.260644197309206,4.2606441973092055,FALSE,FALSE
comm_1479,9.438768315,3.0504614665246166,9,2,2.490723818010629,2.4907238180106286,FALSE,FALSE
comm_1480,10.540205732177936,3.0504614665246166,12,5,4.834594522201098,4.8345945222010975,FALSE,FALSE
comm_1481,12.665318300128574,3.0504614665246166,10,2,1.0377847516756562,1.0377847516756564,FALSE,FALSE
comm_1482,10.241411781847676,3.0504614665246166,10,3,3.3102073498008138,3.3102073498008133,FALSE,FALSE
comm_1483,9.763195048838734,3.0504614665246166,9,3,3.746498792499781,3.7464987924997817,FALSE,FALSE
comm_1484,9.812865359760725,3.0504614665246166,8,2,5.601861053957078,5.601861053957078,FALSE,FALSE
comm_1485,8.975446853,3.0504614665246166,11,4,5.134264892699205,5.134264892699204,FALSE,FALSE
comm_1486,9.692180006478338,3.0504614665246166,10,3,4.560323844,4.560323844032981,FALSE,FALSE
comm_1487,9.239082922,3.0504614665246166,8,4,5.522188767886807,5.522188767886808,FALSE,FALSE
comm_1488,10.054277852631206,3.0504614665246166,8,4,5.0062977649430005,5.006297765,FALSE,FALSE
comm_1489,8.654567806101374,3.0504614665246166,11,5,5.4714835285570125,5.471483528557012,FALSE,FALSE
comm_1490,10.13108551224476,3.0504614665246166,9,5,2.622104230194793,2.6221042301947928,FALSE,FALSE
comm_1491,9.337125679154262,3.0504614665246166,12,6,5.471296808889487,5.471296808889487,FALSE,FALSE
comm_1492,10.223848169067448,3.0504614665246166,9,2,1.5959142657993548,1.5959142657993557,FALSE,FALSE
comm_1493,9.950852657648916,3.0504614665246166,9,4,3.6984635984733583,3.6984635984733583,FALSE,FALSE
comm_1494,10.353170603996375,3.0504614665246166,10,3,3.0507821250456795,3.050782125045679,FALSE,FALSE
comm_1495,10.559137121580957,3.0504614665246166,11,5,3.4250156096726245,3.4250156096726245,FALSE,FALSE
comm_1496,9.460953156270774,3.0504614665246166,12,3,1.5392636449789128,1.5392636449789123,FALSE,FALSE
comm_1497,11.18243194627953,3.0504614665246166,9,3,3.7360897855760578,3.736089785576057,FALSE,FALSE
comm_1498,9.294945627,3.0504614665246166,11,5,6.164873394471808,6.164873394471807,FALSE,FALSE
comm_1499,10.903660859612952,3.0504614665246166,10,3,2.6511530034394784,2.6511530034394784,FALSE,FALSE
comm_1500,8.834920840802091,3.0504614665246166,8,4,2.661196804,2.661196804,FALSE,FALSE
comm_1501,11.598063386688336,3.0504614665246166,11,5,3.315120064981501,3.315120064981501,FALSE,FALSE
comm_1502,9.533346554714663,3.0504614665246166,9,5,6.197703950348728,6.197703950348728,FALSE,FALSE
comm_1503,11.482368204952826,3.0504614665246166,8,4,3.7300850957066816,3.7300850957066816,FALSE,FALSE
comm_1504,9.008011177398538,3.0504614665246166,8,3,1.183727666011197,1.183727666011197,FALSE,FALSE
comm_1505,10.518403009258405,3.0504614665246166,10,2,1.585461958,1.5854619575737705,FALSE,FALSE
comm_1506,10.169002302671291,3.0504614665246166,9,3,1.7880484360608513,1.7880484360608515,FALSE,FALSE
comm_1507,8.976962361,3.0504614665246166,12,4,5.091034921089916,5.091034921089914,FALSE,FALSE
comm_1508,9.024895904644136,3.0504614665246166,11,4,5.248840465420951,5.248840465420951,FALSE,FALSE
comm_1509,9.154571763542604,3.0504614665246166,9,5,4.186053339586005,4.186053339586004,FALSE,FALSE
comm_1510,9.154977131318727,3.0504614665246166,8,1,1.938170404451127,1.9381704044511268,FALSE,FALSE
comm_1511,10.960822695454665,3.0504614665246166,9,5,4.849217310372212,4.849217310372211,FALSE,FALSE
comm_1512,9.758061819897256,3.0504614665246166,10,4,5.172735378883996,5.1727353788839965,FALSE,FALSE
comm_1513,10.687408701884952,3.0504614665246166,8,0,0,0,FALSE,FALSE
comm_1514,8.757235713680522,3.0504614665246166,12,4,3.215180337247771,3.2151803372477707,FALSE,FALSE
comm_1515,12.488015578334837,3.0504614665246166,9,3,1.8759247473645817,1.8759247473645817,FALSE,FALSE
comm_1516,8.999384805432872,3.0504614665246166,10,2,1.394934719733303,1.394934719733303,FALSE,FALSE
comm_1517,11.03568879064646,3.0504614665246166,10,4,4.658456309527379,4.658456309527379,FALSE,FALSE
comm_1518,9.549498604128024,3.0504614665246166,12,4,3.883078758137685,3.883078758137684,FALSE,FALSE
comm_1519,9.900665810763856,3.0504614665246166,12,5,2.556604043629795,2.556604043629795,FALSE,FALSE
comm_1520,9.343006072,3.0504614665246166,11,6,9.975063107069085,9.975063107069085,FALSE,FALSE
comm_1521,10.289234627496446,3.0504614665246166,12,5,3.2858883149993994,3.285888315,FALSE,FALSE
comm_1522,10.430510593254311,3.0504614665246166,8,4,1.9453153185609124,1.9453153185609129,FALSE,FALSE
comm_1523,10.61807141005798,3.0504614665246166,8,2,4.523315644706806,4.523315644706806,FALSE,FALSE
comm_1524,10.535061739613765,3.0504614665246166,8,5,5.705798049053065,5.705798049053065,FALSE,FALSE
comm_1525,10.488100876009186,3.0504614665246166,9,3,3.064473265334425,3.064473265334424,FALSE,FALSE
comm_1526,12.447894989187215,3.0504614665246166,8,1,0.6824823796618108,0.6824823796618109,FALSE,FALSE
comm_1527,9.098977471954534,3.0504614665246166,10,3,7.243732734119425,7.243732734119424,FALSE,FALSE
comm_1528,16.261651205034653,3.0504614665246166,8,4,2.827578435,2.827578435,FALSE,FALSE
comm_1529,11.785495998373015,3.0504614665246166,8,3,2.4439300852831227,2.4439300852831223,FALSE,FALSE
comm_1530,11.365774767138864,3.0504614665246166,8,3,6.228066365241275,6.2280663652412755,FALSE,FALSE
comm_1531,9.342896007145978,3.0504614665246166,10,4,5.868928135878401,5.8689281358784005,FALSE,FALSE
comm_1532,10.032749697925883,3.0504614665246166,8,4,3.5721529540635215,3.5721529540635215,FALSE,FALSE
comm_1533,9.419218098937876,3.0504614665246166,11,6,6.259231148631055,6.259231148631056,FALSE,FALSE
comm_1534,11.470240108408255,3.0504614665246166,8,1,0.1884532395168509,0.1884532395168509,FALSE,FALSE
comm_1535,9.311220315,3.0504614665246166,12,4,2.5628247516073017,2.5628247516073017,FALSE,FALSE
comm_1536,10.813050347426037,3.0504614665246166,10,5,4.907058654,4.907058654319259,FALSE,FALSE
comm_1537,11.332710236199327,3.0504614665246166,8,2,0.5258792405351886,0.5258792405351886,FALSE,FALSE
comm_1538,11.392472018214413,3.0504614665246166,10,5,4.602551336574057,4.602551336574057,FALSE,FALSE
comm_1539,8.818194703400563,3.0504614665246166,12,5,2.4193442757020103,2.4193442757020107,FALSE,FALSE
comm_1540,8.492981054890983,3.0504614665246166,12,5,8.015923982013152,8.015923982013152,FALSE,FALSE
comm_1541,9.920517201576082,3.0504614665246166,11,6,3.0168565496011515,3.016856549601151,FALSE,FALSE
comm_1542,9.404024429141645,3.0504614665246166,8,3,2.9665133138829685,2.966513313882969,FALSE,FALSE
comm_1543,9.448437371237484,3.0504614665246166,11,4,4.527379153819353,4.527379153819353,FALSE,FALSE
comm_1544,9.451020824257338,3.0504614665246166,11,4,5.560036251014406,5.560036251014405,FALSE,FALSE
comm_1545,10.83253926828278,3.0504614665246166,8,3,2.4814934250482197,2.481493425048221,FALSE,FALSE
comm_1546,10.406051397615409,3.0504614665246166,8,4,5.002540968434882,5.002540968434883,FALSE,FALSE
comm_1547,9.653465759561866,3.0504614665246166,12,6,7.709642797767628,7.7096427977676285,FALSE,FALSE
comm_1548,12.097135064052503,3.0504614665246166,9,4,3.6172830806824985,3.617283080682498,FALSE,FALSE
comm_1549,9.532455199305645,3.0504614665246166,9,6,8.866290497941176,8.866290497941177,FALSE,FALSE
comm_1550,8.774583588434623,3.0504614665246166,12,5,5.522559204500666,5.522559204500666,FALSE,FALSE
comm_1551,10.472361541639136,3.0504614665246166,9,3,3.402626849456585,3.402626849456585,FALSE,FALSE
comm_1552,10.270624225568977,3.0504614665246166,11,3,1.0440878215989753,1.0440878215989753,FALSE,FALSE
comm_1553,8.630835458744416,3.0504614665246166,11,6,4.007991099735441,4.007991099735441,FALSE,FALSE
comm_1554,9.947339553,3.0504614665246166,10,2,2.176826641951291,2.176826641951291,FALSE,FALSE
comm_1555,9.211694679057596,3.0504614665246166,12,4,3.715540690697933,3.715540690697933,FALSE,FALSE
comm_1556,9.438420077,3.0504614665246166,12,5,6.185551384983438,6.185551384983437,FALSE,FALSE
comm_1557,10.834111229605004,3.0504614665246166,11,3,1.8344670053925325,1.8344670053925325,FALSE,FALSE
comm_1558,10.62711079107785,3.0504614665246166,8,4,6.608743071239016,6.608743071239015,FALSE,FALSE
comm_1559,9.907453057738874,3.0504614665246166,10,3,2.204572630784638,2.204572630784638,FALSE,FALSE
comm_1560,10.153348968094775,3.0504614665246166,11,5,3.4089982028676413,3.4089982028676413,FALSE,FALSE
comm_1561,10.568393397888354,3.0504614665246166,11,4,3.396661920168908,3.396661920168908,FALSE,FALSE
comm_1562,9.770973762386005,3.0504614665246166,10,5,7.320438078203782,7.320438078203779,FALSE,FALSE
comm_1563,10.036473445443548,3.0504614665246166,11,5,8.502499949661797,8.502499949661797,FALSE,FALSE
comm_1564,9.874426316682229,3.0504614665246166,9,5,7.700466113846666,7.700466113846668,FALSE,FALSE
comm_1565,9.140223221,3.0504614665246166,10,4,6.8743011348723035,6.874301134872304,FALSE,FALSE
comm_1566,11.21425059,3.0504614665246166,11,6,4.600372688850264,4.600372688850265,FALSE,FALSE
comm_1567,10.695576232696853,3.0504614665246166,10,5,2.7664634617840584,2.7664634617840584,FALSE,FALSE
comm_1568,9.425981408934556,3.0504614665246166,9,3,3.713276786259214,3.713276786259215,FALSE,FALSE
comm_1569,9.984489703316562,3.0504614665246166,9,4,4.962447524014068,4.962447524014068,FALSE,FALSE
comm_1570,8.511527478697761,3.0504614665246166,11,5,4.690980432965825,4.690980432965825,FALSE,FALSE
comm_1571,10.115251541845511,3.0504614665246166,11,5,8.236473407877337,8.236473407877337,FALSE,FALSE
comm_1572,11.13320513032908,3.0504614665246166,10,2,2.1817856449878117,2.181785644987812,FALSE,FALSE
comm_1573,10.505073631869491,3.0504614665246166,12,4,3.1128920764139765,3.1128920764139756,FALSE,FALSE
comm_1574,11.144807262200818,3.0504614665246166,10,4,6.285922612619403,6.2859226126194025,FALSE,FALSE
comm_1575,10.566362576575086,3.0504614665246166,11,2,1.3226915743879262,1.3226915743879255,FALSE,FALSE
comm_1576,8.965173004660675,3.0504614665246166,12,4,7.637197523231086,7.637197523231086,FALSE,FALSE
comm_1577,9.100869374811063,3.0504614665246166,11,6,7.595682693160645,7.595682693160645,FALSE,FALSE
comm_1578,10.569757424745433,3.0504614665246166,9,4,4.020744421071113,4.020744421071113,FALSE,FALSE
comm_1579,10.756986470772985,3.0504614665246166,10,5,6.124303350477554,6.124303350477553,FALSE,FALSE
comm_1580,11.20961985,3.0504614665246166,8,2,1.6646379124275432,1.664637912427543,FALSE,FALSE
comm_1581,10.022186873961989,3.0504614665246166,12,6,6.530203296928845,6.530203296928845,FALSE,FALSE
comm_1582,9.711291243431452,3.0504614665246166,10,3,1.1977501190068562,1.1977501190068562,FALSE,FALSE
comm_1583,9.768193311049988,3.0504614665246166,10,3,5.9838175953098185,5.983817595309818,FALSE,FALSE
comm_1584,10.051264921337127,3.0504614665246166,10,3,2.315883396407001,2.315883396407001,FALSE,FALSE
comm_1585,9.820395055299628,3.0504614665246166,11,3,4.955424269253758,4.955424269253758,FALSE,FALSE
comm_1586,10.360806379801364,3.0504614665246166,10,4,4.327605955304566,4.327605955304566,FALSE,FALSE
comm_1587,10.166741457021356,3.0504614665246166,12,5,3.167550967504077,3.1675509675040763,FALSE,FALSE
comm_1588,9.466196161300084,3.0504614665246166,12,5,6.632940988980094,6.632940988980095,FALSE,FALSE
comm_1589,9.205258305973144,3.0504614665246166,10,1,2.1262296147325124,2.1262296147325133,FALSE,FALSE
comm_1590,8.335219024285808,3.0504614665246166,10,4,6.142061799291438,6.142061799291439,FALSE,FALSE
comm_1591,9.307608595696411,3.0504614665246166,11,6,4.91202646,4.912026459803451,FALSE,FALSE
comm_1592,8.658629493098672,3.0504614665246166,11,6,2.893655035190904,2.893655035190903,FALSE,FALSE
comm_1593,10.34868751289046,3.0504614665246166,11,2,2.553677288697508,2.5536772886975085,FALSE,FALSE
comm_1594,11.656139161948593,3.0504614665246166,9,3,3.447248561260898,3.4472485612608983,FALSE,FALSE
comm_1595,10.23895046321112,3.0504614665246166,11,6,5.024017636792942,5.0240176367929426,FALSE,FALSE
comm_1596,11.95826048168427,3.0504614665246166,12,4,3.8079239314471502,3.8079239314471502,FALSE,FALSE
comm_1597,9.373474147869834,3.0504614665246166,12,4,4.364077135474558,4.364077135474557,FALSE,FALSE
comm_1598,11.268289767800598,3.0504614665246166,9,3,3.849109612635088,3.849109612635088,FALSE,FALSE
comm_1599,11.262047710831466,3.0504614665246166,12,7,2.077903187115158,2.077903187115158,FALSE,FALSE
comm_1600,12.030608882314116,3.0504614665246166,10,4,3.7914168168375495,3.7914168168375504,FALSE,FALSE
comm_1601,11.333101174594129,3.0504614665246166,9,4,3.250407906357843,3.250407906357843,FALSE,FALSE
comm_1602,9.091603508780942,3.0504614665246166,10,4,3.4167170177534847,3.416717017753485,FALSE,FALSE
comm_1603,9.274254964340008,3.0504614665246166,9,6,11.70165063291098,11.701650632910978,FALSE,FALSE
comm_1604,9.965881957707506,3.0504614665246166,12,4,5.486307866821952,5.486307866821952,FALSE,FALSE
comm_1605,9.271270152468738,3.0504614665246166,11,3,3.984524398725035,3.984524398725035,FALSE,FALSE
comm_1606,10.24419493634417,3.0504614665246166,11,3,2.279607143049108,2.279607143049108,FALSE,FALSE
comm_1607,9.256147538604877,3.0504614665246166,8,4,5.364845981826881,5.364845982,FALSE,FALSE
comm_1608,8.876701287386146,3.0504614665246166,11,5,6.112345818455552,6.112345818455553,FALSE,FALSE
comm_1609,9.502309302781418,3.0504614665246166,12,5,4.944708005380781,4.944708005,FALSE,FALSE
comm_1610,9.447858695487378,3.0504614665246166,12,5,8.309890403751682,8.309890403751682,FALSE,FALSE
comm_1611,10.05169917362934,3.0504614665246166,8,5,7.9206133138885795,7.9206133138885795,FALSE,FALSE
comm_1612,9.863191433596446,3.0504614665246166,11,6,6.033050272336057,6.033050272336057,FALSE,FALSE
comm_1613,11.37813836971456,3.0504614665246166,12,3,2.827325631467617,2.827325631467617,FALSE,FALSE
comm_1614,10.499390778206724,3.0504614665246166,11,4,2.7946366496987176,2.794636649698718,FALSE,FALSE
comm_1615,10.046874079803642,3.0504614665246166,9,5,8.944120616613585,8.944120616613581,FALSE,FALSE
comm_1616,8.803281716784715,3.0504614665246166,12,5,4.119649228423659,4.119649228423659,FALSE,FALSE
comm_1617,8.866661712,3.0504614665246166,12,5,7.606894727109903,7.606894727109905,FALSE,FALSE
comm_1618,10.141360261054444,3.0504614665246166,12,4,3.3442122094942657,3.3442122094942657,FALSE,FALSE
comm_1619,14.419746678279727,3.0504614665246166,8,1,0.1472123287025964,0.1472123287025964,FALSE,FALSE
comm_1620,10.616044251625716,3.0504614665246166,8,5,4.397384465216952,4.397384465216952,FALSE,FALSE
comm_1621,8.971143401124802,3.0504614665246166,11,4,5.859112055180364,5.859112055180364,FALSE,FALSE
comm_1622,9.20574385,3.0504614665246166,12,5,6.527010472495704,6.527010472495705,FALSE,FALSE
comm_1623,13.506176202405303,3.0504614665246166,8,1,0.2204995343172722,0.2204995343172722,FALSE,FALSE
comm_1624,9.893184545310149,3.0504614665246166,9,5,6.084134689996196,6.084134689996196,FALSE,FALSE
comm_1625,11.00316731072446,3.0504614665246166,11,4,3.2098022792973477,3.2098022792973477,FALSE,FALSE
comm_1626,12.058840042057897,3.0504614665246166,11,3,3.674853062555101,3.674853062555101,FALSE,FALSE
comm_1627,9.451740289935216,3.0504614665246166,9,5,4.266314415,4.266314414756401,FALSE,FALSE
comm_1628,9.901095725,3.0504614665246166,8,5,5.189772442102434,5.189772442102436,FALSE,FALSE
comm_1629,9.267262880504498,3.0504614665246166,10,3,2.6475912662804064,2.647591266280406,FALSE,FALSE
comm_1630,9.291401365,3.0504614665246166,9,2,2.6347080591201553,2.6347080591201557,FALSE,FALSE
comm_1631,9.158945983629946,3.0504614665246166,9,6,6.376465674560024,6.376465674560024,FALSE,FALSE
comm_1632,9.725808136760849,3.0504614665246166,11,5,3.478408199868647,3.478408199868647,FALSE,FALSE
comm_1633,9.457429394152776,3.0504614665246166,12,5,5.964227462388753,5.964227462388754,FALSE,FALSE
comm_1634,10.445845398134711,3.0504614665246166,10,4,4.222998446877199,4.222998447,FALSE,FALSE
comm_1635,9.399751078,3.0504614665246166,9,3,3.5857291668434907,3.585729166843491,FALSE,FALSE
comm_1636,10.116438678586038,3.0504614665246166,8,3,1.9109756788226528,1.9109756788226524,FALSE,FALSE
comm_1637,11.158390337509138,3.0504614665246166,9,5,7.034966639907771,7.034966639907772,FALSE,FALSE
comm_1638,11.151553912015542,3.0504614665246166,8,6,6.679170512879632,6.679170512879631,FALSE,FALSE
comm_1639,10.732810481374136,3.0504614665246166,8,2,1.806865593,1.806865593,FALSE,FALSE
comm_1640,10.202809500685465,3.0504614665246166,11,4,6.851153147557685,6.851153147557685,FALSE,FALSE
comm_1641,8.676109727343604,3.0504614665246166,11,5,2.8556936670923205,2.855693667092321,FALSE,FALSE
comm_1642,9.518573082160732,3.0504614665246166,9,4,9.727153971139304,9.727153971139304,FALSE,FALSE
comm_1643,9.625364446523678,3.0504614665246166,10,3,0.9388749229943644,0.938874923,FALSE,FALSE
comm_1644,11.047263784940862,3.0504614665246166,12,7,6.336281635024841,6.336281635,FALSE,FALSE
comm_1645,11.104516399768794,3.0504614665246166,10,3,3.678853366375068,3.678853366375068,FALSE,FALSE
comm_1646,9.313126102662071,3.0504614665246166,8,3,2.599227102227629,2.5992271022276285,FALSE,FALSE
comm_1647,9.486561070165532,3.0504614665246166,8,3,1.9901335433498497,1.9901335433498497,FALSE,FALSE
comm_1648,10.99183970474162,3.0504614665246166,10,2,1.345962738435115,1.345962738435115,FALSE,FALSE
comm_1649,11.172048103883522,3.0504614665246166,12,5,3.1316553470944815,3.1316553470944815,FALSE,FALSE
comm_1650,9.069875823291254,3.0504614665246166,12,5,7.003572751,7.003572750977829,FALSE,FALSE
comm_1651,11.095559237075152,3.0504614665246166,10,3,2.391851239998033,2.391851239998033,FALSE,FALSE
comm_1652,9.694679615,3.0504614665246166,10,5,3.905634090358858,3.905634090358858,FALSE,FALSE
comm_1653,12.702018427526742,3.0504614665246166,8,4,3.3794524912615698,3.3794524912615698,FALSE,FALSE
comm_1654,9.502925846642317,3.0504614665246166,10,3,4.277220751706613,4.277220751706613,FALSE,FALSE
comm_1655,10.17259112230857,3.0504614665246166,10,2,2.4868227599666506,2.4868227599666506,FALSE,FALSE
comm_1656,10.444362500859963,3.0504614665246166,11,4,2.9544839996452685,2.954483999645269,FALSE,FALSE
comm_1657,8.925973234849883,3.0504614665246166,9,4,5.423218506655048,5.423218507,FALSE,FALSE
comm_1658,9.510062879350548,3.0504614665246166,8,3,6.028601285356936,6.028601285356936,FALSE,FALSE
comm_1659,8.894748212253116,3.0504614665246166,10,2,5.237347914117211,5.237347914117211,FALSE,FALSE
comm_1660,10.309827942321313,3.0504614665246166,12,3,4.001149129379113,4.0011491293791135,FALSE,FALSE
comm_1661,11.891862581896046,3.0504614665246166,12,6,2.095731325308257,2.095731325308257,FALSE,FALSE
comm_1662,10.275465470293325,3.0504614665246166,12,5,7.889053847245767,7.889053847245769,FALSE,FALSE
comm_1663,9.826987290037822,3.0504614665246166,9,6,9.148920349060129,9.148920349060129,FALSE,FALSE
comm_1664,10.533498825087214,3.0504614665246166,11,5,3.969625102372176,3.969625102372176,FALSE,FALSE
comm_1665,10.839253808936204,3.0504614665246166,11,3,1.7527328215622626,1.7527328215622622,FALSE,FALSE
comm_1666,8.942839139411005,3.0504614665246166,12,5,2.710430874143733,2.7104308741437326,FALSE,FALSE
comm_1667,11.757162644040196,3.0504614665246166,9,4,2.267141207687543,2.2671412076875432,FALSE,FALSE
comm_1668,9.152581160126005,3.0504614665246166,11,4,4.513064283359835,4.513064283359836,FALSE,FALSE
comm_1669,8.999559630375714,3.0504614665246166,8,2,3.4009838813024365,3.4009838813024365,FALSE,FALSE
comm_1670,9.344207938124748,3.0504614665246166,12,7,5.8842814902002285,5.884281490200229,FALSE,FALSE
comm_1671,9.294556250485504,3.0504614665246166,9,4,4.163927383641924,4.163927383641925,FALSE,FALSE
comm_1672,9.251183143,3.0504614665246166,9,4,3.043476629171301,3.043476629171301,FALSE,FALSE
comm_1673,9.558418038,3.0504614665246166,9,4,3.730278507532681,3.730278508,FALSE,FALSE
comm_1674,9.991150045088505,3.0504614665246166,9,4,3.5604503543520933,3.5604503543520925,FALSE,FALSE
comm_1675,13.316346307926574,3.0504614665246166,9,6,3.5019731183355294,3.5019731183355294,FALSE,FALSE
comm_1676,10.795396260035735,3.0504614665246166,8,2,2.6115822968361577,2.6115822968361577,FALSE,FALSE
comm_1677,10.46101112,3.0504614665246166,8,4,5.285982536552969,5.285982536552969,FALSE,FALSE
comm_1678,8.391899372691858,3.0504614665246166,11,4,4.4817739251920985,4.4817739251920985,FALSE,FALSE
comm_1679,11.348537903681986,3.0504614665246166,8,3,4.423676963980689,4.423676963980689,FALSE,FALSE
comm_1680,11.49205640867462,3.0504614665246166,10,2,3.1632926167284237,3.163292616728423,FALSE,FALSE
comm_1681,9.454666409335085,3.0504614665246166,8,2,1.983412325545384,1.9834123255453835,FALSE,FALSE
comm_1682,8.809724387694283,3.0504614665246166,11,5,4.232645805453461,4.232645805,FALSE,FALSE
comm_1683,9.854518335200035,3.0504614665246166,11,4,1.730374336039326,1.7303743360393262,FALSE,FALSE
comm_1684,9.050600791,3.0504614665246166,11,3,1.9650143346449331,1.9650143346449325,FALSE,FALSE
comm_1685,10.646204781656024,3.0504614665246166,8,3,4.509312925118451,4.509312925118452,FALSE,FALSE
comm_1686,9.213886434087009,3.0504614665246166,12,5,4.986292648810829,4.986292648810831,FALSE,FALSE
comm_1687,9.878821753327468,3.0504614665246166,11,3,3.4020973614932126,3.402097361493213,FALSE,FALSE
comm_1688,11.16182514877457,3.0504614665246166,9,6,4.917619225531914,4.917619225531915,FALSE,FALSE
comm_1689,8.899933714553251,3.0504614665246166,9,4,2.966484452554208,2.966484452554207,FALSE,FALSE
comm_1690,10.217105600649656,3.0504614665246166,12,4,4.137849811209787,4.137849811209787,FALSE,FALSE
comm_1691,9.567688223370276,3.0504614665246166,12,5,6.688802270432575,6.688802270432575,FALSE,FALSE
comm_1692,10.863594770954204,3.0504614665246166,11,4,3.0575678863601405,3.057567886360141,FALSE,FALSE
comm_1693,9.940148315,3.0504614665246166,12,5,6.285403389101353,6.285403389101354,FALSE,FALSE
comm_1694,9.296773464853288,3.0504614665246166,8,3,2.681396400544297,2.681396400544297,FALSE,FALSE
comm_1695,9.704786144540002,3.0504614665246166,12,6,9.422630433780412,9.422630433780412,FALSE,FALSE
comm_1696,10.089073882088057,3.0504614665246166,9,3,3.0819817693654974,3.0819817693654974,FALSE,FALSE
comm_1697,11.181977959832912,3.0504614665246166,9,4,1.8595298671697151,1.8595298671697151,FALSE,FALSE
comm_1698,8.294090998305778,3.0504614665246166,11,3,2.672503871974704,2.672503871974703,FALSE,FALSE
comm_1699,9.322164926,3.0504614665246166,10,6,6.177896705,6.177896704551639,FALSE,FALSE
comm_1700,8.111659688380572,3.0504614665246166,9,1,2.2757619586412647,2.2757619586412647,FALSE,FALSE
comm_1701,11.737526781432534,3.0504614665246166,12,6,7.896668201650093,7.896668201650093,FALSE,FALSE
comm_1702,10.087612117599866,3.0504614665246166,10,3,4.417846240073914,4.417846240073913,FALSE,FALSE
comm_1703,12.53841577170796,3.0504614665246166,12,5,5.710562360132668,5.710562360132669,FALSE,FALSE
comm_1704,11.018529553720589,3.0504614665246166,9,2,2.975013317150248,2.9750133171502475,FALSE,FALSE
comm_1705,10.141544033996478,3.0504614665246166,12,6,4.263636679800156,4.263636679800157,FALSE,FALSE
comm_1706,12.857535761019133,3.0504614665246166,9,3,0.9771979699566916,0.9771979699566916,FALSE,FALSE
comm_1707,10.036211464155553,3.0504614665246166,11,4,2.860073732714329,2.8600737327143286,FALSE,FALSE
comm_1708,9.873625762341248,3.0504614665246166,12,4,4.91125705,4.911257050150539,FALSE,FALSE
comm_1709,9.953238484,3.0504614665246166,11,7,4.546193192389584,4.546193192389582,FALSE,FALSE
comm_1710,9.491338369226574,3.0504614665246166,11,4,4.835936901,4.835936900658189,FALSE,FALSE
comm_1711,9.977292199,3.0504614665246166,8,2,1.6226087476549478,1.622608747654948,FALSE,FALSE
comm_1712,10.353272817020253,3.0504614665246166,9,3,2.4538693718451237,2.4538693718451237,FALSE,FALSE
comm_1713,9.211058354273325,3.0504614665246166,9,3,4.691727635556894,4.691727635556894,FALSE,FALSE
comm_1714,10.24912501969583,3.0504614665246166,10,4,5.389900412747577,5.389900412747578,FALSE,FALSE
comm_1715,9.914950554,3.0504614665246166,12,6,7.815113472208646,7.815113472208646,FALSE,FALSE
comm_1716,8.488185873849824,3.0504614665246166,11,4,3.996325093752311,3.9963250937523105,FALSE,FALSE
comm_1717,10.286708688173618,3.0504614665246166,11,2,2.328442628756247,2.3284426287562465,FALSE,FALSE
comm_1718,9.087578463559682,3.0504614665246166,12,5,3.915894002216621,3.915894002,FALSE,FALSE
comm_1719,11.71386091221521,3.0504614665246166,12,5,1.4203529233959764,1.4203529233959769,FALSE,FALSE
comm_1720,9.186840205,3.0504614665246166,8,1,1.6669154993003514,1.6669154993003517,FALSE,FALSE
comm_1721,10.01559984899982,3.0504614665246166,11,4,3.5793043362561727,3.579304336256173,FALSE,FALSE
comm_1722,10.86719984858027,3.0504614665246166,12,6,3.031034058629151,3.0310340586291513,FALSE,FALSE
comm_1723,9.661317601516384,3.0504614665246166,12,5,4.287692085490836,4.287692085490836,FALSE,FALSE
comm_1724,10.58098920784552,3.0504614665246166,9,5,5.41487218,5.41487218,FALSE,FALSE
comm_1725,11.034764172232034,3.0504614665246166,10,5,5.649058330221088,5.649058330221089,FALSE,FALSE
comm_1726,10.871673666667526,3.0504614665246166,10,4,4.075480702009672,4.075480702009672,FALSE,FALSE
comm_1727,13.244585639862814,3.0504614665246166,8,4,4.0279037419142405,4.0279037419142405,FALSE,FALSE
comm_1728,10.478294340245856,3.0504614665246166,9,3,3.126910339330589,3.1269103393305895,FALSE,FALSE
comm_1729,9.704559489726398,3.0504614665246166,12,4,2.906772751197877,2.906772751197878,FALSE,FALSE
comm_1730,11.478349159804932,3.0504614665246166,8,3,4.413600851125654,4.413600851125654,FALSE,FALSE
comm_1731,9.513790091,3.0504614665246166,9,4,3.287038713132715,3.2870387131327155,FALSE,FALSE
comm_1732,9.593685171,3.0504614665246166,8,0,0,0,FALSE,FALSE
comm_1733,11.039267533850536,3.0504614665246166,11,4,3.016232096,3.0162320961612004,FALSE,FALSE
comm_1734,9.435600123957324,3.0504614665246166,11,4,3.1938426124450263,3.1938426124450263,FALSE,FALSE
comm_1735,10.661998964290524,3.0504614665246166,11,4,3.226348961865644,3.226348961865643,FALSE,FALSE
comm_1736,10.99661660332838,3.0504614665246166,11,4,9.855373600715534,9.855373600715534,FALSE,FALSE
comm_1737,12.110646419351909,3.0504614665246166,9,3,2.4225914489684275,2.422591448968427,FALSE,FALSE
comm_1738,9.280175124,3.0504614665246166,11,7,9.601789788385569,9.601789788,FALSE,FALSE
comm_1739,9.740618508033696,3.0504614665246166,11,5,4.059321918005883,4.059321918005883,FALSE,FALSE
comm_1740,11.47911464681375,3.0504614665246166,9,6,5.116950173952836,5.116950173952837,FALSE,FALSE
comm_1741,9.964060072,3.0504614665246166,10,4,2.4040335196926534,2.404033519692653,FALSE,FALSE
comm_1742,9.999965814205945,3.0504614665246166,11,3,2.8540059522650143,2.8540059522650147,FALSE,FALSE
comm_1743,11.467172881257644,3.0504614665246166,9,3,2.324067752666513,2.3240677526665134,FALSE,FALSE
comm_1744,11.529301609380337,3.0504614665246166,11,4,7.795335122441703,7.795335122441703,FALSE,FALSE
comm_1745,10.36964354733182,3.0504614665246166,11,3,1.9319594117743473,1.9319594117743475,FALSE,FALSE
comm_1746,9.745936458506232,3.0504614665246166,12,5,3.418013715252974,3.4180137152529735,FALSE,FALSE
comm_1747,9.714333385073155,3.0504614665246166,10,5,11.636294834423088,11.636294834423088,FALSE,FALSE
comm_1748,11.207222543394236,3.0504614665246166,8,2,0.4541173612608325,0.4541173612608324,FALSE,FALSE
comm_1749,12.216670723442933,3.0504614665246166,8,4,3.457175805706729,3.4571758057067297,FALSE,FALSE
comm_1750,10.869325879274074,3.0504614665246166,11,6,6.363123367534382,6.363123367534381,FALSE,FALSE
comm_1751,10.482129040270102,3.0504614665246166,9,3,2.1688499401011465,2.168849940101147,FALSE,FALSE
comm_1752,10.885388326460497,3.0504614665246166,8,2,2.943776161760657,2.943776161760657,FALSE,FALSE
comm_1753,9.578910906017311,3.0504614665246166,11,5,6.871404077381463,6.871404077381462,FALSE,FALSE
comm_1754,9.219889761,3.0504614665246166,8,5,5.291077923351972,5.291077923351972,FALSE,FALSE
comm_1755,9.364088677593044,3.0504614665246166,12,6,3.364488238,3.364488238107771,FALSE,FALSE
comm_1756,8.835966229,3.0504614665246166,11,3,1.9658851601169285,1.965885160116928,FALSE,FALSE
comm_1757,10.604571953806058,3.0504614665246166,12,2,2.0930535186709047,2.0930535186709047,FALSE,FALSE
comm_1758,11.679728039045465,3.0504614665246166,9,5,7.170395808903981,7.170395809,FALSE,FALSE
comm_1759,11.303575534961253,3.0504614665246166,12,7,6.986286718283213,6.986286718283213,FALSE,FALSE
comm_1760,11.050492172418265,3.0504614665246166,8,2,1.2739189845270342,1.273918984527034,FALSE,FALSE
comm_1761,10.418482870093378,3.0504614665246166,8,3,8.402417810512386,8.402417810512386,FALSE,FALSE
comm_1762,10.374036901855442,3.0504614665246166,10,4,3.4630806225582913,3.4630806225582917,FALSE,FALSE
comm_1763,10.051055735476684,3.0504614665246166,12,3,6.3466569027251065,6.3466569027251065,FALSE,FALSE
comm_1764,9.863182121425876,3.0504614665246166,10,7,8.540342131349739,8.540342131349739,FALSE,FALSE
comm_1765,10.660210429156816,3.0504614665246166,10,4,2.657501155796752,2.6575011557967514,FALSE,FALSE
comm_1766,9.511948893,3.0504614665246166,8,5,8.252688484378428,8.252688484378428,FALSE,FALSE
comm_1767,12.19911031823808,3.0504614665246166,12,5,5.045716728672385,5.045716728672385,FALSE,FALSE
comm_1768,10.058173754586983,3.0504614665246166,9,4,3.959356552041827,3.959356552041827,FALSE,FALSE
comm_1769,10.393546013895548,3.0504614665246166,8,2,2.238404114228712,2.238404114228712,FALSE,FALSE
comm_1770,9.714879991950813,3.0504614665246166,12,6,6.047729057484717,6.047729057484718,FALSE,FALSE
comm_1771,8.936553363,3.0504614665246166,9,3,3.3065570069447565,3.3065570069447565,FALSE,FALSE
comm_1772,9.119706295491223,3.0504614665246166,11,4,6.534274848963449,6.534274848963448,FALSE,FALSE
comm_1773,11.369860506888932,3.0504614665246166,12,8,9.056830369205684,9.056830369205684,FALSE,FALSE
comm_1774,9.398693364531509,3.0504614665246166,11,5,8.504264017558482,8.504264017558482,FALSE,FALSE
comm_1775,10.344287958071838,3.0504614665246166,10,5,14.456183495398438,14.456183495398438,FALSE,FALSE
comm_1776,10.816046777847909,3.0504614665246166,9,2,2.9751286272302933,2.9751286272302924,FALSE,FALSE
comm_1777,10.418991283560327,3.0504614665246166,9,4,1.2842817373196902,1.2842817373196902,FALSE,FALSE
comm_1778,10.216134797188383,3.0504614665246166,10,3,3.5162671283742752,3.5162671283742757,FALSE,FALSE
comm_1779,10.041127320740095,3.0504614665246166,9,4,7.031433242863326,7.031433242863325,FALSE,FALSE
comm_1780,10.954940128848149,3.0504614665246166,8,1,1.7385398228590028,1.7385398228590023,FALSE,FALSE
comm_1781,11.207336304061366,3.0504614665246166,8,4,3.8007864419092297,3.8007864419092305,FALSE,FALSE
comm_1782,11.920150165081642,3.0504614665246166,10,5,5.7709546453085006,5.770954645,FALSE,FALSE
comm_1783,9.630120315065932,3.0504614665246166,10,3,2.872177272376936,2.8721772723769363,FALSE,FALSE
comm_1784,10.216670360152794,3.0504614665246166,10,5,6.335687619214647,6.335687619214646,FALSE,FALSE
comm_1785,8.581281577931744,3.0504614665246166,11,4,5.767692081986959,5.767692081986959,FALSE,FALSE
comm_1786,11.61859527586578,3.0504614665246166,8,4,4.904209536,4.904209536,FALSE,FALSE
comm_1787,9.510796790737848,3.0504614665246166,11,4,6.674739694916242,6.674739694916241,FALSE,FALSE
comm_1788,10.109191409330773,3.0504614665246166,10,6,8.852913741473342,8.852913741473344,FALSE,FALSE
comm_1789,9.267168546562196,3.0504614665246166,9,3,3.3988820613953505,3.3988820613953505,FALSE,FALSE
comm_1790,10.165873456216255,3.0504614665246166,10,4,4.835846283349387,4.835846283349388,FALSE,FALSE
comm_1791,11.063405193914612,3.0504614665246166,10,5,4.665527276,4.665527276434221,FALSE,FALSE
comm_1792,10.98716237898864,3.0504614665246166,8,5,3.8877758963885274,3.8877758963885274,FALSE,FALSE
comm_1793,10.14466458573278,3.0504614665246166,11,3,3.503242639,3.5032426393559604,FALSE,FALSE
comm_1794,9.562542839379253,3.0504614665246166,10,3,3.723874402305352,3.723874402305352,FALSE,FALSE
comm_1795,10.344271574624424,3.0504614665246166,10,6,6.862992387036639,6.862992387036639,FALSE,FALSE
comm_1796,9.990249425831497,3.0504614665246166,12,7,9.307268254640672,9.307268254640672,FALSE,FALSE
comm_1797,8.356188454034347,3.0504614665246166,9,4,3.593458478742031,3.5934584787420323,FALSE,FALSE
comm_1798,11.041946335517691,3.0504614665246166,10,5,3.566456066,3.566456065810281,FALSE,FALSE
comm_1799,11.169234418104224,3.0504614665246166,9,5,3.733180394,3.733180394,FALSE,FALSE
comm_1800,9.736152239,3.0504614665246166,8,3,6.283315232324159,6.283315232,FALSE,FALSE
comm_1801,8.208749711146837,3.0504614665246166,11,2,4.192887839018424,4.192887839018423,FALSE,FALSE
comm_1802,9.573597908529669,3.0504614665246166,9,2,1.0377487206305018,1.0377487206305018,FALSE,FALSE
comm_1803,9.916856426877104,3.0504614665246166,11,4,2.9804354838916325,2.9804354838916325,FALSE,FALSE
comm_1804,9.493976838,3.0504614665246166,10,5,9.256234428,9.256234428110398,FALSE,FALSE
comm_1805,10.27419868957364,3.0504614665246166,10,3,3.545817148857791,3.545817148857792,FALSE,FALSE
comm_1806,9.591723040893337,3.0504614665246166,10,7,9.895555058196774,9.895555058196774,FALSE,FALSE
comm_1807,9.318779117135346,3.0504614665246166,10,6,12.194343072854632,12.194343072854632,FALSE,FALSE
comm_1808,9.556545164,3.0504614665246166,8,3,2.3953935416554284,2.395393541655429,FALSE,FALSE
comm_1809,8.957842696772728,3.0504614665246166,12,5,2.933223862724078,2.9332238627240783,FALSE,FALSE
comm_1810,11.255045402648951,3.0504614665246166,8,1,0.045461387,0.045461387,FALSE,FALSE
comm_1811,10.806203927659997,3.0504614665246166,8,4,4.055939939683988,4.055939939683988,FALSE,FALSE
comm_1812,10.324940485311084,3.0504614665246166,12,3,2.2873245230348074,2.287324523034807,FALSE,FALSE
comm_1813,9.573867925,3.0504614665246166,10,3,2.464955330422685,2.464955330422685,FALSE,FALSE
comm_1814,10.21948568,3.0504614665246166,10,4,4.950923889648277,4.950923889648276,FALSE,FALSE
comm_1815,10.346124688957666,3.0504614665246166,11,4,2.691610887378246,2.691610887378246,FALSE,FALSE
comm_1816,9.810534347,3.0504614665246166,11,4,5.818653591208806,5.818653591208806,FALSE,FALSE
comm_1817,10.477052719305323,3.0504614665246166,10,3,3.289592442568213,3.289592442568213,FALSE,FALSE
comm_1818,9.345391388817214,3.0504614665246166,12,6,12.248511070578278,12.248511070578274,FALSE,FALSE
comm_1819,10.812632221070176,3.0504614665246166,9,3,4.991124609841697,4.991124609841697,FALSE,FALSE
comm_1820,9.618847800171158,3.0504614665246166,11,3,2.457590581963026,2.4575905819630255,FALSE,FALSE
comm_1821,9.079396193,3.0504614665246166,11,5,6.166291286828358,6.166291286828357,FALSE,FALSE
comm_1822,9.489068258326046,3.0504614665246166,9,2,4.081618960544847,4.081618960544848,FALSE,FALSE
comm_1823,10.169593795408472,3.0504614665246166,8,4,5.424124020802658,5.424124020802658,FALSE,FALSE
comm_1824,9.271274342892024,3.0504614665246166,10,5,8.628554222757606,8.628554222757606,FALSE,FALSE
comm_1825,9.968633397184728,3.0504614665246166,8,3,1.4141259567134887,1.4141259567134885,FALSE,FALSE
comm_1826,9.647453234,3.0504614665246166,12,4,3.1110162025864954,3.1110162025864954,FALSE,FALSE
comm_1827,10.028824664288589,3.0504614665246166,11,3,3.001528469137845,3.0015284691378454,FALSE,FALSE
comm_1828,8.351209902456523,3.0504614665246166,10,4,5.666070842486819,5.666070842486819,FALSE,FALSE
comm_1829,8.913406785,3.0504614665246166,11,2,3.690546863538247,3.690546863538247,FALSE,FALSE
comm_1830,8.950038677885749,3.0504614665246166,11,5,2.975288716974962,2.9752887169749624,FALSE,FALSE
comm_1831,10.31224733462408,3.0504614665246166,11,4,4.7628513741786005,4.7628513741786005,FALSE,FALSE
comm_1832,9.533830470604624,3.0504614665246166,10,3,3.819833977472269,3.819833977472269,FALSE,FALSE
comm_1833,10.964296051396335,3.0504614665246166,9,2,2.9624867406615194,2.962486741,FALSE,FALSE
comm_1834,9.991651997673232,3.0504614665246166,10,6,8.880191913735734,8.880191913735734,FALSE,FALSE
comm_1835,10.885809804717557,3.0504614665246166,12,7,8.19656199,8.19656199,FALSE,FALSE
comm_1836,9.620396528862548,3.0504614665246166,11,6,9.360952620152686,9.360952620152688,FALSE,FALSE
comm_1837,10.895601323593132,3.0504614665246166,9,2,2.953706042145936,2.953706042145936,FALSE,FALSE
comm_1838,8.671294991255193,3.0504614665246166,9,5,4.989940885139835,4.989940885139836,FALSE,FALSE
comm_1839,10.87602889455981,3.0504614665246166,8,2,2.7211901884423666,2.7211901884423675,FALSE,FALSE
comm_1840,9.000419675,3.0504614665246166,12,5,2.877977677183199,2.8779776771831993,FALSE,FALSE
comm_1841,9.953400693344616,3.0504614665246166,10,4,4.862842273257986,4.862842273257987,FALSE,FALSE
comm_1842,9.223241114670536,3.0504614665246166,9,4,2.7821324491909767,2.7821324491909767,FALSE,FALSE
comm_1843,10.235798843799186,3.0504614665246166,11,5,6.149926295853273,6.149926295853271,FALSE,FALSE
comm_1844,9.959305496227636,3.0504614665246166,9,4,6.218254788375912,6.218254788375911,FALSE,FALSE
comm_1845,11.232179585940964,3.0504614665246166,8,4,5.3130544261338315,5.313054426133832,FALSE,FALSE
comm_1846,10.631713120633782,3.0504614665246166,8,4,4.728369109137294,4.728369109137294,FALSE,FALSE
comm_1847,10.263518363741722,3.0504614665246166,12,3,2.8444661105407185,2.844466110540718,FALSE,FALSE
comm_1848,12.463982359088432,3.0504614665246166,12,7,3.823632772,3.823632771840091,FALSE,FALSE
comm_1849,8.334814863509378,3.0504614665246166,8,3,1.8643246227235784,1.864324622723579,FALSE,FALSE
comm_1850,10.125604083100765,3.0504614665246166,12,4,2.568736416085013,2.568736416085013,FALSE,FALSE
comm_1851,11.337160920561027,3.0504614665246166,12,6,4.581981446337498,4.581981446337498,FALSE,FALSE
comm_1852,8.781967220924523,3.0504614665246166,11,5,3.4050116894441276,3.405011689444127,FALSE,FALSE
comm_1853,10.048199983551656,3.0504614665246166,12,5,3.546407400459876,3.5464074004598767,FALSE,FALSE
comm_1854,8.598926702933321,3.0504614665246166,12,4,6.432975920688367,6.432975920688368,FALSE,FALSE
comm_1855,9.361662214696771,3.0504614665246166,11,6,9.247271102,9.247271101883012,FALSE,FALSE
comm_1856,10.112123931334366,3.0504614665246166,11,8,4.062883436049863,4.062883436049862,FALSE,FALSE
comm_1857,9.556361858,3.0504614665246166,11,2,0.9726984315376096,0.9726984315376096,FALSE,FALSE
comm_1858,10.87742144832098,3.0504614665246166,12,5,3.164142966219324,3.164142966219325,FALSE,FALSE
comm_1859,8.861077098,3.0504614665246166,11,4,5.7642820996758966,5.764282099675897,FALSE,FALSE
comm_1860,10.414639282496609,3.0504614665246166,9,1,0.1770724677806779,0.1770724677806779,FALSE,FALSE
comm_1861,10.72229045353349,3.0504614665246166,10,3,4.736461798045357,4.736461798045357,FALSE,FALSE
comm_1862,8.818441549835645,3.0504614665246166,11,5,5.071663278317438,5.0716632783174385,FALSE,FALSE
comm_1863,10.68222738670974,3.0504614665246166,8,2,4.387433188365905,4.387433188365905,FALSE,FALSE
comm_1864,11.082580869310016,3.0504614665246166,9,4,5.566907828490252,5.566907828490252,FALSE,FALSE
comm_1865,10.536677312532802,3.0504614665246166,12,4,5.286934934423671,5.286934934423671,FALSE,FALSE
comm_1866,10.094645311277878,3.0504614665246166,12,4,4.084644722239776,4.0846447222397755,FALSE,FALSE
comm_1867,9.367008088540366,3.0504614665246166,9,5,5.4204552381809945,5.420455238180995,FALSE,FALSE
comm_1868,9.02292856,3.0504614665246166,11,2,1.8200177915535336,1.8200177915535336,FALSE,FALSE
comm_1869,9.746879828569162,3.0504614665246166,11,4,2.633334334519861,2.6333343345198617,FALSE,FALSE
comm_1870,9.182684711861471,3.0504614665246166,10,3,2.4394401567809196,2.439440156780919,FALSE,FALSE
comm_1871,11.146227916126971,3.0504614665246166,10,4,1.9071220478804092,1.9071220478804096,FALSE,FALSE
comm_1872,9.739738365196198,3.0504614665246166,10,4,5.745059931072811,5.745059931072812,FALSE,FALSE
comm_1873,8.514827852979094,3.0504614665246166,9,3,3.2920762008695545,3.2920762008695537,FALSE,FALSE
comm_1874,10.989337610898922,3.0504614665246166,11,4,3.0180847874841112,3.0180847874841117,FALSE,FALSE
comm_1875,10.72280035461481,3.0504614665246166,12,5,5.194784935686244,5.194784935686243,FALSE,FALSE
comm_1876,9.632389303,3.0504614665246166,9,5,3.8757244314604633,3.8757244314604633,FALSE,FALSE
comm_1877,9.316741600886324,3.0504614665246166,9,5,9.548719335500312,9.548719336,FALSE,FALSE
comm_1878,9.161369029147872,3.0504614665246166,10,5,6.618625956005162,6.618625956005163,FALSE,FALSE
comm_1879,11.524683506266236,3.0504614665246166,11,5,4.771950953028652,4.771950953028651,FALSE,FALSE
comm_1880,10.613564873795312,3.0504614665246166,9,3,3.1165921093230073,3.116592109323007,FALSE,FALSE
comm_1881,9.659335503,3.0504614665246166,9,3,4.544695188988968,4.544695188988968,FALSE,FALSE
comm_1882,10.315687042577148,3.0504614665246166,12,2,1.2699541131001593,1.2699541131001588,FALSE,FALSE
comm_1883,9.302651716153823,3.0504614665246166,9,3,3.8653219490766633,3.865321949076664,FALSE,FALSE
comm_1884,10.00334237155544,3.0504614665246166,8,4,6.383038595038128,6.383038595038129,FALSE,FALSE
comm_1885,10.45914922895845,3.0504614665246166,10,4,4.060983290074218,4.060983290074218,FALSE,FALSE
comm_1886,10.058499213111686,3.0504614665246166,11,6,8.811827138470408,8.811827138470408,FALSE,FALSE
comm_1887,9.320383233490906,3.0504614665246166,11,5,1.4359538350072716,1.4359538350072714,FALSE,FALSE
comm_1888,9.236832898,3.0504614665246166,8,4,3.514597220078474,3.5145972200784743,FALSE,FALSE
comm_1889,11.726935140196645,3.0504614665246166,11,4,4.622173126,4.622173126,FALSE,FALSE
comm_1890,9.222969978,3.0504614665246166,10,2,2.010876587101775,2.0108765871017744,FALSE,FALSE
comm_1891,9.776047133,3.0504614665246166,11,1,0.075797332,0.075797332,FALSE,FALSE
comm_1892,10.679400165728644,3.0504614665246166,11,3,4.1498171815061555,4.1498171815061555,FALSE,FALSE
comm_1893,10.226366276898306,3.0504614665246166,8,3,4.3226498969380245,4.322649896938025,FALSE,FALSE
comm_1894,9.566362503123726,3.0504614665246166,12,4,4.966401448990696,4.9664014489906965,FALSE,FALSE
comm_1895,9.222917001232092,3.0504614665246166,10,3,5.472502130455484,5.472502130455483,FALSE,FALSE
comm_1896,9.655806574,3.0504614665246166,12,6,6.458117163565234,6.458117163565235,FALSE,FALSE
comm_1897,10.05264958953447,3.0504614665246166,9,2,3.5174238951692924,3.5174238951692924,FALSE,FALSE
comm_1898,10.007812938028314,3.0504614665246166,11,6,12.847296956024811,12.847296956024811,FALSE,FALSE
comm_1899,9.792477935112077,3.0504614665246166,10,3,4.730638290120602,4.730638290120602,FALSE,FALSE
comm_1900,12.696508864017453,3.0504614665246166,11,4,1.918940508787506,1.918940508787506,FALSE,FALSE
comm_1901,9.661698690567544,3.0504614665246166,12,4,5.4772316080645815,5.477231608064581,FALSE,FALSE
comm_1902,10.065695999335844,3.0504614665246166,10,2,0.7340327203250205,0.7340327203250206,FALSE,FALSE
comm_1903,11.242343668992774,3.0504614665246166,11,2,1.6773897053609417,1.6773897053609412,FALSE,FALSE
comm_1904,9.184782016384816,3.0504614665246166,12,8,11.264232941678657,11.264232941678658,FALSE,FALSE
comm_1905,10.39986789054454,3.0504614665246166,12,5,4.634486287119527,4.634486287119526,FALSE,FALSE
comm_1906,9.568316975851308,3.0504614665246166,12,5,4.228294699766519,4.228294699766519,FALSE,FALSE
comm_1907,11.17921796665923,3.0504614665246166,8,4,4.592488614774625,4.592488614774624,FALSE,FALSE
comm_1908,9.029872857,3.0504614665246166,9,6,10.19450010389542,10.19450010389542,FALSE,FALSE
comm_1909,10.723065346269282,3.0504614665246166,10,1,0.4481145630664173,0.4481145630664173,FALSE,FALSE
comm_1910,11.040541553599208,3.0504614665246166,11,5,4.770167234561851,4.770167234561851,FALSE,FALSE
comm_1911,11.915363588245356,3.0504614665246166,11,3,2.8864628127417156,2.8864628127417156,FALSE,FALSE
comm_1912,8.819477688998665,3.0504614665246166,12,4,3.592849389958725,3.5928493899587255,FALSE,FALSE
comm_1913,10.091505131172829,3.0504614665246166,9,3,2.6457993191649543,2.6457993191649547,FALSE,FALSE
comm_1914,10.224318644801349,3.0504614665246166,9,3,4.323929836850983,4.323929836850983,FALSE,FALSE
comm_1915,9.625463130615998,3.0504614665246166,8,3,1.986415848045031,1.9864158480450311,FALSE,FALSE
comm_1916,10.043239343869816,3.0504614665246166,8,3,3.291002161566139,3.291002161566138,FALSE,FALSE
comm_1917,12.44809771,3.0504614665246166,10,3,2.9742684589227606,2.9742684589227606,FALSE,FALSE
comm_1918,10.479865205588242,3.0504614665246166,8,3,9.752424660085858,9.75242466,FALSE,FALSE
comm_1919,11.350105197386007,3.0504614665246166,11,4,3.033541885197625,3.033541885197625,FALSE,FALSE
comm_1920,12.040809835101316,3.0504614665246166,10,4,3.806724783986592,3.806724783986592,FALSE,FALSE
comm_1921,10.822071971865595,3.0504614665246166,12,3,4.404952439863733,4.404952439863733,FALSE,FALSE
comm_1922,11.691259069479244,3.0504614665246166,8,2,2.0620161420109193,2.0620161420109193,FALSE,FALSE
comm_1923,9.315004431852202,3.0504614665246166,9,5,7.297060378027142,7.297060378027144,FALSE,FALSE
comm_1924,9.90813012,3.0504614665246166,8,2,1.3762017120657186,1.3762017120657188,FALSE,FALSE
comm_1925,8.758638038605044,3.0504614665246166,10,6,8.675203230859495,8.675203230859493,FALSE,FALSE
comm_1926,11.071488864399402,3.0504614665246166,12,5,4.617577778535601,4.617577778535602,FALSE,FALSE
comm_1927,10.572340305296402,3.0504614665246166,9,3,5.860126521460513,5.860126521460513,FALSE,FALSE
comm_1928,9.944012812344786,3.0504614665246166,11,5,6.772540850448274,6.772540850448275,FALSE,FALSE
comm_1929,10.25003161828049,3.0504614665246166,11,5,6.611137907145231,6.611137907145233,FALSE,FALSE
comm_1930,9.930075381421997,3.0504614665246166,9,5,8.530032478917505,8.530032478917505,FALSE,FALSE
comm_1931,10.116767658670062,3.0504614665246166,11,5,6.077255400845839,6.077255401,FALSE,FALSE
comm_1932,8.663084836584298,3.0504614665246166,11,6,8.587965673268844,8.587965673268844,FALSE,FALSE
comm_1933,9.572644190781794,3.0504614665246166,8,3,5.0617266257022795,5.061726626,FALSE,FALSE
comm_1934,9.585746851665048,3.0504614665246166,10,3,8.509358647834546,8.509358647834546,FALSE,FALSE
comm_1935,9.754425845,3.0504614665246166,8,1,3.2778558800534343,3.277855880053434,FALSE,FALSE
comm_1936,9.227625955,3.0504614665246166,12,5,6.442075321008411,6.442075321008412,FALSE,FALSE
comm_1937,9.598238945134153,3.0504614665246166,11,5,4.915528891918435,4.915528891918435,FALSE,FALSE
comm_1938,9.761942132440014,3.0504614665246166,9,4,6.322963005866614,6.322963005866615,FALSE,FALSE
comm_1939,9.947467139190596,3.0504614665246166,11,4,3.0441151709022005,3.044115170902199,FALSE,FALSE
comm_1940,11.247593205994333,3.0504614665246166,8,4,7.333356986501523,7.333356986501523,FALSE,FALSE
comm_1941,8.426748433543409,3.0504614665246166,11,6,6.638130626279543,6.638130626279544,FALSE,FALSE
comm_1942,8.890508265,3.0504614665246166,10,4,5.789201423761198,5.789201423761196,FALSE,FALSE
comm_1943,9.312762972510386,3.0504614665246166,9,3,6.849830521797231,6.849830522,FALSE,FALSE
comm_1944,9.682223674,3.0504614665246166,9,4,4.693969138093555,4.693969138093555,FALSE,FALSE
comm_1945,10.01874337441572,3.0504614665246166,8,3,7.537220065,7.537220065095849,FALSE,FALSE
comm_1946,11.346266412963724,3.0504614665246166,9,3,2.226606554536222,2.2266065545362217,FALSE,FALSE
comm_1947,12.969043854769648,3.0504614665246166,9,4,3.799716571530946,3.799716571530946,FALSE,FALSE
comm_1948,9.605699057764662,3.0504614665246166,10,4,6.662378560984518,6.662378560984519,FALSE,FALSE
comm_1949,8.899915783200646,3.0504614665246166,11,5,4.939304008778897,4.939304008778897,FALSE,FALSE
comm_1950,10.068511605301532,3.0504614665246166,9,3,2.3407356854289425,2.340735685428943,FALSE,FALSE
comm_1951,9.069996479299908,3.0504614665246166,12,6,5.927056890106952,5.927056890106953,FALSE,FALSE
comm_1952,8.590951896,3.0504614665246166,12,4,5.169741625977446,5.169741625977445,FALSE,FALSE
comm_1953,9.43425355,3.0504614665246166,8,2,1.8938296052120005,1.8938296052120007,FALSE,FALSE
comm_1954,9.726779121,3.0504614665246166,9,2,1.835137016,1.835137016,FALSE,FALSE
comm_1955,9.814071785746744,3.0504614665246166,8,2,1.6115099483557045,1.6115099483557045,FALSE,FALSE
comm_1956,9.492059342273665,3.0504614665246166,12,5,2.154156328212443,2.154156328212443,FALSE,FALSE
comm_1957,9.397522645808658,3.0504614665246166,9,5,5.230458624273327,5.230458624273327,FALSE,FALSE
comm_1958,8.725615695915954,3.0504614665246166,10,3,2.832401998338808,2.8324019983388076,FALSE,FALSE
comm_1959,10.189605474963582,3.0504614665246166,12,4,3.9203676383509896,3.9203676383509904,FALSE,FALSE
comm_1960,9.691781157825428,3.0504614665246166,12,7,5.419588903118756,5.419588903118755,FALSE,FALSE
comm_1961,8.966683617920918,3.0504614665246166,12,5,4.842152917322622,4.842152917322622,FALSE,FALSE
comm_1962,9.333754755568616,3.0504614665246166,12,5,7.164687460529681,7.164687460529681,FALSE,FALSE
comm_1963,11.31931628623044,3.0504614665246166,11,3,2.4275612303587013,2.4275612303587013,FALSE,FALSE
comm_1964,9.206911678415914,3.0504614665246166,12,4,6.785891291317569,6.785891291317569,FALSE,FALSE
comm_1965,8.912478879494953,3.0504614665246166,11,5,2.5331830337675783,2.5331830337675787,FALSE,FALSE
comm_1966,10.090526617254634,3.0504614665246166,12,5,3.824831600788161,3.8248316007881615,FALSE,FALSE
comm_1967,9.176931747353642,3.0504614665246166,11,4,5.824109505423722,5.824109505423722,FALSE,FALSE
comm_1968,10.212467618782938,3.0504614665246166,8,1,3.033336222834482,3.0333362228344827,FALSE,FALSE
comm_1969,10.769528869521524,3.0504614665246166,8,4,5.377126861235492,5.377126861235493,FALSE,FALSE
comm_1970,9.228845003197293,3.0504614665246166,10,2,4.959442931999522,4.959442931999521,FALSE,FALSE
comm_1971,10.612535565343087,3.0504614665246166,12,6,8.594477222232767,8.594477222232767,FALSE,FALSE
comm_1972,10.392186326508137,3.0504614665246166,10,3,4.163926580794104,4.1639265807941035,FALSE,FALSE
comm_1973,9.216349181120504,3.0504614665246166,9,4,3.594618862653978,3.5946188626539777,FALSE,FALSE
comm_1974,9.526818695,3.0504614665246166,12,3,1.1946604298271006,1.1946604298271006,FALSE,FALSE
comm_1975,9.330609544818758,3.0504614665246166,12,3,3.0460794805058717,3.0460794805058717,FALSE,FALSE
comm_1976,12.020926713945473,3.0504614665246166,9,4,4.723249420909479,4.723249420909479,FALSE,FALSE
comm_1977,8.819770068195862,3.0504614665246166,8,2,3.6203198949228046,3.620319894922805,FALSE,FALSE
comm_1978,8.421135954043285,3.0504614665246166,8,3,7.659180373465061,7.6591803734650625,FALSE,FALSE
comm_1979,11.26819873477071,3.0504614665246166,12,5,3.5431627863560187,3.5431627863560196,FALSE,FALSE
comm_1980,8.936158371896035,3.0504614665246166,10,3,6.354517844589316,6.3545178445893145,FALSE,FALSE
comm_1981,9.225335265573692,3.0504614665246166,8,3,7.220691565598764,7.220691565598765,FALSE,FALSE
comm_1982,10.86168789757202,3.0504614665246166,11,2,4.742096575301732,4.742096575301731,FALSE,FALSE
comm_1983,9.486681476,3.0504614665246166,8,2,3.945931938276184,3.945931938276185,FALSE,FALSE
comm_1984,10.12468408273924,3.0504614665246166,10,4,3.210228213887201,3.210228213887201,FALSE,FALSE
comm_1985,10.608651676309048,3.0504614665246166,12,5,6.223759910963183,6.223759910963183,FALSE,FALSE
comm_1986,10.24003662185745,3.0504614665246166,11,4,3.653308756631354,3.653308756631354,FALSE,FALSE
comm_1987,11.43684157493741,3.0504614665246166,9,3,3.0990709695845053,3.0990709695845053,FALSE,FALSE
comm_1988,9.826454720428911,3.0504614665246166,9,3,3.728867108257205,3.7288671082572047,FALSE,FALSE
comm_1989,9.639042962715155,3.0504614665246166,11,3,4.713149802518324,4.713149802518323,FALSE,FALSE
comm_1990,10.04892476357606,3.0504614665246166,12,5,4.6647206937959105,4.6647206937959105,FALSE,FALSE
comm_1991,9.491599902473505,3.0504614665246166,12,5,6.394933461354434,6.394933461354435,FALSE,FALSE
comm_1992,9.314339567,3.0504614665246166,9,2,0.8365885680544807,0.8365885680544806,FALSE,FALSE
comm_1993,9.818144818233662,3.0504614665246166,11,4,4.748505321,4.748505321,FALSE,FALSE
comm_1994,11.85499346885315,3.0504614665246166,10,5,4.982455551702866,4.9824555517028655,FALSE,FALSE
comm_1995,10.536435664290174,3.0504614665246166,12,5,5.458851578174561,5.458851578174561,FALSE,FALSE
comm_1996,8.981799844959982,3.0504614665246166,8,6,7.763037158,7.763037158,FALSE,FALSE
comm_1997,10.12739519,3.0504614665246166,11,3,3.447305962245002,3.447305962245001,FALSE,FALSE
comm_1998,9.926194342578134,3.0504614665246166,10,2,3.961945081772136,3.9619450817721353,FALSE,FALSE
comm_1999,10.57708068,3.0504614665246166,10,3,3.134564601630516,3.134564601630516,FALSE,FALSE
comm_2000,9.192234714235488,3.0504614665246166,9,3,2.701485687982176,2.7014856879821756,FALSE,FALSE
comm_2001,10.324668384582456,3.0504614665246166,11,6,4.338372734912245,4.3383727349122445,FALSE,FALSE
comm_2002,10.779838645948448,3.0504614665246166,12,5,8.790244391,8.790244391,FALSE,FALSE
comm_2003,10.136825216082244,3.0504614665246166,11,5,5.069659584964812,5.069659584964812,FALSE,FALSE
comm_2004,9.648017410331711,3.0504614665246166,9,4,4.740928190063392,4.740928190063391,FALSE,FALSE
comm_2005,9.469535808,3.0504614665246166,12,3,4.515816361968227,4.515816361968228,FALSE,FALSE
comm_2006,10.212494946754616,3.0504614665246166,10,4,3.5303150431024295,3.530315043,FALSE,FALSE
comm_2007,9.956928398,3.0504614665246166,11,6,5.129981325927091,5.129981325927091,FALSE,FALSE
comm_2008,10.736009436419586,3.0504614665246166,9,4,3.5611512656620823,3.5611512656620823,FALSE,FALSE
comm_2009,8.486855936971562,3.0504614665246166,9,5,4.869776880216784,4.869776880216784,FALSE,FALSE
comm_2010,9.47900198,3.0504614665246166,11,4,5.089591880853183,5.089591880853183,FALSE,FALSE
comm_2011,9.815933061537526,3.0504614665246166,12,5,8.404448594887167,8.404448595,FALSE,FALSE
comm_2012,8.660894805188164,3.0504614665246166,11,6,5.041920066100916,5.041920066100915,FALSE,FALSE
comm_2013,10.83358265402464,3.0504614665246166,8,4,5.169085289733712,5.169085289733711,FALSE,FALSE
comm_2014,10.426560842912066,3.0504614665246166,9,3,4.755952429394631,4.755952429394631,FALSE,FALSE
comm_2015,11.108413727981024,3.0504614665246166,11,4,4.150974576897332,4.150974576897332,FALSE,FALSE
comm_2016,9.955987114642031,3.0504614665246166,11,4,3.734853338073727,3.734853338073728,FALSE,FALSE
comm_2017,9.831498174049718,3.0504614665246166,11,6,5.312233524955405,5.3122335249554045,FALSE,FALSE
comm_2018,8.466202162,3.0504614665246166,11,4,8.008773089694357,8.008773089694358,FALSE,FALSE
comm_2019,11.51356187666834,3.0504614665246166,11,5,3.599730123605945,3.5997301236059456,FALSE,FALSE
comm_2020,10.928509301163237,3.0504614665246166,10,4,4.926804012092855,4.926804012092855,FALSE,FALSE
comm_2021,9.272588148773686,3.0504614665246166,10,3,2.280965980485335,2.280965980485335,FALSE,FALSE
comm_2022,9.554167537710182,3.0504614665246166,12,9,8.861355421066195,8.861355421066195,FALSE,FALSE
comm_2023,11.09594462845181,3.0504614665246166,9,5,4.7465684595653475,4.7465684595653475,FALSE,FALSE
comm_2024,8.632474028104395,3.0504614665246166,10,5,5.4503158391536966,5.4503158391536966,FALSE,FALSE
comm_2025,10.66259026344988,3.0504614665246166,12,3,3.390041061909585,3.390041061909585,FALSE,FALSE
comm_2026,10.19579942846127,3.0504614665246166,9,1,0.059307786,0.059307786,FALSE,FALSE
comm_2027,11.29043114186777,3.0504614665246166,9,5,2.3221753070465834,2.322175307046584,FALSE,FALSE
comm_2028,11.228852687624792,3.0504614665246166,8,5,6.294073456152013,6.294073456152014,FALSE,FALSE
comm_2029,10.447953137117072,3.0504614665246166,11,6,5.036569697117461,5.036569697,FALSE,FALSE
comm_2030,10.370385838182228,3.0504614665246166,8,4,18.450064024436344,18.450064024436344,FALSE,FALSE
comm_2031,10.108447811065666,3.0504614665246166,10,5,7.443032152650532,7.443032152650534,FALSE,FALSE
comm_2032,9.687779807034214,3.0504614665246166,12,3,2.7991747727262712,2.799174772726271,FALSE,FALSE
comm_2033,10.033932333400143,3.0504614665246166,11,4,10.078354440287692,10.078354440287692,FALSE,FALSE
comm_2034,9.629938530748811,3.0504614665246166,8,2,1.9684956866523773,1.9684956866523773,FALSE,FALSE
comm_2035,10.634028491507747,3.0504614665246166,11,5,5.910747639813205,5.910747639813204,FALSE,FALSE
comm_2036,9.958963329,3.0504614665246166,12,3,1.8127658253716843,1.8127658253716843,FALSE,FALSE
comm_2037,9.075791066,3.0504614665246166,10,3,2.3337783079870995,2.333778308,FALSE,FALSE
comm_2038,9.50088291,3.0504614665246166,12,6,6.685187271261346,6.685187271261348,FALSE,FALSE
comm_2039,7.940404828872831,3.0504614665246166,10,4,8.089719490840345,8.089719490840345,FALSE,FALSE
comm_2040,11.247548422552176,3.0504614665246166,10,2,1.9465060713143585,1.9465060713143585,FALSE,FALSE
comm_2041,10.842485114195725,3.0504614665246166,8,3,3.7570312382290303,3.757031238229031,FALSE,FALSE
comm_2042,9.947900502495454,3.0504614665246166,11,2,3.8481236811043846,3.848123681104384,FALSE,FALSE
comm_2043,11.58035556334789,3.0504614665246166,8,7,7.114260529832775,7.114260529832774,FALSE,FALSE
comm_2044,10.153850788953344,3.0504614665246166,12,8,7.274054440644079,7.274054440644077,FALSE,FALSE
comm_2045,9.704797329938406,3.0504614665246166,10,4,3.6531011137813625,3.6531011137813625,FALSE,FALSE
comm_2046,10.331539106372448,3.0504614665246166,8,4,6.686707051742946,6.686707051742946,FALSE,FALSE
comm_2047,9.032416587806958,3.0504614665246166,12,3,4.600154677439056,4.600154677439057,FALSE,FALSE
comm_2048,9.500524385864122,3.0504614665246166,12,5,4.840019025669578,4.840019025669578,FALSE,FALSE
comm_2049,10.91684161650956,3.0504614665246166,9,6,5.793112057810153,5.793112057810152,FALSE,FALSE
comm_2050,9.208828246,3.0504614665246166,10,5,6.177602194135922,6.177602194135921,FALSE,FALSE
comm_2051,10.542450186183196,3.0504614665246166,9,4,4.686512060327679,4.686512060327679,FALSE,FALSE
comm_2052,10.949901485996875,3.0504614665246166,11,5,4.419079163877731,4.419079163877729,FALSE,FALSE
comm_2053,10.42496829789002,3.0504614665246166,10,5,2.7075572895728826,2.7075572895728826,FALSE,FALSE
comm_2054,9.999679746120886,3.0504614665246166,10,4,4.705508641503444,4.705508641503444,FALSE,FALSE
comm_2055,9.131881452,3.0504614665246166,10,5,8.877925237037715,8.877925237037715,FALSE,FALSE
comm_2056,10.168113663191182,3.0504614665246166,11,6,6.494694413023088,6.494694413023088,FALSE,FALSE
comm_2057,10.406906146555832,3.0504614665246166,9,4,6.615560572208623,6.615560572208621,FALSE,FALSE
comm_2058,9.582372997,3.0504614665246166,11,5,4.640324519119824,4.640324519119824,FALSE,FALSE
comm_2059,9.352969933814244,3.0504614665246166,9,5,4.174412819159793,4.174412819159792,FALSE,FALSE
comm_2060,10.721938653934686,3.0504614665246166,10,5,5.351549190542997,5.351549190542998,FALSE,FALSE
comm_2061,11.17101203729055,3.0504614665246166,9,4,4.768607777297645,4.768607777297644,FALSE,FALSE
comm_2062,9.897373522307992,3.0504614665246166,12,4,1.8651063275066333,1.8651063275066333,FALSE,FALSE
comm_2063,10.20415425306659,3.0504614665246166,9,3,1.8542284620121847,1.8542284620121845,FALSE,FALSE
comm_2064,9.556099262821837,3.0504614665246166,8,5,7.4386755289005055,7.4386755289005055,FALSE,FALSE
comm_2065,11.897733864643284,3.0504614665246166,11,5,3.328126394536136,3.3281263945361346,FALSE,FALSE
comm_2066,8.864144143401049,3.0504614665246166,12,7,8.841508078188566,8.841508078188566,FALSE,FALSE
comm_2067,11.817604951203847,3.0504614665246166,8,4,3.793227061821633,3.793227061821634,FALSE,FALSE
comm_2068,9.140978076,3.0504614665246166,12,5,4.578674780709627,4.578674780709626,FALSE,FALSE
comm_2069,10.509592288958578,3.0504614665246166,12,6,6.548105707060549,6.548105707060549,FALSE,FALSE
comm_2070,9.496103145,3.0504614665246166,12,6,9.607882950834153,9.607882951,FALSE,FALSE
comm_2071,8.833481647478852,3.0504614665246166,11,4,6.237698098417231,6.237698098417231,FALSE,FALSE
comm_2072,10.33204078901699,3.0504614665246166,11,3,7.214758320352198,7.21475832,FALSE,FALSE
comm_2073,9.920959889242264,3.0504614665246166,12,6,4.806395768520157,4.806395768520157,FALSE,FALSE
comm_2074,10.092595650990392,3.0504614665246166,12,5,4.462389741597589,4.462389741597589,FALSE,FALSE
comm_2075,9.614582811607152,3.0504614665246166,10,4,5.249180761006099,5.249180761006099,FALSE,FALSE
comm_2076,9.563511888214668,3.0504614665246166,10,5,8.360784382084283,8.360784382084285,FALSE,FALSE
comm_2077,10.064661831968484,3.0504614665246166,9,4,5.906983649374248,5.906983649374249,FALSE,FALSE
comm_2078,10.000032882312322,3.0504614665246166,9,3,1.7061626164757182,1.7061626164757178,FALSE,FALSE
comm_2079,10.201241601795637,3.0504614665246166,10,5,7.584107502,7.584107501809989,FALSE,FALSE
comm_2080,9.519336210706724,3.0504614665246166,11,5,4.741360832,4.741360832159559,FALSE,FALSE
comm_2081,8.790174683881764,3.0504614665246166,9,4,9.438759267615373,9.438759267615373,FALSE,FALSE
comm_2082,11.046463170293794,3.0504614665246166,12,6,4.1101148381791575,4.1101148381791575,FALSE,FALSE
comm_2083,10.33074825558537,3.0504614665246166,10,4,3.597034309961526,3.597034309961526,FALSE,FALSE
comm_2084,9.789623568071407,3.0504614665246166,11,4,1.9749421474052973,1.9749421474052968,FALSE,FALSE
comm_2085,9.234694854,3.0504614665246166,11,4,3.5997008674207347,3.5997008674207343,FALSE,FALSE
comm_2086,10.115415666761152,3.0504614665246166,9,5,4.276302925418582,4.276302925418582,FALSE,FALSE
comm_2087,9.354936848484344,3.0504614665246166,9,2,5.011834526478495,5.011834526478494,FALSE,FALSE
comm_2088,9.473127176013792,3.0504614665246166,12,3,4.388595066917487,4.388595066917488,FALSE,FALSE
comm_2089,8.942508707557213,3.0504614665246166,9,0,0,0,FALSE,FALSE
comm_2090,9.932367747607874,3.0504614665246166,10,4,5.976688551646344,5.976688551646344,FALSE,FALSE
comm_2091,11.82389100742078,3.0504614665246166,9,3,3.510022357,3.5100223570579594,FALSE,FALSE
comm_2092,9.777749516425963,3.0504614665246166,11,4,7.201296199088294,7.201296199088294,FALSE,FALSE
comm_2093,10.47810137,3.0504614665246166,9,6,4.528161669,4.5281616685436195,FALSE,FALSE
comm_2094,8.202537338872665,3.0504614665246166,11,4,4.231014983492162,4.2310149834921615,FALSE,FALSE
comm_2095,10.457868558050668,3.0504614665246166,9,5,5.445580200378401,5.4455802,FALSE,FALSE
comm_2096,9.417830088,3.0504614665246166,10,5,5.315986312823926,5.315986312823926,FALSE,FALSE
comm_2097,14.02310520150384,3.0504614665246166,8,3,1.1496066842174384,1.1496066842174382,FALSE,FALSE
comm_2098,10.87817568,3.0504614665246166,9,4,4.683546265793906,4.683546265793906,FALSE,FALSE
comm_2099,9.482989248,3.0504614665246166,12,4,5.525188797800439,5.525188798,FALSE,FALSE
comm_2100,9.870356057143516,3.0504614665246166,8,4,5.846326834361902,5.846326834361901,FALSE,FALSE
comm_2101,9.065166271,3.0504614665246166,12,3,4.612443026547998,4.612443026547997,FALSE,FALSE
comm_2102,10.212456588046152,3.0504614665246166,10,4,1.0236155504516034,1.0236155504516034,FALSE,FALSE
comm_2103,10.940505391541365,3.0504614665246166,12,4,2.1151617218565426,2.1151617218565426,FALSE,FALSE
comm_2104,10.268379570726328,3.0504614665246166,9,3,2.5362764294081637,2.5362764294081637,FALSE,FALSE
comm_2105,9.796346286,3.0504614665246166,8,2,0.8206862167392301,0.820686217,FALSE,FALSE
comm_2106,9.693842585084758,3.0504614665246166,9,5,4.713479228445752,4.713479228,FALSE,FALSE
comm_2107,10.39834714165269,3.0504614665246166,12,5,2.531591713326147,2.531591713326147,FALSE,FALSE
comm_2108,8.287058979739955,3.0504614665246166,8,4,5.799727778529693,5.799727778529693,FALSE,FALSE
comm_2109,9.278130067,3.0504614665246166,8,3,1.264232947057796,1.2642329470577962,FALSE,FALSE
comm_2110,11.177297392183618,3.0504614665246166,8,3,4.714954331429851,4.714954331429852,FALSE,FALSE
comm_2111,8.475886448962868,3.0504614665246166,10,3,5.2000045,5.2000045,FALSE,FALSE
comm_2112,8.921208711691046,3.0504614665246166,9,5,7.517390158746364,7.517390158746364,FALSE,FALSE
comm_2113,10.27386880336957,3.0504614665246166,9,4,8.491564521247568,8.491564521247568,FALSE,FALSE
comm_2114,10.155139421684684,3.0504614665246166,9,2,1.1975956546837694,1.1975956546837694,FALSE,FALSE
comm_2115,10.36094146433818,3.0504614665246166,12,6,3.3787599363909435,3.378759936390944,FALSE,FALSE
comm_2116,13.375928967046775,3.0504614665246166,8,3,4.352246578494171,4.352246578494171,FALSE,FALSE
comm_2117,11.25518929852385,3.0504614665246166,9,3,1.5066000773513002,1.506600077,FALSE,FALSE
comm_2118,10.083402131056497,3.0504614665246166,10,4,4.001606035499937,4.001606035499937,FALSE,FALSE
comm_2119,11.411117706349597,3.0504614665246166,8,4,3.122034661990372,3.122034661990372,FALSE,FALSE
comm_2120,9.375728370931352,3.0504614665246166,8,4,9.255087833403904,9.255087833403904,FALSE,FALSE
comm_2121,10.562660602652876,3.0504614665246166,11,6,8.029881835386135,8.029881835386135,FALSE,FALSE
comm_2122,10.880001356122722,3.0504614665246166,11,5,5.592182976410175,5.592182976410174,FALSE,FALSE
comm_2123,9.342593004,3.0504614665246166,8,4,6.783456033870546,6.7834560338705465,FALSE,FALSE
comm_2124,10.180640331836823,3.0504614665246166,10,4,5.498122787,5.498122787,FALSE,FALSE
comm_2125,9.795748347933111,3.0504614665246166,12,5,7.5285944684707795,7.528594468470779,FALSE,FALSE
comm_2126,9.328368978935927,3.0504614665246166,12,5,5.077783061291629,5.077783061291629,FALSE,FALSE
comm_2127,11.319048800758262,3.0504614665246166,10,4,3.747312085363961,3.7473120853639608,FALSE,FALSE
comm_2128,10.205573994645256,3.0504614665246166,10,4,1.9688564802617696,1.9688564802617696,FALSE,FALSE
comm_2129,10.552788944936465,3.0504614665246166,11,5,6.113491131814536,6.113491131814538,FALSE,FALSE
comm_2130,10.95856380628126,3.0504614665246166,9,3,2.1427669713823154,2.1427669713823154,FALSE,FALSE
comm_2131,9.140877789,3.0504614665246166,11,5,8.934482523372544,8.934482523372544,FALSE,FALSE
comm_2132,10.43497004360617,3.0504614665246166,9,4,4.611007419785688,4.611007419785688,FALSE,FALSE
comm_2133,10.11545737317122,3.0504614665246166,8,2,2.5854958003108455,2.585495800310845,FALSE,FALSE
comm_2134,9.248971701633568,3.0504614665246166,9,6,5.994351376138781,5.994351376138781,FALSE,FALSE
comm_2135,10.35246216718254,3.0504614665246166,10,4,2.7509445511601927,2.7509445511601927,FALSE,FALSE
comm_2136,8.275488947550462,3.0504614665246166,11,4,3.3456722099634923,3.345672209963493,FALSE,FALSE
comm_2137,9.043932895376043,3.0504614665246166,9,5,5.149504594442801,5.149504594442801,FALSE,FALSE
comm_2138,11.29276539680294,3.0504614665246166,10,4,3.148257863905614,3.148257863905614,FALSE,FALSE
comm_2139,9.663476601,3.0504614665246166,10,5,3.248147703837547,3.248147703837546,FALSE,FALSE
comm_2140,10.567632748179944,3.0504614665246166,8,4,6.180538088304994,6.180538088304995,FALSE,FALSE
comm_2141,9.401687509,3.0504614665246166,12,4,6.399935498755615,6.399935498755615,FALSE,FALSE
comm_2142,11.334086598325364,3.0504614665246166,9,4,5.497751920118306,5.497751920118306,FALSE,FALSE
comm_2143,8.401564631,3.0504614665246166,10,6,13.698729896473452,13.698729896473456,FALSE,FALSE
comm_2144,10.40496359901308,3.0504614665246166,8,4,5.883966212573333,5.883966212573333,FALSE,FALSE
comm_2145,8.384217386913988,3.0504614665246166,10,5,9.269362824172257,9.269362824,FALSE,FALSE
comm_2146,10.31937296886789,3.0504614665246166,12,7,3.610182763235998,3.610182763235998,FALSE,FALSE
comm_2147,13.22025561600063,3.0504614665246166,8,2,0.9086952818418824,0.9086952818418824,FALSE,FALSE
comm_2148,9.402149701,3.0504614665246166,10,4,7.038531258513329,7.038531258513328,FALSE,FALSE
comm_2149,9.099160128673672,3.0504614665246166,11,5,3.801129989333897,3.801129989333897,FALSE,FALSE
comm_2150,9.002331094518437,3.0504614665246166,8,3,5.384527883451463,5.384527883451463,FALSE,FALSE
comm_2151,9.791219248445769,3.0504614665246166,10,3,9.331212349033404,9.331212349033402,FALSE,FALSE
comm_2152,10.290940228977812,3.0504614665246166,11,4,2.3443356132942306,2.3443356132942306,FALSE,FALSE
comm_2153,9.559557270255342,3.0504614665246166,9,4,3.272343311273058,3.2723433112730573,FALSE,FALSE
comm_2154,8.728138901173057,3.0504614665246166,12,5,4.287442649191822,4.287442649191822,FALSE,FALSE
comm_2155,8.860337993339389,3.0504614665246166,11,5,4.248413998105508,4.248413998105507,FALSE,FALSE
comm_2156,9.452909291,3.0504614665246166,9,3,3.2359365462901626,3.235936546290163,FALSE,FALSE
comm_2157,10.003985503380688,3.0504614665246166,8,4,7.0990541530101225,7.0990541530101225,FALSE,FALSE
comm_2158,9.958828554,3.0504614665246166,11,5,5.736761897052544,5.736761897052542,FALSE,FALSE
comm_2159,12.424465456855822,3.0504614665246166,9,3,1.1450888312731995,1.1450888312731995,FALSE,FALSE
comm_2160,11.414738099614349,3.0504614665246166,11,3,1.8695621847107904,1.8695621847107904,FALSE,FALSE
comm_2161,9.910299473869916,3.0504614665246166,11,4,3.149594492962666,3.1495944929626662,FALSE,FALSE
comm_2162,9.961148579978849,3.0504614665246166,8,5,6.080890540211987,6.080890540211987,FALSE,FALSE
comm_2163,8.84891239,3.0504614665246166,11,7,8.085284263,8.085284263,FALSE,FALSE
comm_2164,10.96889807185341,3.0504614665246166,12,4,4.784002567642746,4.784002567642746,FALSE,FALSE
comm_2165,8.789875897902396,3.0504614665246166,8,3,1.8431400675510177,1.8431400675510177,FALSE,FALSE
comm_2166,9.217259055771914,3.0504614665246166,11,5,7.308607466,7.308607466,FALSE,FALSE
comm_2167,9.986766044551445,3.0504614665246166,9,3,2.188792572,2.1887925720018995,FALSE,FALSE
comm_2168,9.013253093988116,3.0504614665246166,10,3,8.557391511706903,8.557391511706902,FALSE,FALSE
comm_2169,11.314506893724786,3.0504614665246166,8,4,6.215191236163452,6.215191236163451,FALSE,FALSE
comm_2170,10.920735212850715,3.0504614665246166,8,3,3.1567695502159774,3.1567695502159774,FALSE,FALSE
comm_2171,9.872574439073944,3.0504614665246166,9,5,7.4472477014300305,7.447247701,FALSE,FALSE
comm_2172,9.535542033,3.0504614665246166,12,5,4.187268614740031,4.187268614740031,FALSE,FALSE
comm_2173,9.595999801487826,3.0504614665246166,8,3,3.564278876514986,3.5642788765149858,FALSE,FALSE
comm_2174,9.80831506,3.0504614665246166,11,6,6.163416581693025,6.163416581693025,FALSE,FALSE
comm_2175,9.697887188,3.0504614665246166,12,5,2.997845725,2.997845725,FALSE,FALSE
comm_2176,11.288034680922523,3.0504614665246166,9,4,3.4452759194632656,3.4452759194632647,FALSE,FALSE
comm_2177,9.199633139,3.0504614665246166,12,7,12.124720033286906,12.124720033286907,FALSE,FALSE
comm_2178,9.521381922965524,3.0504614665246166,11,7,7.816285146209983,7.816285146209983,FALSE,FALSE
comm_2179,9.941563279,3.0504614665246166,9,1,0.7812388001903533,0.7812388001903531,FALSE,FALSE
comm_2180,9.881911614,3.0504614665246166,12,5,3.748759060770384,3.748759060770385,FALSE,FALSE
comm_2181,8.554579929595807,3.0504614665246166,12,3,6.145713754213785,6.1457137542137845,FALSE,FALSE
comm_2182,10.518730788244737,3.0504614665246166,11,6,4.423783446617625,4.423783446617624,FALSE,FALSE
comm_2183,9.533200017,3.0504614665246166,10,5,4.745861301,4.745861301,FALSE,FALSE
comm_2184,9.480213220322993,3.0504614665246166,8,4,6.164120515,6.164120515,FALSE,FALSE
comm_2185,10.323821699614149,3.0504614665246166,8,4,5.105048526141242,5.105048526141241,FALSE,FALSE
comm_2186,10.952539641333894,3.0504614665246166,8,2,4.7286204211939085,4.728620421193909,FALSE,FALSE
comm_2187,11.663660116682104,3.0504614665246166,8,3,0.9619704744887924,0.9619704744887924,FALSE,FALSE
comm_2188,12.731054396480904,3.0504614665246166,9,3,3.412758324955078,3.412758324955078,FALSE,FALSE
comm_2189,9.222537440827356,3.0504614665246166,12,5,4.809571305,4.809571305,FALSE,FALSE
comm_2190,9.653936374745212,3.0504614665246166,8,4,2.936692172948027,2.936692172948028,FALSE,FALSE
comm_2191,8.349536065963962,3.0504614665246166,8,3,8.600569272785952,8.600569272785952,FALSE,FALSE
comm_2192,10.772367990188602,3.0504614665246166,12,4,4.239452598679244,4.239452598679245,FALSE,FALSE
comm_2193,9.129172139,3.0504614665246166,11,3,2.873608678381096,2.8736086783810952,FALSE,FALSE
comm_2194,10.521316240389416,3.0504614665246166,10,3,4.915045690121465,4.915045690121465,FALSE,FALSE
comm_2195,10.212982780524095,3.0504614665246166,11,5,6.1833284714209515,6.1833284714209515,FALSE,FALSE
comm_2196,9.539459919949726,3.0504614665246166,9,3,1.3120835051355515,1.3120835051355513,FALSE,FALSE
comm_2197,11.465537898051847,3.0504614665246166,8,2,2.5379874202747623,2.5379874202747623,FALSE,FALSE
comm_2198,11.431808560610508,3.0504614665246166,10,2,1.0209877894286263,1.0209877894286263,FALSE,FALSE
comm_2199,8.673863856,3.0504614665246166,12,5,5.386104898775616,5.386104898775616,FALSE,FALSE
comm_2200,9.897458968299915,3.0504614665246166,9,3,3.5138185337994123,3.513818533799411,FALSE,FALSE
comm_2201,12.84176855945558,3.0504614665246166,9,4,5.528075665170878,5.528075665170878,FALSE,FALSE
comm_2202,9.597742380777683,3.0504614665246166,11,4,6.922631789332924,6.9226317893329234,FALSE,FALSE
comm_2203,10.222118115660388,3.0504614665246166,8,3,0.8581099408872535,0.8581099408872533,FALSE,FALSE
comm_2204,9.741897507021134,3.0504614665246166,11,4,6.965010382412182,6.965010382412181,FALSE,FALSE
comm_2205,10.388536597041057,3.0504614665246166,9,3,3.4805971313759168,3.4805971313759168,FALSE,FALSE
comm_2206,9.490503952431826,3.0504614665246166,11,5,2.6713298121189877,2.6713298121189877,FALSE,FALSE
comm_2207,9.587992141921085,3.0504614665246166,11,3,10.429858449194557,10.429858449194557,FALSE,FALSE
comm_2208,9.299212445141809,3.0504614665246166,12,6,6.847778487,6.847778487489931,FALSE,FALSE
comm_2209,11.16563528884174,3.0504614665246166,9,4,2.3740334976089867,2.3740334976089863,FALSE,FALSE
comm_2210,11.847178259141758,3.0504614665246166,11,3,2.337304303424657,2.337304303424657,FALSE,FALSE
comm_2211,8.160605290562883,3.0504614665246166,9,5,6.2992252806131885,6.2992252806131885,FALSE,FALSE
comm_2212,9.762570531271829,3.0504614665246166,12,5,14.856136798897056,14.856136798897056,FALSE,FALSE
comm_2213,9.202386696867537,3.0504614665246166,12,7,9.818161387,9.818161387,FALSE,FALSE
comm_2214,7.702101004730661,3.0504614665246166,10,2,7.109549788,7.109549788,FALSE,FALSE
comm_2215,10.20145939978934,3.0504614665246166,11,2,0.1897195823053711,0.1897195823053712,FALSE,FALSE
comm_2216,9.017786133371771,3.0504614665246166,9,3,3.7300418142255367,3.730041814225537,FALSE,FALSE
comm_2217,9.668510258918934,3.0504614665246166,9,3,4.141624041447735,4.141624041447736,FALSE,FALSE
comm_2218,8.268966901262683,3.0504614665246166,11,6,7.869819333371693,7.869819333371692,FALSE,FALSE
comm_2219,9.902882850289506,3.0504614665246166,8,4,4.389667818572237,4.389667818572237,FALSE,FALSE
comm_2220,9.123254660465552,3.0504614665246166,11,6,6.242742850162806,6.242742850162807,FALSE,FALSE
comm_2221,10.249805759025032,3.0504614665246166,12,3,4.632033558763585,4.6320335587635855,FALSE,FALSE
comm_2222,9.159061931467065,3.0504614665246166,11,2,1.0900189246765095,1.0900189246765095,FALSE,FALSE
comm_2223,10.263200609682391,3.0504614665246166,9,4,6.919916816592766,6.919916816592765,FALSE,FALSE
comm_2224,9.204402559942965,3.0504614665246166,11,4,6.878651316071821,6.878651316071819,FALSE,FALSE
comm_2225,10.672951339714803,3.0504614665246166,12,6,4.620134714,4.620134714187999,FALSE,FALSE
comm_2226,9.441496041051586,3.0504614665246166,8,2,1.1507032062355345,1.1507032062355342,FALSE,FALSE
comm_2227,10.48927418972564,3.0504614665246166,10,4,3.740702199158909,3.7407021991589096,FALSE,FALSE
comm_2228,9.702374776833818,3.0504614665246166,9,4,3.995290807388366,3.9952908073883657,FALSE,FALSE
comm_2229,9.047510127674045,3.0504614665246166,8,2,4.152644342196746,4.152644342196746,FALSE,FALSE
comm_2230,9.116333839725282,3.0504614665246166,9,4,10.91394465214643,10.913944652146432,FALSE,FALSE
comm_2231,8.913325727696277,3.0504614665246166,11,5,4.155687763178581,4.155687763178581,FALSE,FALSE
comm_2232,11.708282061105338,3.0504614665246166,9,4,5.112615306800667,5.1126153068006674,FALSE,FALSE
comm_2233,10.698356591865572,3.0504614665246166,12,3,2.2530508715361908,2.253050871536191,FALSE,FALSE
comm_2234,10.132506316593624,3.0504614665246166,10,4,3.498330018190704,3.498330018190703,FALSE,FALSE
comm_2235,9.494034585764073,3.0504614665246166,11,6,5.707228451200834,5.707228451200835,FALSE,FALSE
comm_2236,10.34839884027209,3.0504614665246166,9,2,1.3172049487022095,1.3172049487022095,FALSE,FALSE
comm_2237,9.756221500247737,3.0504614665246166,12,7,3.982189964228689,3.982189964228688,FALSE,FALSE
comm_2238,9.917397846491914,3.0504614665246166,9,1,1.674139261679295,1.6741392616792945,FALSE,FALSE
comm_2239,9.673333630804947,3.0504614665246166,11,3,4.190258084090782,4.190258084090782,FALSE,FALSE
comm_2240,9.207047182,3.0504614665246166,11,4,5.308076388699838,5.308076388699838,FALSE,FALSE
comm_2241,10.77712029530175,3.0504614665246166,8,4,5.248098789394803,5.248098789394803,FALSE,FALSE
comm_2242,9.136596923,3.0504614665246166,11,4,4.953038761513341,4.953038761513342,FALSE,FALSE
comm_2243,9.044263692273194,3.0504614665246166,11,6,6.463582946256344,6.463582946256342,FALSE,FALSE
comm_2244,9.024806354,3.0504614665246166,9,4,5.944277011744772,5.944277012,FALSE,FALSE
comm_2245,9.582600163307893,3.0504614665246166,10,4,4.033507689,4.033507689,FALSE,FALSE
comm_2246,10.133904070398035,3.0504614665246166,11,4,5.945518371386064,5.945518371386063,FALSE,FALSE
comm_2247,10.356258550701224,3.0504614665246166,11,4,4.149582013280503,4.149582013280502,FALSE,FALSE
comm_2248,8.634173221594748,3.0504614665246166,10,3,13.411586290264594,13.41158629026459,FALSE,FALSE
comm_2249,9.388365053646233,3.0504614665246166,8,4,5.565112482232441,5.565112482,FALSE,FALSE
comm_2250,8.768439645,3.0504614665246166,12,3,2.9010547289227153,2.9010547289227153,FALSE,FALSE
comm_2251,9.674140563528258,3.0504614665246166,10,5,5.744003001753719,5.744003002,FALSE,FALSE
comm_2252,10.688655796770446,3.0504614665246166,11,5,5.183755831702855,5.183755831702855,FALSE,FALSE
comm_2253,9.641954996643635,3.0504614665246166,12,5,5.836853559936505,5.836853559936505,FALSE,FALSE
comm_2254,8.866383365992538,3.0504614665246166,10,4,8.376510339196786,8.376510339196786,FALSE,FALSE
comm_2255,11.455132726520956,3.0504614665246166,9,4,6.065321522291637,6.065321522291637,FALSE,FALSE
comm_2256,11.927288067741054,3.0504614665246166,8,3,5.0764557488663264,5.0764557488663264,FALSE,FALSE
comm_2257,9.949552350906387,3.0504614665246166,11,2,1.470593224,1.4705932240328692,FALSE,FALSE
comm_2258,9.103122602253372,3.0504614665246166,9,4,2.835654244145344,2.8356542441453443,FALSE,FALSE
comm_2259,11.38586303176688,3.0504614665246166,11,2,4.243306296239729,4.243306296239729,FALSE,FALSE
comm_2260,9.047359970673869,3.0504614665246166,8,4,7.713953995502436,7.713953995502437,FALSE,FALSE
comm_2261,10.412335607599852,3.0504614665246166,11,5,4.9801520485801385,4.9801520485801385,FALSE,FALSE
comm_2262,10.603505914585742,3.0504614665246166,12,7,10.378891022018689,10.378891022018683,FALSE,FALSE
comm_2263,8.837034379159897,3.0504614665246166,10,5,9.257581012560523,9.257581012560523,FALSE,FALSE
comm_2264,10.378467378628336,3.0504614665246166,10,3,4.155764411035323,4.155764411035323,FALSE,FALSE
comm_2265,10.829942244541767,3.0504614665246166,12,6,6.116516862454699,6.116516862454699,FALSE,FALSE
comm_2266,10.735183150665748,3.0504614665246166,11,6,8.597122809,8.597122809,FALSE,FALSE
comm_2267,8.689379354681362,3.0504614665246166,10,6,5.708964089169356,5.708964089169357,FALSE,FALSE
comm_2268,10.252886089657684,3.0504614665246166,8,2,2.048164333381654,2.048164333381654,FALSE,FALSE
comm_2269,8.524478164140593,3.0504614665246166,9,2,1.272337913416419,1.2723379134164192,FALSE,FALSE
comm_2270,8.977978212840073,3.0504614665246166,9,3,2.1833897937882663,2.1833897937882667,FALSE,FALSE
comm_2271,10.937788258382929,3.0504614665246166,8,3,6.505665624256968,6.505665624256969,FALSE,FALSE
comm_2272,10.346745295487622,3.0504614665246166,9,4,5.573118950465663,5.573118950465662,FALSE,FALSE
comm_2273,10.270164099753416,3.0504614665246166,8,3,2.334690851073197,2.3346908510731974,FALSE,FALSE
comm_2274,10.333070510694826,3.0504614665246166,8,4,2.397590322905756,2.397590322905756,FALSE,FALSE
comm_2275,8.855230692969634,3.0504614665246166,10,3,4.7960410013093675,4.796041001309369,FALSE,FALSE
comm_2276,8.305768934680865,3.0504614665246166,11,5,6.982293842524114,6.982293842524115,FALSE,FALSE
comm_2277,10.388251833505375,3.0504614665246166,8,4,2.8134829230068976,2.813482923006897,FALSE,FALSE
comm_2278,12.168854662621348,3.0504614665246166,10,4,4.245816050456247,4.245816050456247,FALSE,FALSE
comm_2279,10.40109503656288,3.0504614665246166,11,4,1.1748264097800822,1.1748264097800822,FALSE,FALSE
comm_2280,11.073905321970086,3.0504614665246166,12,4,4.458364977623512,4.4583649776235115,FALSE,FALSE
comm_2281,8.947043631020522,3.0504614665246166,11,5,5.047221933907553,5.047221933907553,FALSE,FALSE
comm_2282,8.785889529653728,3.0504614665246166,8,4,5.562403179488861,5.562403179,FALSE,FALSE
comm_2283,9.117386722731045,3.0504614665246166,12,4,2.433061529801143,2.4330615298011424,FALSE,FALSE
comm_2284,10.129384051990533,3.0504614665246166,10,4,4.007418900154059,4.007418900154059,FALSE,FALSE
comm_2285,9.044771138030368,3.0504614665246166,8,2,2.4620958954665424,2.4620958954665424,FALSE,FALSE
comm_2286,10.002385666967058,3.0504614665246166,11,6,4.399863390788666,4.399863390788665,FALSE,FALSE
comm_2287,9.879913295487466,3.0504614665246166,11,4,4.701268146,4.701268146,FALSE,FALSE
comm_2288,11.186398866325062,3.0504614665246166,10,4,3.612928699548245,3.612928699548245,FALSE,FALSE
comm_2289,10.55367635747789,3.0504614665246166,8,4,8.527544172056771,8.527544172056771,FALSE,FALSE
comm_2290,9.626563039977253,3.0504614665246166,8,4,5.814505383620983,5.814505383620982,FALSE,FALSE
comm_2291,9.251639877836016,3.0504614665246166,11,5,5.2348575714319345,5.234857571431934,FALSE,FALSE
comm_2292,9.455145400767504,3.0504614665246166,11,3,5.155097763943406,5.155097763943405,FALSE,FALSE
comm_2293,10.134413308007945,3.0504614665246166,8,4,5.263487438619864,5.263487438619864,FALSE,FALSE
comm_2294,9.800513109208948,3.0504614665246166,12,5,3.906573732344405,3.906573732344403,FALSE,FALSE
comm_2295,8.067629671243004,3.0504614665246166,8,4,7.282644087500126,7.282644087500128,FALSE,FALSE
comm_2296,8.474875175359843,3.0504614665246166,10,5,4.716168341854025,4.716168341854025,FALSE,FALSE
comm_2297,9.608585681,3.0504614665246166,10,5,5.633323642036626,5.633323642036627,FALSE,FALSE
comm_2298,9.898074416360192,3.0504614665246166,12,4,3.866683552470752,3.866683552470752,FALSE,FALSE
comm_2299,10.688803465641117,3.0504614665246166,11,3,3.5018739163811405,3.501873916381141,FALSE,FALSE
comm_2300,9.366188305881243,3.0504614665246166,10,7,7.604876405571355,7.604876405571355,FALSE,FALSE
comm_2301,11.769246337960212,3.0504614665246166,8,3,0.993898238,0.993898238,FALSE,FALSE
comm_2302,9.808873293535092,3.0504614665246166,11,3,6.665013524371128,6.665013524371129,FALSE,FALSE
comm_2303,9.843788023073166,3.0504614665246166,12,4,4.948558404278168,4.948558404278168,FALSE,FALSE
comm_2304,10.98662377583154,3.0504614665246166,10,3,2.185530287542676,2.1855302875426754,FALSE,FALSE
comm_2305,8.614411926,3.0504614665246166,12,3,2.173401217130561,2.1734012171305603,FALSE,FALSE
comm_2306,9.300693780834608,3.0504614665246166,9,3,3.091648748,3.091648748,FALSE,FALSE
comm_2307,9.220735158890127,3.0504614665246166,10,4,4.387389395025037,4.387389395025037,FALSE,FALSE
comm_2308,10.77354724475476,3.0504614665246166,12,4,2.8682612740615605,2.8682612740615605,FALSE,FALSE
comm_2309,9.194389034,3.0504614665246166,11,2,2.24947598,2.2494759795606103,FALSE,FALSE
comm_2310,10.684102928566764,3.0504614665246166,8,4,6.6249413020504555,6.6249413020504555,FALSE,FALSE
comm_2311,8.929556176718899,3.0504614665246166,10,4,8.882104701326355,8.882104701326355,FALSE,FALSE
comm_2312,10.505623628246775,3.0504614665246166,10,1,0.1861806180993752,0.1861806180993751,FALSE,FALSE
comm_2313,10.980281759178965,3.0504614665246166,8,1,0.71999761,0.7199976103379012,FALSE,FALSE
comm_2314,9.910768740438211,3.0504614665246166,10,3,2.2151833282396103,2.215183328,FALSE,FALSE
comm_2315,9.860235023170643,3.0504614665246166,8,3,2.719782550444513,2.7197825504445117,FALSE,FALSE
comm_2316,10.32143632813037,3.0504614665246166,10,2,1.351903453258317,1.351903453258317,FALSE,FALSE
comm_2317,11.038242520806408,3.0504614665246166,9,5,4.551522924980091,4.551522924980091,FALSE,FALSE
comm_2318,9.514798594601457,3.0504614665246166,8,3,4.356279976561821,4.356279976561822,FALSE,FALSE
comm_2319,9.783724100768136,3.0504614665246166,12,5,3.9002154885298626,3.900215488529862,FALSE,FALSE
comm_2320,10.435666143087149,3.0504614665246166,12,8,5.933941921000813,5.933941921000813,FALSE,FALSE
comm_2321,9.252687864453476,3.0504614665246166,11,1,0.019002879,0.019002879,FALSE,FALSE
comm_2322,8.764488923509822,3.0504614665246166,9,5,5.3429809718631525,5.3429809718631525,FALSE,FALSE
comm_2323,10.382840197271474,3.0504614665246166,8,3,5.471100352612053,5.471100352612052,FALSE,FALSE
comm_2324,11.092485989636714,3.0504614665246166,12,6,6.239956794760969,6.2399567947609675,FALSE,FALSE
comm_2325,10.70295952928166,3.0504614665246166,9,2,1.6572894055435663,1.657289405543566,FALSE,FALSE
comm_2326,9.054544429375872,3.0504614665246166,11,3,6.102185680140192,6.102185680140192,FALSE,FALSE
comm_2327,9.961404799,3.0504614665246166,9,3,0.627854192,0.6278541919944531,FALSE,FALSE
comm_2328,8.559273355653414,3.0504614665246166,9,4,6.303294937583512,6.303294937583512,FALSE,FALSE
comm_2329,9.055904352031824,3.0504614665246166,11,5,6.188455074956712,6.188455074956713,FALSE,FALSE
comm_2330,11.518576094418531,3.0504614665246166,11,4,5.743484998256227,5.743484998256227,FALSE,FALSE
comm_2331,11.315554286636289,3.0504614665246166,12,7,2.9674022463045344,2.967402246304535,FALSE,FALSE
comm_2332,10.606063256852362,3.0504614665246166,11,4,2.057897655561433,2.0578976555614332,FALSE,FALSE
comm_2333,10.151603568325756,3.0504614665246166,11,5,6.134805991,6.134805991190488,FALSE,FALSE
comm_2334,9.311223593,3.0504614665246166,11,4,3.621842727132632,3.621842727132632,FALSE,FALSE
comm_2335,12.212648921529006,3.0504614665246166,9,3,2.6892365919767895,2.6892365919767895,FALSE,FALSE
comm_2336,10.68138571892072,3.0504614665246166,10,4,6.101517231397205,6.101517231397206,FALSE,FALSE
comm_2337,9.586903536852931,3.0504614665246166,12,5,4.739098289457548,4.739098289457549,FALSE,FALSE
comm_2338,10.631105870630348,3.0504614665246166,9,2,3.678994218541831,3.678994218541831,FALSE,FALSE
comm_2339,9.041881593911077,3.0504614665246166,10,2,2.271291712114162,2.271291712114162,FALSE,FALSE
comm_2340,10.87042842166298,3.0504614665246166,8,5,8.840051062060368,8.840051062,FALSE,FALSE
comm_2341,10.817379539458914,3.0504614665246166,12,6,8.257488289591514,8.257488289591514,FALSE,FALSE
comm_2342,11.35455183477146,3.0504614665246166,11,4,1.824587465439708,1.824587465439708,FALSE,FALSE
comm_2343,12.068142944581895,3.0504614665246166,9,2,0.826190251,0.826190251,FALSE,FALSE
comm_2344,8.549136938190289,3.0504614665246166,12,6,5.512734382601265,5.512734382601266,FALSE,FALSE
comm_2345,9.276938887,3.0504614665246166,12,4,3.582319034681981,3.5823190346819813,FALSE,FALSE
comm_2346,9.627243722302923,3.0504614665246166,11,5,7.2079158244962755,7.207915824496276,FALSE,FALSE
comm_2347,11.304547646690164,3.0504614665246166,12,5,3.518206764686296,3.518206764686296,FALSE,FALSE
comm_2348,9.607653282206618,3.0504614665246166,9,2,7.777546009273163,7.777546009273161,FALSE,FALSE
comm_2349,9.995808439350732,3.0504614665246166,10,3,3.290612628591761,3.2906126285917616,FALSE,FALSE
comm_2350,9.695255639,3.0504614665246166,11,5,6.333893624614975,6.333893624614974,FALSE,FALSE
comm_2351,9.700220123652612,3.0504614665246166,9,3,1.891808111507166,1.891808111507166,FALSE,FALSE
comm_2352,10.62964705702257,3.0504614665246166,10,2,1.4358366175140915,1.4358366175140918,FALSE,FALSE
comm_2353,10.244301643861649,3.0504614665246166,12,3,1.5181429568807434,1.5181429568807436,FALSE,FALSE
comm_2354,10.832543509974489,3.0504614665246166,11,5,3.438289767389565,3.4382897673895645,FALSE,FALSE
comm_2355,9.906791492980233,3.0504614665246166,10,4,9.954817714995684,9.954817714995684,FALSE,FALSE
comm_2356,9.267528642797089,3.0504614665246166,12,5,5.154609967298371,5.154609967,FALSE,FALSE
comm_2357,9.131183229935669,3.0504614665246166,9,2,1.9326673167478263,1.932667316747826,FALSE,FALSE
comm_2358,11.216123424719363,3.0504614665246166,8,2,4.939089977966246,4.939089977966245,FALSE,FALSE
comm_2359,10.65938165167154,3.0504614665246166,12,8,6.211849690586183,6.211849690586185,FALSE,FALSE
comm_2360,10.020151938934418,3.0504614665246166,9,2,2.838068602406513,2.838068602406513,FALSE,FALSE
comm_2361,11.199994257307482,3.0504614665246166,9,5,4.527307567,4.527307567,FALSE,FALSE
comm_2362,10.091977855350883,3.0504614665246166,8,3,3.006738893845373,3.0067388938453736,FALSE,FALSE
comm_2363,10.599849047172317,3.0504614665246166,9,5,5.966773966429483,5.966773966429484,FALSE,FALSE
comm_2364,9.506593421690866,3.0504614665246166,10,5,6.6712469146260425,6.6712469146260425,FALSE,FALSE
comm_2365,9.228620440796544,3.0504614665246166,9,4,5.553058682632585,5.553058682632585,FALSE,FALSE
comm_2366,11.03144371573185,3.0504614665246166,10,5,4.978234621713965,4.978234621713966,FALSE,FALSE
comm_2367,10.661582690677893,3.0504614665246166,9,5,5.153282635705403,5.153282635705403,FALSE,FALSE
comm_2368,9.861459300466654,3.0504614665246166,9,5,5.2575118461402495,5.257511846,FALSE,FALSE
comm_2369,10.569905124230877,3.0504614665246166,8,3,3.043777998871366,3.043777998871366,FALSE,FALSE
comm_2370,9.123079504924974,3.0504614665246166,12,3,3.5883968741315244,3.588396874131524,FALSE,FALSE
comm_2371,11.441647638673144,3.0504614665246166,12,5,2.1389671086530697,2.1389671086530697,FALSE,FALSE
comm_2372,10.928602373783788,3.0504614665246166,9,2,2.440966551787601,2.4409665517876005,FALSE,FALSE
comm_2373,9.339727247,3.0504614665246166,10,3,6.686008912970442,6.686008912970442,FALSE,FALSE
comm_2374,9.438565910418074,3.0504614665246166,10,5,5.271472721332611,5.271472721,FALSE,FALSE
comm_2375,9.057391924121315,3.0504614665246166,12,7,16.079794790797568,16.079794790797564,FALSE,FALSE
comm_2376,9.980627998985144,3.0504614665246166,12,3,0.9869170033576182,0.986917003,FALSE,FALSE
comm_2377,9.694707820209148,3.0504614665246166,12,6,7.482876660445915,7.482876660445917,FALSE,FALSE
comm_2378,9.360106493242396,3.0504614665246166,8,1,0.5881091401691989,0.5881091401691988,FALSE,FALSE
comm_2379,11.177132360989544,3.0504614665246166,10,4,5.703500499322358,5.703500499322358,FALSE,FALSE
comm_2380,10.234120530006413,3.0504614665246166,9,2,3.322764520396432,3.322764520396431,FALSE,FALSE
comm_2381,10.54044714511965,3.0504614665246166,8,0,0,0,FALSE,FALSE
comm_2382,10.811388059984465,3.0504614665246166,12,3,1.2991929513918332,1.299192951391833,FALSE,FALSE
comm_2383,9.386769093060725,3.0504614665246166,12,4,4.693802127698002,4.693802127698003,FALSE,FALSE
comm_2384,10.838979138729508,3.0504614665246166,10,6,11.235714790270546,11.235714790270546,FALSE,FALSE
comm_2385,9.080427993763395,3.0504614665246166,11,5,10.168596692762767,10.168596692762767,FALSE,FALSE
comm_2386,9.869470422,3.0504614665246166,11,5,5.065550648545991,5.065550648545992,FALSE,FALSE
comm_2387,12.13613455165838,3.0504614665246166,10,2,2.6160161101134576,2.616016110113458,FALSE,FALSE
comm_2388,11.59693614,3.0504614665246166,9,3,1.4111956940023815,1.4111956940023818,FALSE,FALSE
comm_2389,10.435582408043842,3.0504614665246166,9,4,2.819524058,2.8195240583792907,FALSE,FALSE
comm_2390,9.614422286697527,3.0504614665246166,9,6,7.756976081702955,7.756976081702955,FALSE,FALSE
comm_2391,8.863993797440294,3.0504614665246166,8,5,8.412468936661195,8.412468936661194,FALSE,FALSE
comm_2392,12.887833200094644,3.0504614665246166,9,6,3.556067019669309,3.5560670196693094,FALSE,FALSE
comm_2393,10.581805606714438,3.0504614665246166,10,4,3.4492215860294837,3.449221586029484,FALSE,FALSE
comm_2394,10.109232656340096,3.0504614665246166,8,2,2.463190273250899,2.4631902732508992,FALSE,FALSE
comm_2395,9.537695213041449,3.0504614665246166,10,4,4.929528262,4.929528262023381,FALSE,FALSE
comm_2396,10.997910145176926,3.0504614665246166,9,4,2.4385780820541516,2.438578082054152,FALSE,FALSE
comm_2397,8.807681742009628,3.0504614665246166,11,8,11.46716394132794,11.46716394132794,FALSE,FALSE
comm_2398,9.355934328254095,3.0504614665246166,8,4,3.9824582007409126,3.982458200740912,FALSE,FALSE
comm_2399,9.674652004,3.0504614665246166,10,3,2.878794896779941,2.878794896779941,FALSE,FALSE
comm_2400,9.224054249767816,3.0504614665246166,12,4,6.638597517451938,6.638597517451938,FALSE,FALSE
comm_2401,9.728570216,3.0504614665246166,9,5,8.181840365953425,8.181840365953423,FALSE,FALSE
comm_2402,9.920128387129871,3.0504614665246166,12,5,5.394300585036467,5.394300585036467,FALSE,FALSE
comm_2403,10.021640417130014,3.0504614665246166,11,6,8.247645761,8.247645760800742,FALSE,FALSE
comm_2404,11.234435361526671,3.0504614665246166,9,3,5.4751696887145815,5.4751696887145815,FALSE,FALSE
comm_2405,11.57531536302188,3.0504614665246166,8,1,1.4336884573930555,1.433688457393056,FALSE,FALSE
comm_2406,9.688287478498005,3.0504614665246166,11,3,1.8240021282122525,1.8240021282122525,FALSE,FALSE
comm_2407,10.660005917598136,3.0504614665246166,11,5,2.337795392777563,2.337795392777563,FALSE,FALSE
comm_2408,9.301018569500012,3.0504614665246166,9,3,1.119511586415881,1.119511586415881,FALSE,FALSE
comm_2409,9.755892638275192,3.0504614665246166,11,4,5.558873777252256,5.558873777252255,FALSE,FALSE
comm_2410,11.825955799847664,3.0504614665246166,8,3,1.944288047714866,1.944288047714866,FALSE,FALSE
comm_2411,9.480009251,3.0504614665246166,10,3,1.948755891907456,1.9487558919074564,FALSE,FALSE
comm_2412,9.644461528198546,3.0504614665246166,12,3,2.321617462169402,2.321617462169402,FALSE,FALSE
comm_2413,10.02378351215368,3.0504614665246166,9,3,4.054296411073279,4.054296411,FALSE,FALSE
comm_2414,9.366369417493232,3.0504614665246166,12,5,2.875212944256443,2.8752129442564436,FALSE,FALSE
comm_2415,9.190360720192306,3.0504614665246166,12,8,8.073536631246535,8.073536631246537,FALSE,FALSE
comm_2416,11.857704872368892,3.0504614665246166,11,6,5.243435870183084,5.243435870183084,FALSE,FALSE
comm_2417,11.778811731470109,3.0504614665246166,8,2,0.36334935,0.3633493501890451,FALSE,FALSE
comm_2418,9.052473343553691,3.0504614665246166,10,4,9.600203587113551,9.600203587113556,FALSE,FALSE
comm_2419,9.440981208,3.0504614665246166,11,7,7.502899687668774,7.502899687668773,FALSE,FALSE
comm_2420,10.314352189090306,3.0504614665246166,11,4,4.743667226,4.743667226,FALSE,FALSE
comm_2421,10.900323260238585,3.0504614665246166,12,4,3.0345996092233585,3.034599609223359,FALSE,FALSE
comm_2422,11.455339793235863,3.0504614665246166,11,6,5.531783897334759,5.531783897,FALSE,FALSE
comm_2423,10.033876425105666,3.0504614665246166,8,3,3.076670997760424,3.0766709977604236,FALSE,FALSE
comm_2424,10.352725183472913,3.0504614665246166,9,5,5.320470589839045,5.320470589839046,FALSE,FALSE
comm_2425,9.566310917,3.0504614665246166,8,3,4.342886691113742,4.342886691113743,FALSE,FALSE
comm_2426,10.979848869161938,3.0504614665246166,12,4,1.960970157296749,1.9609701572967488,FALSE,FALSE
comm_2427,11.337626433549142,3.0504614665246166,9,4,7.146189086478774,7.146189086478775,FALSE,FALSE
comm_2428,10.074204832514097,3.0504614665246166,11,5,4.931921690661593,4.931921690661594,FALSE,FALSE
comm_2429,8.919569276136311,3.0504614665246166,8,5,5.880197119183795,5.880197119183795,FALSE,FALSE
comm_2430,10.43445860251162,3.0504614665246166,12,4,2.428005509062327,2.428005509062327,FALSE,FALSE
comm_2431,11.41071778395492,3.0504614665246166,10,3,3.9370100856337182,3.937010086,FALSE,FALSE
comm_2432,12.341083627880645,3.0504614665246166,9,3,3.928394853483892,3.928394853483891,FALSE,FALSE
comm_2433,8.935315189931313,3.0504614665246166,9,3,4.978061813677353,4.978061813677353,FALSE,FALSE
comm_2434,10.753717359245224,3.0504614665246166,11,2,0.9804009761766252,0.9804009761766254,FALSE,FALSE
comm_2435,7.546603495885011,3.0504614665246166,9,3,4.753589698578921,4.753589698578921,FALSE,FALSE
comm_2436,11.077646138283924,3.0504614665246166,12,4,2.802310035056085,2.802310035056085,FALSE,FALSE
comm_2437,9.526838276484094,3.0504614665246166,10,6,13.055748618984255,13.055748618984254,FALSE,FALSE
comm_2438,11.755245715033656,3.0504614665246166,10,3,4.3587592047522055,4.3587592047522055,FALSE,FALSE
comm_2439,11.652280617036494,3.0504614665246166,9,2,2.8890591973302975,2.889059197330298,FALSE,FALSE
comm_2440,11.351582863976471,3.0504614665246166,12,4,4.736979085714468,4.736979085714468,FALSE,FALSE
comm_2442,13.947050437323613,3.0504614665246166,9,3,1.1677363550585516,1.1677363550585516,FALSE,FALSE
comm_2443,9.712446551355423,3.0504614665246166,10,3,1.391727982454353,1.391727982454353,FALSE,FALSE
comm_2444,8.633411379,3.0504614665246166,8,4,5.087075873493966,5.0870758734939665,FALSE,FALSE
comm_2445,10.72029777,3.0504614665246166,11,4,2.228133087594275,2.228133087594275,FALSE,FALSE
comm_2446,12.947552625557565,3.0504614665246166,8,3,1.255535762559385,1.2555357625593848,FALSE,FALSE
comm_2447,9.228632908,3.0504614665246166,8,3,5.5056160899945255,5.505616089994526,FALSE,FALSE
comm_2448,10.037204724968303,3.0504614665246166,12,5,4.930864564711975,4.930864564711975,FALSE,FALSE
comm_2449,10.470179883725493,3.0504614665246166,9,5,7.663552020963061,7.663552020963061,FALSE,FALSE
comm_2450,12.017234841430977,3.0504614665246166,8,3,4.958423186699276,4.958423186699276,FALSE,FALSE
comm_2451,13.40634970226008,3.0504614665246166,10,6,1.7493900967696785,1.7493900967696785,FALSE,FALSE
comm_2452,8.691037596,3.0504614665246166,9,4,5.6258987053510445,5.625898705351044,FALSE,FALSE
comm_2453,9.818654911499848,3.0504614665246166,12,6,5.674328278027085,5.674328278027085,FALSE,FALSE
comm_2454,10.06884888059368,3.0504614665246166,12,3,7.329270368876447,7.329270368876447,FALSE,FALSE
comm_2455,9.131641298382837,3.0504614665246166,11,4,1.3451176922625674,1.3451176922625674,FALSE,FALSE
comm_2456,9.665775666,3.0504614665246166,10,4,8.390387846774978,8.390387846774976,FALSE,FALSE
comm_2457,9.140722067,3.0504614665246166,8,5,4.238086117356097,4.238086117356098,FALSE,FALSE
comm_2458,10.406358948576695,3.0504614665246166,10,6,8.358683084069568,8.358683084069568,FALSE,FALSE
comm_2459,10.211368342121244,3.0504614665246166,8,5,5.319414774,5.319414773785681,FALSE,FALSE
comm_2460,10.686651959924902,3.0504614665246166,11,6,4.186743238777445,4.186743238777446,FALSE,FALSE
comm_2461,11.57508381938478,3.0504614665246166,9,1,0.8864608249864437,0.8864608249864435,FALSE,FALSE
comm_2462,10.19731707512518,3.0504614665246166,12,5,3.9842416648148338,3.984241664814834,FALSE,FALSE
comm_2463,9.477028281909131,3.0504614665246166,8,2,3.1444088877775056,3.1444088877775056,FALSE,FALSE
comm_2464,10.018779624625518,3.0504614665246166,9,3,7.158040114360608,7.158040114360608,FALSE,FALSE
comm_2465,10.763268673756444,3.0504614665246166,12,7,3.833609339663228,3.8336093396632274,FALSE,FALSE
comm_2466,10.644590744025182,3.0504614665246166,9,4,3.0893914437855923,3.0893914437855927,FALSE,FALSE
comm_2467,10.177054755256124,3.0504614665246166,12,4,3.1349535714251235,3.1349535714251227,FALSE,FALSE
comm_2468,9.473075877848096,3.0504614665246166,12,5,2.656657405381848,2.6566574053818486,FALSE,FALSE
comm_2469,8.694610383575382,3.0504614665246166,11,5,4.832924871030334,4.832924871030333,FALSE,FALSE
comm_2470,10.501138300976171,3.0504614665246166,12,6,6.356276929452807,6.3562769294528065,FALSE,FALSE
comm_2471,9.611408888825288,3.0504614665246166,10,3,4.611701017353229,4.611701017353229,FALSE,FALSE
comm_2472,10.727779583530722,3.0504614665246166,9,4,4.989329719751945,4.989329719751944,FALSE,FALSE
comm_2473,9.406660295317607,3.0504614665246166,12,6,8.685803179291423,8.685803179,FALSE,FALSE
comm_2474,11.205267470686898,3.0504614665246166,9,5,3.421270378918159,3.4212703789181584,FALSE,FALSE
comm_2475,10.964565907733247,3.0504614665246166,11,3,1.6151018953505143,1.6151018953505143,FALSE,FALSE
comm_2476,8.985839953999406,3.0504614665246166,8,4,4.142922782683024,4.142922782683023,FALSE,FALSE
comm_2477,9.422059651795482,3.0504614665246166,9,4,4.046802453240333,4.046802453240334,FALSE,FALSE
comm_2478,11.585921351338538,3.0504614665246166,11,6,3.034579457069909,3.0345794570699085,FALSE,FALSE
comm_2479,10.46551338,3.0504614665246166,11,3,0.9789914190998996,0.9789914190998996,FALSE,FALSE
comm_2480,10.85966395635774,3.0504614665246166,12,5,3.425805992361191,3.425805992361191,FALSE,FALSE
comm_2481,9.622025178958625,3.0504614665246166,11,3,3.1084795982812268,3.1084795982812277,FALSE,FALSE
comm_2482,14.862738750821368,3.0504614665246166,8,3,1.223013808,1.223013808,FALSE,FALSE
comm_2483,12.35421733278807,3.0504614665246166,10,5,3.918796221406966,3.918796221406966,FALSE,FALSE
comm_2484,9.002675845903413,3.0504614665246166,8,3,3.6842221127487074,3.684222112748708,FALSE,FALSE
comm_2485,8.887484987863825,3.0504614665246166,10,4,5.073871887811945,5.073871887811945,FALSE,FALSE
comm_2486,12.049721326146946,3.0504614665246166,11,5,2.0080075308264926,2.0080075308264926,FALSE,FALSE
comm_2487,9.724409795787368,3.0504614665246166,12,5,2.2571418426826204,2.2571418426826204,FALSE,FALSE
comm_2488,8.957300353534022,3.0504614665246166,10,3,4.119531598335987,4.119531598335987,FALSE,FALSE
comm_2489,12.497164794236202,3.0504614665246166,8,3,2.253209926,2.253209926,FALSE,FALSE
comm_2490,9.273853983336204,3.0504614665246166,11,4,6.8459650747230745,6.845965074723073,FALSE,FALSE
comm_2491,10.175810573622092,3.0504614665246166,9,3,1.9757810881355808,1.9757810881355808,FALSE,FALSE
comm_2492,10.024701981478357,3.0504614665246166,10,6,4.367121528,4.367121528,FALSE,FALSE
comm_2493,9.105230607050611,3.0504614665246166,10,3,2.375761798872302,2.375761798872302,FALSE,FALSE
comm_2494,11.339947507032434,3.0504614665246166,8,3,2.9722956255895516,2.9722956255895516,FALSE,FALSE
comm_2495,9.537188599802429,3.0504614665246166,11,3,2.3923988836535277,2.392398883653528,FALSE,FALSE
comm_2496,9.784563754533773,3.0504614665246166,8,3,2.160000072366258,2.160000072366258,FALSE,FALSE
comm_2497,9.448672670957498,3.0504614665246166,9,4,1.9249846213714432,1.9249846213714432,FALSE,FALSE
comm_2498,11.409558410938777,3.0504614665246166,8,4,3.904958137071513,3.904958137071513,FALSE,FALSE
comm_2499,9.324495739846263,3.0504614665246166,10,5,10.05716813,10.05716813,FALSE,FALSE
comm_2500,10.24899058464957,3.0504614665246166,10,5,3.595336543507912,3.595336543507912,FALSE,FALSE
comm_2501,11.934606699479325,3.0504614665246166,10,5,2.197491396480065,2.197491396480065,FALSE,FALSE
comm_2502,10.96191548385622,3.0504614665246166,8,4,1.8904143999178813,1.8904143999178815,FALSE,FALSE
comm_2503,10.521684669198631,3.0504614665246166,10,4,2.109138434416449,2.109138434416449,FALSE,FALSE
comm_2504,9.947755927376948,3.0504614665246166,8,4,10.287131777595771,10.28713177759577,FALSE,FALSE
comm_2505,10.797030065888771,3.0504614665246166,12,3,4.500970330500744,4.500970330500744,FALSE,FALSE
comm_2506,9.841588036,3.0504614665246166,8,4,3.0162317059404646,3.016231705940465,FALSE,FALSE
comm_2507,9.444266939359576,3.0504614665246166,9,6,7.671589261996812,7.671589261996813,FALSE,FALSE
comm_2508,10.644839867249807,3.0504614665246166,8,3,2.587828152095912,2.5878281520959123,FALSE,FALSE
comm_2509,10.306802058912211,3.0504614665246166,8,2,3.709402613058218,3.7094026130582183,FALSE,FALSE
comm_2510,11.581791496866334,3.0504614665246166,9,4,4.900510365671419,4.900510365671419,FALSE,FALSE
comm_2511,10.76835509088881,3.0504614665246166,12,6,7.292573339,7.292573339252621,FALSE,FALSE
comm_2512,11.034824008036146,3.0504614665246166,8,2,2.568078239817265,2.568078239817265,FALSE,FALSE
comm_2513,10.070855163092418,3.0504614665246166,11,4,2.295546599391722,2.295546599391722,FALSE,FALSE
comm_2514,10.350781071861087,3.0504614665246166,11,5,3.337669327809151,3.337669327809151,FALSE,FALSE
comm_2515,9.223752516966734,3.0504614665246166,11,5,3.959079101303331,3.959079101,FALSE,FALSE
comm_2516,10.500638931800928,3.0504614665246166,9,3,2.2075007404822493,2.2075007404822498,FALSE,FALSE
comm_2517,11.166689087739591,3.0504614665246166,12,4,2.5694046136175235,2.5694046136175235,FALSE,FALSE
comm_2518,9.541260023316282,3.0504614665246166,12,6,5.0405032924807225,5.040503292480722,FALSE,FALSE
comm_2519,10.233755598096929,3.0504614665246166,9,4,2.421242499415005,2.4212424994150052,FALSE,FALSE
comm_2520,9.385701710380289,3.0504614665246166,11,2,0.2476481682677264,0.2476481682677264,FALSE,FALSE
comm_2521,10.064962541701655,3.0504614665246166,12,4,2.406612103441753,2.4066121034417525,FALSE,FALSE
comm_2522,12.647670689655644,3.0504614665246166,11,5,3.172470822008083,3.1724708220080835,FALSE,FALSE
comm_2523,10.737253990892809,3.0504614665246166,11,2,2.9243263070543013,2.9243263070543017,FALSE,FALSE
comm_2524,8.678773822787841,3.0504614665246166,10,4,5.763625683100574,5.763625683100575,FALSE,FALSE
comm_2525,9.804881289622823,3.0504614665246166,12,4,3.3763660996475906,3.3763660996475906,FALSE,FALSE
comm_2526,10.144434400185418,3.0504614665246166,8,5,4.355275866677114,4.355275866677114,FALSE,FALSE
comm_2527,10.478156025940525,3.0504614665246166,8,4,10.926100858822675,10.926100858822675,FALSE,FALSE
comm_2528,9.763899207,3.0504614665246166,12,6,9.086217587229312,9.086217587,FALSE,FALSE
comm_2529,10.250874569629955,3.0504614665246166,8,2,0.3023728817424564,0.3023728817424564,FALSE,FALSE
comm_2530,10.969337242454571,3.0504614665246166,9,4,6.146944986746644,6.146944986746644,FALSE,FALSE
comm_2531,8.617259859827477,3.0504614665246166,10,4,8.857584012323613,8.857584012323613,FALSE,FALSE
comm_2532,9.779181953743224,3.0504614665246166,9,3,2.304065880426087,2.3040658804260876,FALSE,FALSE
comm_2533,9.301164038048354,3.0504614665246166,10,5,6.679390859296301,6.679390859296302,FALSE,FALSE
comm_2534,9.058760016870751,3.0504614665246166,11,3,2.7901764435771392,2.7901764435771392,FALSE,FALSE
comm_2535,9.745258060843414,3.0504614665246166,12,6,5.8992079418476155,5.8992079418476155,FALSE,FALSE
comm_2536,8.991079868020641,3.0504614665246166,12,5,5.5315474526203054,5.531547452620304,FALSE,FALSE
comm_2537,10.099294984702563,3.0504614665246166,12,3,2.1285058393666665,2.1285058393666665,FALSE,FALSE
comm_2538,8.866597448178949,3.0504614665246166,10,4,4.078696199959653,4.078696199959652,FALSE,FALSE
comm_2539,10.46038965,3.0504614665246166,10,4,4.432729808241285,4.432729808241285,FALSE,FALSE
comm_2540,11.55807612512248,3.0504614665246166,11,3,3.1478612961054724,3.147861296105472,FALSE,FALSE
comm_2541,9.904525075861024,3.0504614665246166,9,2,1.224127275713839,1.2241272757138388,FALSE,FALSE
comm_2542,11.161989529776667,3.0504614665246166,9,5,3.5377606167526165,3.5377606167526165,FALSE,FALSE
comm_2543,10.864909963156837,3.0504614665246166,10,3,4.631723864399253,4.631723864399253,FALSE,FALSE
comm_2544,9.360776599551151,3.0504614665246166,8,2,4.903367780627254,4.903367780627254,FALSE,FALSE
comm_2545,11.05702369353454,3.0504614665246166,9,2,1.1774091908755402,1.1774091908755402,FALSE,FALSE
comm_2546,8.748182167447888,3.0504614665246166,11,3,2.3113136223764092,2.311313622,FALSE,FALSE
comm_2547,11.560961607076354,3.0504614665246166,12,6,4.125956564139591,4.125956564139592,FALSE,FALSE
comm_2548,10.323311640885157,3.0504614665246166,8,3,4.162964094661895,4.162964094661895,FALSE,FALSE
comm_2549,9.271064352608336,3.0504614665246166,11,7,5.942521907818552,5.942521907818552,FALSE,FALSE
comm_2550,10.579257879358831,3.0504614665246166,10,4,2.852914510493947,2.852914510493947,FALSE,FALSE
comm_2551,11.012319359162731,3.0504614665246166,8,5,5.634723501015698,5.634723501015699,FALSE,FALSE
comm_2552,9.383563241,3.0504614665246166,9,3,5.656808680062721,5.656808680062721,FALSE,FALSE
comm_2553,10.721905885817868,3.0504614665246166,9,5,6.716765223902112,6.7167652239021125,FALSE,FALSE
comm_2554,8.963961534464048,3.0504614665246166,12,5,7.194727102,7.194727101740531,FALSE,FALSE
comm_2555,13.156196121396349,3.0504614665246166,11,3,1.9833725792657584,1.9833725792657584,FALSE,FALSE
comm_2556,11.38708464596528,3.0504614665246166,12,4,3.9600047482418415,3.9600047482418415,FALSE,FALSE
comm_2557,11.212376235019908,3.0504614665246166,10,2,1.2815613721300545,1.2815613721300547,FALSE,FALSE
comm_2558,9.633875363609096,3.0504614665246166,10,6,6.0201057390163335,6.020105739016334,FALSE,FALSE
comm_2559,8.511407196261809,3.0504614665246166,10,4,5.860348136989516,5.860348136989516,FALSE,FALSE
comm_2560,10.276923487041854,3.0504614665246166,10,5,6.261485877512892,6.261485877512892,FALSE,FALSE
comm_2561,10.50567479245477,3.0504614665246166,10,4,2.2100321629861677,2.2100321629861677,FALSE,FALSE
comm_2562,10.339214329879487,3.0504614665246166,9,4,3.2371391717739693,3.2371391717739693,FALSE,FALSE
comm_2563,9.476781101,3.0504614665246166,11,5,5.770402000430315,5.770402000430316,FALSE,FALSE
comm_2564,9.121835811326024,3.0504614665246166,9,4,7.322392814,7.322392814,FALSE,FALSE
comm_2565,10.344750098737274,3.0504614665246166,10,5,4.3218384665839435,4.3218384665839435,FALSE,FALSE
comm_2566,9.500444950037526,3.0504614665246166,10,6,10.936455521633569,10.936455521633572,FALSE,FALSE
comm_2567,11.114135753706238,3.0504614665246166,11,6,5.809728296,5.809728296408779,FALSE,FALSE
comm_2568,11.230231213468596,3.0504614665246166,9,7,6.960343052743197,6.960343052743198,FALSE,FALSE
comm_2569,11.263564902638622,3.0504614665246166,11,2,2.3486095314609012,2.348609531460901,FALSE,FALSE
comm_2570,8.640493566670735,3.0504614665246166,12,3,2.237419437719707,2.237419437719707,FALSE,FALSE
comm_2571,11.01819491,3.0504614665246166,10,5,5.332802997741815,5.332802997741815,FALSE,FALSE
comm_2572,9.233468155510458,3.0504614665246166,10,2,5.016383126422445,5.016383126422445,FALSE,FALSE
comm_2573,10.689288893983564,3.0504614665246166,10,4,5.399371057762208,5.399371057762208,FALSE,FALSE
comm_2574,8.757935128270306,3.0504614665246166,12,3,2.6540492095903314,2.6540492095903314,FALSE,FALSE
comm_2575,9.218906989389383,3.0504614665246166,10,3,5.001845786766452,5.001845786766452,FALSE,FALSE
comm_2576,11.987769698824591,3.0504614665246166,12,3,1.7679944118015465,1.7679944118015465,FALSE,FALSE
comm_2577,12.731573722495003,3.0504614665246166,12,5,4.513176227030823,4.513176227030824,FALSE,FALSE
comm_2578,9.740672422454113,3.0504614665246166,8,3,4.225107585903533,4.225107585903533,FALSE,FALSE
comm_2579,9.399553477040936,3.0504614665246166,9,6,7.305268998755502,7.305268999,FALSE,FALSE
comm_2580,11.213826120481764,3.0504614665246166,10,3,5.791876087838464,5.791876087838464,FALSE,FALSE
comm_2581,11.609261840787742,3.0504614665246166,9,5,5.806528915,5.806528914980668,FALSE,FALSE
comm_2582,13.51893314054465,3.0504614665246166,8,4,2.4832517139324044,2.4832517139324044,FALSE,FALSE
comm_2583,12.789690506030722,3.0504614665246166,9,5,5.1239914324096345,5.123991432409635,FALSE,FALSE
comm_2584,9.827322511834856,3.0504614665246166,11,5,6.420796234775517,6.420796234775518,FALSE,FALSE
comm_2585,8.900659287,3.0504614665246166,12,3,2.772096281161922,2.772096281161923,FALSE,FALSE
comm_2586,11.110202723217364,3.0504614665246166,11,6,6.808788971395992,6.808788971395994,FALSE,FALSE
comm_2587,11.462673539917157,3.0504614665246166,10,4,3.5705851387496903,3.5705851387496907,FALSE,FALSE
comm_2588,9.275098916595075,3.0504614665246166,12,4,4.203348905108138,4.203348905108138,FALSE,FALSE
comm_2589,9.300020509734315,3.0504614665246166,8,4,2.5159346479630686,2.515934647963068,FALSE,FALSE
comm_2590,9.928895999870072,3.0504614665246166,12,5,8.566935037129136,8.566935037129134,FALSE,FALSE
comm_2591,9.804636174246731,3.0504614665246166,11,5,6.730962176728034,6.730962176728034,FALSE,FALSE
comm_2592,12.564797235474249,3.0504614665246166,10,4,2.1235119705094365,2.123511970509436,FALSE,FALSE
comm_2593,10.140555501079987,3.0504614665246166,11,5,6.482784464650516,6.482784464650516,FALSE,FALSE
comm_2594,10.804363578404269,3.0504614665246166,12,4,1.078014708680415,1.0780147086804148,FALSE,FALSE
comm_2595,10.42571064236992,3.0504614665246166,12,4,3.5141863863152283,3.5141863863152283,FALSE,FALSE
comm_2596,11.602995767616909,3.0504614665246166,9,3,2.3983873003587965,2.398387300358797,FALSE,FALSE
comm_2597,10.6079905,3.0504614665246166,11,2,3.828395138963346,3.8283951389633466,FALSE,FALSE
comm_2598,9.339017515357485,3.0504614665246166,12,4,4.353212619678164,4.353212619678162,FALSE,FALSE
comm_2599,9.345418731525127,3.0504614665246166,12,5,4.4401219442799125,4.4401219442799125,FALSE,FALSE
comm_2600,9.367194412776014,3.0504614665246166,9,4,5.340935980556572,5.340935980556572,FALSE,FALSE
comm_2601,9.707525919956147,3.0504614665246166,12,4,4.828612678904228,4.828612678904229,FALSE,FALSE
comm_2602,10.563293276675306,3.0504614665246166,12,4,1.7966680016384653,1.796668001638465,FALSE,FALSE
comm_2603,9.790674339861242,3.0504614665246166,8,5,6.864086192444512,6.864086192444512,FALSE,FALSE
comm_2604,8.884677373,3.0504614665246166,11,4,4.621410733344349,4.621410733344348,FALSE,FALSE
comm_2605,10.66065484014782,3.0504614665246166,12,2,1.2623954713315266,1.2623954713315264,FALSE,FALSE
comm_2606,9.2295862,3.0504614665246166,9,6,12.706852012443608,12.706852012443608,FALSE,FALSE
comm_2607,9.712832947452563,3.0504614665246166,11,5,4.6325674490426625,4.6325674490426625,FALSE,FALSE
comm_2608,10.880714267170124,3.0504614665246166,12,5,4.689349046350728,4.689349046350728,FALSE,FALSE
comm_2609,8.581081280688682,3.0504614665246166,9,3,1.710078708481592,1.710078708481592,FALSE,FALSE
comm_2610,10.36536821,3.0504614665246166,11,3,1.7533662558970404,1.7533662558970402,FALSE,FALSE
comm_2611,11.61704675137127,3.0504614665246166,8,4,3.431021057263537,3.431021057263538,FALSE,FALSE
comm_2612,13.623132320255664,3.0504614665246166,10,6,2.9108893455082434,2.9108893455082434,FALSE,FALSE
comm_2613,10.87894172,3.0504614665246166,9,3,3.5618192132348243,3.5618192132348248,FALSE,FALSE
comm_2614,9.792453441383543,3.0504614665246166,12,6,3.6913921550437654,3.691392155043765,FALSE,FALSE
comm_2615,10.135890039836502,3.0504614665246166,10,3,5.5238208419282735,5.523820841928274,FALSE,FALSE
comm_2616,9.083905486825476,3.0504614665246166,8,4,5.620788232,5.620788231695521,FALSE,FALSE
comm_2617,8.847810000248314,3.0504614665246166,12,6,5.840388661629849,5.840388661629849,FALSE,FALSE
comm_2618,9.272763055931522,3.0504614665246166,9,2,2.7268930269495835,2.7268930269495844,FALSE,FALSE
comm_2619,12.269791265431127,3.0504614665246166,8,5,5.126735886786252,5.126735886786251,FALSE,FALSE
comm_2620,11.193702447698994,3.0504614665246166,9,4,1.8328008125902449,1.8328008125902449,FALSE,FALSE
comm_2621,12.035940261979622,3.0504614665246166,11,5,4.358613107589601,4.358613107589601,FALSE,FALSE
comm_2622,9.243525300182045,3.0504614665246166,9,4,4.2307519977777925,4.230751997777793,FALSE,FALSE
comm_2623,9.734679183244127,3.0504614665246166,12,5,9.871064074800056,9.871064074800056,FALSE,FALSE
comm_2624,9.391415898433117,3.0504614665246166,12,5,5.256324576568606,5.256324576568607,FALSE,FALSE
comm_2625,10.01537392574523,3.0504614665246166,10,3,2.7429058630379157,2.742905863037916,FALSE,FALSE
comm_2626,11.465332754435948,3.0504614665246166,10,6,6.264732248454015,6.264732248454015,FALSE,FALSE
comm_2627,9.773735984762034,3.0504614665246166,12,6,7.8310844669809345,7.831084466980934,FALSE,FALSE
comm_2628,10.238700091709513,3.0504614665246166,11,4,3.762456738797763,3.762456738797763,FALSE,FALSE
comm_2629,9.291862843818114,3.0504614665246166,10,2,5.065703093540019,5.065703093540019,FALSE,FALSE
comm_2630,9.090883086655836,3.0504614665246166,10,6,4.444915321944004,4.444915321944005,FALSE,FALSE
comm_2631,9.437994543,3.0504614665246166,10,5,6.940900984005387,6.940900984005386,FALSE,FALSE
comm_2632,10.09456555764323,3.0504614665246166,10,4,4.120759065904095,4.120759065904096,FALSE,FALSE
comm_2633,10.411027290317426,3.0504614665246166,9,6,5.6925105448219915,5.692510544821991,FALSE,FALSE
comm_2634,10.55879203841094,3.0504614665246166,10,2,0.920727587,0.920727587,FALSE,FALSE
comm_2635,9.822132423,3.0504614665246166,8,4,6.210729106189639,6.210729106189639,FALSE,FALSE
comm_2636,9.085071126693924,3.0504614665246166,10,4,2.569366358614925,2.569366358614926,FALSE,FALSE
comm_2637,10.628853590077862,3.0504614665246166,10,4,2.650813418555301,2.650813418555301,FALSE,FALSE
comm_2638,10.266714625329175,3.0504614665246166,11,5,5.843497689580527,5.843497689580526,FALSE,FALSE
comm_2639,12.441561909876134,3.0504614665246166,9,4,1.482555288037014,1.482555288037014,FALSE,FALSE
comm_2640,9.02565467,3.0504614665246166,10,4,5.264911834017508,5.264911834017509,FALSE,FALSE
comm_2641,11.252809518026808,3.0504614665246166,12,3,3.1619336603186077,3.161933660318608,FALSE,FALSE
comm_2642,12.596608881978028,3.0504614665246166,8,4,4.1123178557402085,4.112317855740208,FALSE,FALSE
comm_2643,8.801759703277847,3.0504614665246166,10,3,4.157513022204602,4.157513022204602,FALSE,FALSE
comm_2644,9.935146626044958,3.0504614665246166,8,3,3.7053517818807262,3.705351781880726,FALSE,FALSE
comm_2645,10.671965462730409,3.0504614665246166,11,6,6.699200607637683,6.699200607637683,FALSE,FALSE
comm_2646,12.960716103808275,3.0504614665246166,10,3,2.020800559,2.0208005593477303,FALSE,FALSE
comm_2647,11.142986461270423,3.0504614665246166,9,3,1.5502674631399285,1.5502674631399282,FALSE,FALSE
comm_2648,8.639646147069582,3.0504614665246166,9,5,6.4222530246511536,6.422253024651153,FALSE,FALSE
comm_2649,8.749065616183662,3.0504614665246166,11,4,7.516052505490216,7.516052505490215,FALSE,FALSE
comm_2650,8.954088791906637,3.0504614665246166,12,6,6.328466255481661,6.328466255481661,FALSE,FALSE
comm_2651,10.176939326679506,3.0504614665246166,11,5,4.792663943038809,4.792663943038809,FALSE,FALSE
comm_2652,10.059342163516709,3.0504614665246166,10,2,1.2622570388870715,1.2622570388870715,FALSE,FALSE
comm_2653,10.036444666766418,3.0504614665246166,11,3,3.949977050636173,3.949977050636173,FALSE,FALSE
comm_2654,9.535512463947242,3.0504614665246166,10,5,4.079099620065869,4.07909962,FALSE,FALSE
comm_2655,9.912821813842337,3.0504614665246166,10,5,6.339265733308522,6.339265733308521,FALSE,FALSE
comm_2656,10.19442704468916,3.0504614665246166,12,4,3.607228218426677,3.607228218426677,FALSE,FALSE
comm_2657,9.185031275220966,3.0504614665246166,10,3,7.265202065,7.265202064797541,FALSE,FALSE
comm_2658,10.215715028708262,3.0504614665246166,11,4,5.896451625098963,5.896451625098962,FALSE,FALSE
comm_2659,9.483531196096772,3.0504614665246166,10,2,3.1017650440735354,3.101765044073535,FALSE,FALSE
comm_2660,9.557045964176243,3.0504614665246166,11,3,1.7616689205935891,1.761668920593589,FALSE,FALSE
comm_2661,8.727994375430788,3.0504614665246166,12,6,8.401114446,8.401114446,FALSE,FALSE
comm_2662,10.612387481624516,3.0504614665246166,12,4,3.443606162,3.4436061615226397,FALSE,FALSE
comm_2663,9.432614861024671,3.0504614665246166,11,5,5.342145244071322,5.342145244071323,FALSE,FALSE
comm_2664,10.123511865389728,3.0504614665246166,12,7,8.577734527,8.577734527,FALSE,FALSE
comm_2665,9.234233801876384,3.0504614665246166,10,4,2.010605974772685,2.0106059747726857,FALSE,FALSE
comm_2666,11.988537063727112,3.0504614665246166,9,4,3.976739336740717,3.976739336740717,FALSE,FALSE
comm_2667,10.740883999320856,3.0504614665246166,9,4,4.978540130356089,4.978540130356089,FALSE,FALSE
comm_2668,10.643432483644428,3.0504614665246166,9,3,3.175545876052144,3.175545876052144,FALSE,FALSE
comm_2669,11.620218833698445,3.0504614665246166,11,4,2.9199714697061623,2.9199714697061623,FALSE,FALSE
comm_2670,8.268490087191436,3.0504614665246166,8,4,9.451238193237106,9.451238193237106,FALSE,FALSE
comm_2671,10.24734715,3.0504614665246166,8,4,4.545634521813711,4.545634521813712,FALSE,FALSE
comm_2672,9.313409061479568,3.0504614665246166,10,4,4.5509946747702745,4.5509946747702745,FALSE,FALSE
comm_2673,10.577781808159369,3.0504614665246166,10,3,5.663117632993396,5.663117632993396,FALSE,FALSE
comm_2674,9.681646186429976,3.0504614665246166,12,6,7.855211957563731,7.855211957563729,FALSE,FALSE
comm_2675,10.827618524068216,3.0504614665246166,9,2,1.7251826611685264,1.7251826611685264,FALSE,FALSE
comm_2676,8.880395217,3.0504614665246166,11,4,6.017660603923723,6.017660603923723,FALSE,FALSE
comm_2677,10.92051084259855,3.0504614665246166,12,2,0.1750482308565021,0.1750482308565021,FALSE,FALSE
comm_2678,9.562883577037464,3.0504614665246166,9,3,2.640715507165936,2.6407155071659365,FALSE,FALSE
comm_2679,9.199182042,3.0504614665246166,9,4,3.5388955663055603,3.5388955663055595,FALSE,FALSE
comm_2680,10.660717179281493,3.0504614665246166,10,4,5.938909761,5.938909761295849,FALSE,FALSE
comm_2681,10.521181514983784,3.0504614665246166,9,5,6.292620785,6.292620784640309,FALSE,FALSE
comm_2682,9.904653270902193,3.0504614665246166,12,6,3.0255597594449695,3.0255597594449695,FALSE,FALSE
comm_2683,11.37861442602444,3.0504614665246166,9,2,1.9947917720194264,1.9947917720194264,FALSE,FALSE
comm_2684,11.216446606488551,3.0504614665246166,8,1,0.1620669647612155,0.1620669647612155,FALSE,FALSE
comm_2685,11.733215034952408,3.0504614665246166,11,4,1.9003931310473932,1.900393131047393,FALSE,FALSE
comm_2686,9.5267174,3.0504614665246166,11,5,5.113666646980296,5.113666646980296,FALSE,FALSE
comm_2687,10.151342034060278,3.0504614665246166,10,5,7.141779507685553,7.141779507685554,FALSE,FALSE
comm_2688,9.560266895676644,3.0504614665246166,11,5,4.159468558105211,4.159468558105211,FALSE,FALSE
comm_2689,9.441418373,3.0504614665246166,12,6,6.105283981064411,6.105283981,FALSE,FALSE
comm_2690,11.299208052058068,3.0504614665246166,12,6,5.264523900063282,5.264523900063283,FALSE,FALSE
comm_2691,8.896545613271632,3.0504614665246166,10,5,9.797801782246546,9.797801782246545,FALSE,FALSE
comm_2692,8.865228658366078,3.0504614665246166,8,4,5.735820428476506,5.735820428476506,FALSE,FALSE
comm_2693,8.671248547175841,3.0504614665246166,10,4,4.046526437448282,4.046526437448281,FALSE,FALSE
comm_2694,9.049479874317624,3.0504614665246166,8,4,8.320460455,8.320460454743872,FALSE,FALSE
comm_2695,10.239435331408153,3.0504614665246166,10,6,7.384822367167526,7.384822367167525,FALSE,FALSE
comm_2696,10.986811408836898,3.0504614665246166,12,6,5.256127912004468,5.256127912004468,FALSE,FALSE
comm_2697,10.172086979006938,3.0504614665246166,11,6,7.157605892920355,7.157605892920356,FALSE,FALSE
comm_2698,12.425765391934467,3.0504614665246166,10,3,2.470479520575264,2.470479520575264,FALSE,FALSE
comm_2699,11.196726973582331,3.0504614665246166,11,4,1.975199186609667,1.9751991866096676,FALSE,FALSE
comm_2700,8.763083012833581,3.0504614665246166,11,4,5.389946573299347,5.389946573299347,FALSE,FALSE
comm_2701,9.584458918280518,3.0504614665246166,12,6,3.925649624207318,3.925649624207318,FALSE,FALSE
comm_2702,9.774187472,3.0504614665246166,11,5,8.767080817,8.767080816910568,FALSE,FALSE
comm_2703,12.273194631634633,3.0504614665246166,9,3,3.386629880716556,3.386629880716556,FALSE,FALSE
comm_2704,9.641021726,3.0504614665246166,9,5,4.528866375814594,4.5288663758145935,FALSE,FALSE
comm_2705,10.920729724742351,3.0504614665246166,12,5,4.818763894826776,4.818763894826775,FALSE,FALSE
comm_2706,10.230892865579824,3.0504614665246166,10,3,4.623762722401866,4.623762722401866,FALSE,FALSE
comm_2707,11.221720689910336,3.0504614665246166,11,7,6.630120614989166,6.630120614989166,FALSE,FALSE
comm_2708,12.165602176743384,3.0504614665246166,9,4,4.542866379320751,4.542866379320751,FALSE,FALSE
comm_2709,8.989470857396228,3.0504614665246166,10,6,15.69558175944544,15.695581759445442,FALSE,FALSE
comm_2710,9.594007493,3.0504614665246166,10,4,3.0947275644911985,3.0947275644911985,FALSE,FALSE
comm_2711,10.647364524014298,3.0504614665246166,8,5,7.859836419280476,7.859836419280475,FALSE,FALSE
comm_2712,9.718456559678485,3.0504614665246166,12,4,3.842507029624903,3.842507029624904,FALSE,FALSE
comm_2713,10.524963818005483,3.0504614665246166,12,5,4.4544673330051925,4.454467333005193,FALSE,FALSE
comm_2714,10.647612638973843,3.0504614665246166,8,3,3.5283842235332874,3.5283842235332874,FALSE,FALSE
comm_2715,10.997100509569846,3.0504614665246166,11,4,5.121590242886443,5.121590242886442,FALSE,FALSE
comm_2716,11.261853792598526,3.0504614665246166,10,4,4.408802183945067,4.408802183945068,FALSE,FALSE
comm_2717,9.694813399252844,3.0504614665246166,12,5,5.131671683,5.131671683,FALSE,FALSE
comm_2718,10.287010483939415,3.0504614665246166,11,5,7.301121140206632,7.3011211402066305,FALSE,FALSE
comm_2719,10.118878990606706,3.0504614665246166,12,5,8.330062749517603,8.330062749517603,FALSE,FALSE
comm_2720,10.182553787034047,3.0504614665246166,8,3,2.522401408470673,2.5224014084706736,FALSE,FALSE
comm_2721,11.483617041532868,3.0504614665246166,9,5,6.179151919504789,6.179151919504788,FALSE,FALSE
comm_2722,10.49137620449631,3.0504614665246166,10,3,7.934043689899255,7.934043689899255,FALSE,FALSE
comm_2723,13.27254049100518,3.0504614665246166,8,3,3.6891313725242822,3.6891313725242822,FALSE,FALSE
comm_2724,10.223463308886355,3.0504614665246166,10,4,2.755237558689157,2.755237558689157,FALSE,FALSE
comm_2725,9.741825518,3.0504614665246166,9,7,9.622153453048652,9.622153453048652,FALSE,FALSE
comm_2726,10.207144932920032,3.0504614665246166,8,2,1.957960120548124,1.957960120548124,FALSE,FALSE
comm_2727,9.349171841,3.0504614665246166,9,2,1.9300530769517328,1.930053076951733,FALSE,FALSE
comm_2728,10.207272163863616,3.0504614665246166,10,6,7.910373804683747,7.910373804683745,FALSE,FALSE
comm_2729,10.176140671638349,3.0504614665246166,12,5,6.039801311,6.039801311353829,FALSE,FALSE
comm_2730,9.156233157539887,3.0504614665246166,12,4,4.764797004248782,4.764797004248782,FALSE,FALSE
comm_2731,9.414039109573537,3.0504614665246166,10,5,6.224286310814428,6.224286310814428,FALSE,FALSE
comm_2732,10.09011305983761,3.0504614665246166,10,4,4.429470313097275,4.429470313097276,FALSE,FALSE
comm_2733,9.110505993595144,3.0504614665246166,11,6,5.960696903930601,5.960696903930599,FALSE,FALSE
comm_2734,10.958001749372675,3.0504614665246166,12,6,5.053866457028127,5.053866457028126,FALSE,FALSE
comm_2735,10.90936190476615,3.0504614665246166,12,4,1.3616210308228525,1.361621030822853,FALSE,FALSE
comm_2736,10.941697137884836,3.0504614665246166,8,2,1.9434563954095787,1.9434563954095787,FALSE,FALSE
comm_2737,11.982173458100704,3.0504614665246166,10,5,5.251759489808918,5.251759489808918,FALSE,FALSE
comm_2738,9.959931232571568,3.0504614665246166,8,3,1.3535629251149623,1.3535629251149626,FALSE,FALSE
comm_2739,10.322303587216114,3.0504614665246166,9,2,1.8272857548247488,1.827285754824749,FALSE,FALSE
comm_2740,10.660202860063483,3.0504614665246166,12,5,3.010787595306784,3.010787595306784,FALSE,FALSE
comm_2741,10.824235602125215,3.0504614665246166,10,4,2.98665302,2.98665302,FALSE,FALSE
comm_2742,11.350494177947413,3.0504614665246166,9,2,2.094752093,2.094752093,FALSE,FALSE
comm_2743,10.118713640311457,3.0504614665246166,10,4,3.8760295274081673,3.876029527408167,FALSE,FALSE
comm_2744,8.645195232999521,3.0504614665246166,10,4,3.410688162548745,3.4106881625487446,FALSE,FALSE
comm_2745,11.385667602730578,3.0504614665246166,10,3,4.121674468055993,4.121674468055992,FALSE,FALSE
comm_2746,10.142993821503367,3.0504614665246166,10,4,7.022209105,7.022209105337118,FALSE,FALSE
comm_2747,11.247947365156367,3.0504614665246166,8,2,2.046005806493599,2.046005806493599,FALSE,FALSE
comm_2748,11.78831980279926,3.0504614665246166,11,6,4.468831939,4.468831939,FALSE,FALSE
comm_2749,10.17814858160492,3.0504614665246166,8,3,2.3779795206698373,2.3779795206698378,FALSE,FALSE
comm_2750,10.46575298292377,3.0504614665246166,12,3,2.663628929809548,2.663628929809548,FALSE,FALSE
comm_2751,10.141416051277806,3.0504614665246166,8,4,7.452565503198187,7.452565503198188,FALSE,FALSE
comm_2752,11.840233004812454,3.0504614665246166,8,4,3.8982897370976377,3.8982897370976377,FALSE,FALSE
comm_2753,9.42741229,3.0504614665246166,11,6,5.723045143383663,5.723045143383663,FALSE,FALSE
comm_2754,11.691929657607634,3.0504614665246166,9,5,3.050675046809545,3.050675046809545,FALSE,FALSE
comm_2755,9.139867399294678,3.0504614665246166,11,6,7.72939523,7.729395230376821,FALSE,FALSE
comm_2756,9.09099745,3.0504614665246166,10,2,2.3482969810577323,2.348296981057732,FALSE,FALSE
comm_2757,12.525016211885925,3.0504614665246166,10,3,3.9324122141206006,3.932412214,FALSE,FALSE
comm_2758,9.081839505936443,3.0504614665246166,8,5,10.720207448747017,10.720207448747017,FALSE,FALSE
comm_2759,8.795753825478677,3.0504614665246166,12,4,4.786373001516088,4.786373001516087,FALSE,FALSE
comm_2760,9.044922745428268,3.0504614665246166,10,4,6.678850135,6.678850135,FALSE,FALSE
comm_2761,9.133611417407586,3.0504614665246166,12,5,9.311148143377029,9.311148143377029,FALSE,FALSE
comm_2762,9.837191713939188,3.0504614665246166,11,5,5.444259507509628,5.444259507509627,FALSE,FALSE
comm_2763,11.353985137174115,3.0504614665246166,10,7,7.498523561893949,7.498523561893948,FALSE,FALSE
comm_2764,8.887318416419856,3.0504614665246166,8,5,7.638368950869751,7.638368950869749,FALSE,FALSE
comm_2765,8.353585071480685,3.0504614665246166,11,5,7.263084841749797,7.263084841749798,FALSE,FALSE
comm_2766,10.01391322,3.0504614665246166,10,4,4.035556760531016,4.035556760531014,FALSE,FALSE
comm_2767,11.932832140278297,3.0504614665246166,9,1,0.2095415718740834,0.2095415718740833,FALSE,FALSE
comm_2768,11.175332797589714,3.0504614665246166,8,5,11.285829308607894,11.285829308607896,FALSE,FALSE
comm_2769,9.618275322007245,3.0504614665246166,9,3,4.444668973562323,4.444668973562323,FALSE,FALSE
comm_2770,12.87739935377427,3.0504614665246166,12,3,2.0619702,2.0619702,FALSE,FALSE
comm_2771,9.901054704914726,3.0504614665246166,10,5,2.9085423572998583,2.908542357299859,FALSE,FALSE
comm_2772,9.058299073,3.0504614665246166,11,5,9.585302055985938,9.585302055985938,FALSE,FALSE
comm_2773,9.858365215339507,3.0504614665246166,12,4,3.6753302670041847,3.675330267004185,FALSE,FALSE
comm_2774,9.579772836057362,3.0504614665246166,10,2,6.6669607009694625,6.666960700969462,FALSE,FALSE
comm_2775,9.662386053043967,3.0504614665246166,9,3,3.320000597422716,3.320000597422716,FALSE,FALSE
comm_2776,9.066127775674524,3.0504614665246166,12,3,5.085839750033417,5.085839750033417,FALSE,FALSE
comm_2777,11.297505779433523,3.0504614665246166,10,5,4.664060416537765,4.664060416537766,FALSE,FALSE
comm_2778,10.969305427952314,3.0504614665246166,8,4,3.1992618577953493,3.199261857795349,FALSE,FALSE
comm_2779,10.772659998952834,3.0504614665246166,8,2,3.1136279267513016,3.1136279267513007,FALSE,FALSE
comm_2780,10.334493142881048,3.0504614665246166,12,4,2.985285435920718,2.985285435920717,FALSE,FALSE
comm_2781,10.188978068882472,3.0504614665246166,12,5,4.585829077269474,4.585829077269473,FALSE,FALSE
comm_2782,10.742364545429902,3.0504614665246166,12,7,3.1463732951820655,3.1463732951820655,FALSE,FALSE
comm_2783,9.967516252099868,3.0504614665246166,10,3,2.546175407302781,2.546175407302781,FALSE,FALSE
comm_2784,9.577838118320086,3.0504614665246166,11,8,13.141624314570546,13.141624314570542,FALSE,FALSE
comm_2785,10.273565150732864,3.0504614665246166,11,5,6.681339303509976,6.681339303509975,FALSE,FALSE
comm_2786,10.287050429586278,3.0504614665246166,11,3,2.205563415548828,2.205563415548828,FALSE,FALSE
comm_2787,9.586483733211262,3.0504614665246166,10,3,5.141439835,5.141439834852301,FALSE,FALSE
comm_2788,9.535401266854384,3.0504614665246166,12,3,3.6327370339728535,3.6327370339728544,FALSE,FALSE
comm_2789,10.70943479112879,3.0504614665246166,12,3,2.864277203729422,2.864277203729422,FALSE,FALSE
comm_2790,8.922338201022317,3.0504614665246166,12,5,7.007142573690794,7.0071425736907935,FALSE,FALSE
comm_2791,9.546268206363468,3.0504614665246166,11,6,3.2521944169295343,3.252194416929534,FALSE,FALSE
comm_2792,11.181094066756868,3.0504614665246166,9,4,1.8739225036756588,1.8739225036756584,FALSE,FALSE
comm_2793,9.522071778047902,3.0504614665246166,11,4,5.127517140607763,5.127517140607762,FALSE,FALSE
comm_2794,9.047595006597875,3.0504614665246166,9,2,2.786158377822212,2.7861583778222117,FALSE,FALSE
comm_2795,10.31913109524078,3.0504614665246166,12,5,6.7237381522657875,6.7237381522657875,FALSE,FALSE
comm_2796,11.512913655036783,3.0504614665246166,8,3,1.2983575120892352,1.2983575120892352,FALSE,FALSE
comm_2797,11.69954131736385,3.0504614665246166,12,2,2.220617108382988,2.2206171083829873,FALSE,FALSE
comm_2798,11.301364115802803,3.0504614665246166,12,4,4.796283843681762,4.796283843681762,FALSE,FALSE
comm_2799,11.119031000563044,3.0504614665246166,8,4,6.504257013,6.504257013210329,FALSE,FALSE
comm_2800,10.127899404675524,3.0504614665246166,12,4,4.574664213411224,4.574664213411224,FALSE,FALSE
comm_2801,9.642549708481138,3.0504614665246166,9,5,9.47079513,9.47079513,FALSE,FALSE
comm_2802,9.755400549289494,3.0504614665246166,11,4,3.183079747796585,3.183079747796585,FALSE,FALSE
comm_2803,10.51635006535087,3.0504614665246166,9,4,3.2219860576970336,3.221986057697033,FALSE,FALSE
comm_2804,9.588947032,3.0504614665246166,12,5,6.008534378424752,6.008534378424751,FALSE,FALSE
comm_2805,11.002662854142056,3.0504614665246166,10,1,1.8295713467643864,1.8295713467643864,FALSE,FALSE
comm_2806,10.34309257249635,3.0504614665246166,10,5,6.266255028998767,6.266255028998766,FALSE,FALSE
comm_2807,13.356619264786271,3.0504614665246166,8,3,0.9074926944217292,0.907492694,FALSE,FALSE
comm_2808,11.60231286333639,3.0504614665246166,9,3,3.000944257293982,3.000944257293983,FALSE,FALSE
comm_2809,10.528185115747208,3.0504614665246166,10,6,6.386400663,6.386400663,FALSE,FALSE
comm_2810,8.891177143565749,3.0504614665246166,9,3,8.086878930430045,8.086878930430046,FALSE,FALSE
comm_2811,9.415953755895044,3.0504614665246166,11,7,9.556671646,9.556671645957488,FALSE,FALSE
comm_2812,11.483280635430894,3.0504614665246166,10,3,4.062215933482548,4.062215933482548,FALSE,FALSE
comm_2813,9.114974186926975,3.0504614665246166,10,3,3.767994466035245,3.767994466035245,FALSE,FALSE
comm_2814,10.81617586789014,3.0504614665246166,10,2,1.461525119067696,1.461525119067696,FALSE,FALSE
comm_2815,9.511053390504545,3.0504614665246166,8,4,4.700720246417884,4.700720246417886,FALSE,FALSE
comm_2816,10.260699016045152,3.0504614665246166,9,1,0.1227587218180584,0.1227587218180585,FALSE,FALSE
comm_2817,10.11786560063492,3.0504614665246166,8,3,1.9697329843456053,1.969732984345605,FALSE,FALSE
comm_2818,9.302556085,3.0504614665246166,11,5,6.980793559,6.980793558504529,FALSE,FALSE
comm_2819,10.390543583836816,3.0504614665246166,9,4,2.5901790595718555,2.590179059571855,FALSE,FALSE
comm_2820,10.189193182530648,3.0504614665246166,11,6,5.150374567012065,5.150374567012065,FALSE,FALSE
comm_2821,10.005773093370168,3.0504614665246166,11,4,3.3627083633143036,3.3627083633143044,FALSE,FALSE
comm_2822,9.085006000118788,3.0504614665246166,11,3,5.785680295048648,5.785680295048649,FALSE,FALSE
comm_2823,10.020823899865706,3.0504614665246166,12,4,5.967085594185244,5.967085594185245,FALSE,FALSE
comm_2824,10.244441614088997,3.0504614665246166,11,4,6.478880941438989,6.478880941438989,FALSE,FALSE
comm_2825,10.52326125523418,3.0504614665246166,8,4,5.559757147798061,5.559757148,FALSE,FALSE
comm_2826,8.920768182426196,3.0504614665246166,11,2,1.5159670411174169,1.5159670411174166,FALSE,FALSE
comm_2827,9.932869395,3.0504614665246166,11,4,5.251256329673316,5.251256329673315,FALSE,FALSE
comm_2828,9.777264955500234,3.0504614665246166,9,4,7.533466594176198,7.533466594176198,FALSE,FALSE
comm_2829,8.994242227291922,3.0504614665246166,12,6,8.538655904735572,8.538655904735572,FALSE,FALSE
comm_2830,11.688053246633569,3.0504614665246166,8,4,3.364579862352978,3.364579862352978,FALSE,FALSE
comm_2831,10.412880461960471,3.0504614665246166,9,4,4.222587109750902,4.222587109750902,FALSE,FALSE
comm_2832,9.184456984594464,3.0504614665246166,12,3,2.5445102368948627,2.544510236894863,FALSE,FALSE
comm_2833,14.189588102954673,3.0504614665246166,8,4,3.4786785535321085,3.4786785535321085,FALSE,FALSE
comm_2834,10.817281665435171,3.0504614665246166,9,5,3.2978440438077143,3.2978440438077143,FALSE,FALSE
comm_2835,11.53205321469955,3.0504614665246166,11,5,6.126607024063851,6.126607024,FALSE,FALSE
comm_2836,10.526100579953289,3.0504614665246166,9,4,2.6767031117412627,2.6767031117412627,FALSE,FALSE
comm_2837,10.049469090497515,3.0504614665246166,9,2,3.498555331,3.498555331324251,FALSE,FALSE
comm_2838,10.507278341499832,3.0504614665246166,12,6,5.023351224485627,5.023351224485627,FALSE,FALSE
comm_2839,12.066264997788563,3.0504614665246166,11,3,3.146172814,3.1461728138928904,FALSE,FALSE
comm_2840,9.580972028398293,3.0504614665246166,10,3,2.154460069,2.1544600689457405,FALSE,FALSE
comm_2841,9.049320138881995,3.0504614665246166,11,5,4.910548418127972,4.910548418127972,FALSE,FALSE
comm_2842,11.168728854377312,3.0504614665246166,10,4,3.103095037455399,3.103095037455399,FALSE,FALSE
comm_2843,9.041918848672976,3.0504614665246166,12,4,3.745190918538797,3.7451909185387953,FALSE,FALSE
comm_2844,10.15203959123834,3.0504614665246166,11,4,3.294122285768122,3.294122285768122,FALSE,FALSE
comm_2845,11.832948213918035,3.0504614665246166,9,3,2.694778037721064,2.6947780377210644,FALSE,FALSE
comm_2846,10.275716362626255,3.0504614665246166,11,4,4.248586012972949,4.248586013,FALSE,FALSE
comm_2847,12.013211516280116,3.0504614665246166,10,2,0.9768877075351304,0.9768877075351304,FALSE,FALSE
comm_2848,10.350156480218612,3.0504614665246166,10,3,3.692497107203807,3.692497107203807,FALSE,FALSE
comm_2849,10.751237208304946,3.0504614665246166,12,3,4.335730117983071,4.335730117983072,FALSE,FALSE
comm_2850,9.384176362642805,3.0504614665246166,12,4,3.1715277492826024,3.171527749282603,FALSE,FALSE
comm_2851,10.769449222849202,3.0504614665246166,10,5,4.424611772712251,4.424611772712252,FALSE,FALSE
comm_2852,10.451981068119236,3.0504614665246166,12,6,5.878812005184267,5.878812005184268,FALSE,FALSE
comm_2853,8.859591575740772,3.0504614665246166,10,5,6.358055158,6.3580551575894395,FALSE,FALSE
comm_2854,8.776154975491593,3.0504614665246166,11,4,4.870111155558474,4.870111155558475,FALSE,FALSE
comm_2855,11.723853132170929,3.0504614665246166,9,3,3.2593374466696408,3.259337446669641,FALSE,FALSE
comm_2856,10.03953142251246,3.0504614665246166,10,6,5.337172755233109,5.337172755233109,FALSE,FALSE
comm_2857,9.239162446133944,3.0504614665246166,11,5,5.468690867326166,5.468690867326166,FALSE,FALSE
comm_2858,9.167673283,3.0504614665246166,11,4,7.101321129338811,7.101321129,FALSE,FALSE
comm_2859,13.734572156145164,3.0504614665246166,8,2,1.525079456359954,1.5250794563599546,FALSE,FALSE
comm_2860,12.063777615044478,3.0504614665246166,10,5,4.382436867668987,4.3824368676689875,FALSE,FALSE
comm_2861,9.540309829,3.0504614665246166,11,4,4.161895940087263,4.161895940087262,FALSE,FALSE
comm_2862,9.181391996631698,3.0504614665246166,12,6,7.236215824592907,7.236215824592907,FALSE,FALSE
comm_2863,8.769998280345014,3.0504614665246166,8,4,1.951074052544909,1.951074052544909,FALSE,FALSE
comm_2864,9.367565796607924,3.0504614665246166,11,3,3.5970839094783686,3.5970839094783686,FALSE,FALSE
comm_2865,9.341734478360523,3.0504614665246166,10,3,6.011460365714398,6.011460366,FALSE,FALSE
comm_2866,9.759039266049598,3.0504614665246166,11,2,4.376094110926819,4.376094111,FALSE,FALSE
comm_2867,9.265596097533653,3.0504614665246166,8,5,5.626378146966878,5.6263781469668785,FALSE,FALSE
comm_2868,10.44913025555494,3.0504614665246166,9,3,4.948573137745262,4.948573137745262,FALSE,FALSE
comm_2869,11.96682746220157,3.0504614665246166,8,2,1.4614002150075154,1.4614002150075154,FALSE,FALSE
comm_2870,13.793785199882906,3.0504614665246166,9,4,1.9671741911199492,1.9671741911199492,FALSE,FALSE
comm_2871,10.287172032016526,3.0504614665246166,12,8,5.688179268855086,5.688179268855084,FALSE,FALSE
comm_2872,11.260829752831595,3.0504614665246166,9,4,3.321405321238916,3.321405321238916,FALSE,FALSE
comm_2873,9.336315505285071,3.0504614665246166,12,6,11.597941647180626,11.597941647180628,FALSE,FALSE
comm_2874,10.658381471951907,3.0504614665246166,8,5,3.1883301086296476,3.1883301086296485,FALSE,FALSE
comm_2875,11.02116973678121,3.0504614665246166,10,3,4.103688824824662,4.103688824824662,FALSE,FALSE
comm_2876,9.899013578260217,3.0504614665246166,12,7,5.323053266060742,5.323053266060742,FALSE,FALSE
comm_2877,9.219880669753246,3.0504614665246166,10,4,7.022606649003228,7.022606649003228,FALSE,FALSE
comm_2878,9.704737966510454,3.0504614665246166,8,2,3.0439147286815276,3.043914728681527,FALSE,FALSE
comm_2879,10.656923560581728,3.0504614665246166,8,3,5.422853717,5.422853716913701,FALSE,FALSE
comm_2880,10.28593253471789,3.0504614665246166,10,3,5.584850392762524,5.584850392762524,FALSE,FALSE
comm_2881,10.082965180446328,3.0504614665246166,10,5,8.951475746070477,8.951475746070477,FALSE,FALSE
comm_2882,9.000678004732325,3.0504614665246166,10,3,9.243356115809789,9.243356115809789,FALSE,FALSE
comm_2883,9.361517482343851,3.0504614665246166,12,4,2.262505265342043,2.262505265342043,FALSE,FALSE
comm_2884,8.798963249598774,3.0504614665246166,11,5,9.488203660145205,9.488203660145205,FALSE,FALSE
comm_2885,9.131326665204854,3.0504614665246166,9,5,6.952865517921345,6.952865517921345,FALSE,FALSE
comm_2886,11.768961960639892,3.0504614665246166,9,1,0.4576387840022969,0.4576387840022969,FALSE,FALSE
comm_2887,9.403655674,3.0504614665246166,10,4,4.982218837,4.982218837,FALSE,FALSE
comm_2888,8.980928592201558,3.0504614665246166,9,5,6.693927627,6.693927627449889,FALSE,FALSE
comm_2889,9.398384029770089,3.0504614665246166,11,2,3.9327290042709944,3.9327290042709935,FALSE,FALSE
comm_2890,9.788791095176965,3.0504614665246166,9,4,5.317726165832813,5.317726165832813,FALSE,FALSE
comm_2891,9.696414559754963,3.0504614665246166,10,5,5.720356346625152,5.7203563466251515,FALSE,FALSE
comm_2892,11.363425708590828,3.0504614665246166,10,5,6.0571792544766705,6.057179254,FALSE,FALSE
comm_2893,11.93820633585135,3.0504614665246166,9,3,3.881568187265899,3.881568187265899,FALSE,FALSE
comm_2894,10.532322452720338,3.0504614665246166,11,5,7.373348347,7.373348346741419,FALSE,FALSE
comm_2895,9.975503180487545,3.0504614665246166,10,4,2.8873519330875324,2.8873519330875324,FALSE,FALSE
comm_2896,11.680714932639678,3.0504614665246166,9,3,2.839673039085754,2.839673039085754,FALSE,FALSE
comm_2897,10.43055282,3.0504614665246166,11,2,0.1611324394237447,0.1611324394237447,FALSE,FALSE
comm_2898,8.610014493952185,3.0504614665246166,9,5,5.482566604964687,5.4825666049646875,FALSE,FALSE
comm_2899,10.010627745586566,3.0504614665246166,9,1,2.9289156778249263,2.9289156778249263,FALSE,FALSE
comm_2900,9.293218325,3.0504614665246166,10,5,6.782787997596233,6.782787997596234,FALSE,FALSE
comm_2901,10.237695052590771,3.0504614665246166,12,3,4.122728926407137,4.122728926407137,FALSE,FALSE
comm_2902,10.918232513295994,3.0504614665246166,9,4,3.559414358053255,3.559414358053255,FALSE,FALSE
comm_2903,10.81578177235524,3.0504614665246166,10,4,5.038340088354543,5.038340088354543,FALSE,FALSE
comm_2904,11.610922421337335,3.0504614665246166,9,5,4.874515126887125,4.874515126887125,FALSE,FALSE
comm_2905,11.782577729276603,3.0504614665246166,8,5,7.4858822740578255,7.4858822740578255,FALSE,FALSE
comm_2906,10.44823835279994,3.0504614665246166,11,6,6.8145696141675725,6.8145696141675725,FALSE,FALSE
comm_2907,9.869694893592053,3.0504614665246166,10,5,4.436235341702606,4.436235341702607,FALSE,FALSE
comm_2908,9.027559285518567,3.0504614665246166,12,4,3.6971409651789537,3.6971409651789537,FALSE,FALSE
comm_2909,11.363148487091705,3.0504614665246166,12,6,4.284162639188374,4.284162639188374,FALSE,FALSE
comm_2910,9.330020325789096,3.0504614665246166,11,5,5.805504289682486,5.805504289682486,FALSE,FALSE
comm_2911,11.397702610866544,3.0504614665246166,8,3,2.932224970718495,2.9322249707184955,FALSE,FALSE
comm_2912,11.03028804796238,3.0504614665246166,11,5,8.134374012892227,8.134374012892229,FALSE,FALSE
comm_2913,10.120238324375707,3.0504614665246166,11,5,9.416687641546291,9.416687641546291,FALSE,FALSE
comm_2914,11.251107640775423,3.0504614665246166,8,2,1.2068986989557962,1.2068986989557962,FALSE,FALSE
comm_2915,10.19015868224395,3.0504614665246166,9,5,5.295964183874254,5.295964183874255,FALSE,FALSE
comm_2916,11.03767466508822,3.0504614665246166,8,6,9.327925462007435,9.327925462007435,FALSE,FALSE
comm_2917,9.898779070807416,3.0504614665246166,11,4,4.165361799201027,4.165361799201026,FALSE,FALSE
comm_2918,11.549529499302208,3.0504614665246166,8,3,1.1778043414046215,1.1778043414046215,FALSE,FALSE
comm_2919,9.219405811471232,3.0504614665246166,12,6,3.366645566100836,3.366645566100836,FALSE,FALSE
comm_2920,8.348345643164206,3.0504614665246166,12,4,9.282902991663155,9.282902992,FALSE,FALSE
comm_2921,8.993141983325197,3.0504614665246166,11,4,13.859801708005502,13.85980171,FALSE,FALSE
comm_2922,8.828556621,3.0504614665246166,8,3,6.773764648554169,6.773764648554171,FALSE,FALSE
comm_2923,10.763497917139244,3.0504614665246166,8,6,8.431487581963271,8.431487581963273,FALSE,FALSE
comm_2924,12.625517391734496,3.0504614665246166,10,3,2.9652912683798824,2.965291268379882,FALSE,FALSE
comm_2925,12.031605433793017,3.0504614665246166,9,4,2.7817947023071907,2.7817947023071907,FALSE,FALSE
comm_2926,9.551489524,3.0504614665246166,8,2,3.091235795484641,3.0912357954846414,FALSE,FALSE
comm_2927,9.519247568992784,3.0504614665246166,12,6,7.515122704106568,7.515122704106568,FALSE,FALSE
comm_2928,9.780411511184893,3.0504614665246166,8,3,2.500599570089971,2.5005995700899706,FALSE,FALSE
comm_2929,9.727606807928622,3.0504614665246166,11,5,2.9862204439301285,2.9862204439301285,FALSE,FALSE
comm_2930,10.046166650312532,3.0504614665246166,10,3,2.6464009212266353,2.6464009212266353,FALSE,FALSE
comm_2931,11.778681818702168,3.0504614665246166,8,3,2.8589593192239366,2.8589593192239366,FALSE,FALSE
comm_2932,9.374559457981094,3.0504614665246166,8,4,10.316862175580749,10.316862175580749,FALSE,FALSE
comm_2933,8.773602602731424,3.0504614665246166,9,2,4.325812726437662,4.325812726437662,FALSE,FALSE
comm_2934,9.437814112426008,3.0504614665246166,12,7,6.721946695885834,6.721946695885835,FALSE,FALSE
comm_2935,11.496226902243002,3.0504614665246166,9,5,6.234683874949672,6.234683874949672,FALSE,FALSE
comm_2936,9.775323427,3.0504614665246166,11,5,5.267478028290095,5.267478028290096,FALSE,FALSE
comm_2937,10.07528984692479,3.0504614665246166,9,5,5.1443818201413345,5.144381820141334,FALSE,FALSE
comm_2938,10.396103242147632,3.0504614665246166,12,6,5.626654905020996,5.626654905020996,FALSE,FALSE
comm_2939,8.662060485571667,3.0504614665246166,11,4,4.789395749946345,4.789395749946346,FALSE,FALSE
comm_2940,9.709579300777746,3.0504614665246166,12,5,4.422255199179816,4.422255199179815,FALSE,FALSE
comm_2941,10.396719369712262,3.0504614665246166,10,4,6.372867174007448,6.372867174007447,FALSE,FALSE
comm_2942,15.636885479904445,3.0504614665246166,8,2,2.2993239390579054,2.299323939057906,FALSE,FALSE
comm_2943,10.47150615848788,3.0504614665246166,8,2,3.1793935577668155,3.179393557766815,FALSE,FALSE
comm_2944,9.467978380779572,3.0504614665246166,9,3,5.133210173352218,5.133210173,FALSE,FALSE
comm_2945,10.08318099122702,3.0504614665246166,8,1,2.3407194161247227,2.3407194161247227,FALSE,FALSE
comm_2946,9.74958221,3.0504614665246166,8,3,3.958343862,3.958343862413009,FALSE,FALSE
comm_2947,10.822582919329182,3.0504614665246166,11,2,1.7848010222532842,1.784801022253284,FALSE,FALSE
comm_2948,9.647233545748517,3.0504614665246166,12,5,4.752705238142847,4.7527052381428465,FALSE,FALSE
comm_2949,10.531249122719464,3.0504614665246166,12,5,8.709667874,8.709667874,FALSE,FALSE
comm_2950,9.368084464921957,3.0504614665246166,8,5,8.361022477711826,8.361022477711826,FALSE,FALSE
comm_2951,12.547737632192582,3.0504614665246166,8,3,2.987874305117699,2.9878743051176997,FALSE,FALSE
comm_2952,9.603308483223673,3.0504614665246166,12,6,12.938877935370437,12.938877935370437,FALSE,FALSE
comm_2953,10.548325285791575,3.0504614665246166,9,4,5.507410012774113,5.507410012774113,FALSE,FALSE
comm_2954,10.239442307804016,3.0504614665246166,12,6,3.300380241790545,3.300380241790545,FALSE,FALSE
comm_2955,9.323779885252828,3.0504614665246166,11,2,0.1611526834192204,0.1611526834192204,FALSE,FALSE
comm_2956,8.491700228246488,3.0504614665246166,12,5,8.307100742,8.307100742,FALSE,FALSE
comm_2957,9.486193203541838,3.0504614665246166,11,4,6.196650317091313,6.196650317091313,FALSE,FALSE
comm_2958,9.183128580506883,3.0504614665246166,12,5,5.488151048652221,5.488151048652221,FALSE,FALSE
comm_2959,11.700237560860469,3.0504614665246166,10,5,4.435474938369686,4.435474938369685,FALSE,FALSE
comm_2960,9.377791305860182,3.0504614665246166,9,4,6.461157620463724,6.461157620463725,FALSE,FALSE
comm_2961,9.246706436270276,3.0504614665246166,10,4,9.617513524250406,9.617513524250406,FALSE,FALSE
comm_2962,10.702685373703876,3.0504614665246166,12,4,2.326323490748486,2.326323490748486,FALSE,FALSE
comm_2963,9.259790324,3.0504614665246166,10,4,6.002137470471864,6.002137470471864,FALSE,FALSE
comm_2964,9.348309379060776,3.0504614665246166,12,6,8.213886469682308,8.213886469682306,FALSE,FALSE
comm_2965,8.904389780554519,3.0504614665246166,10,3,4.848278063322032,4.848278063322033,FALSE,FALSE
comm_2966,10.236567146979947,3.0504614665246166,10,4,3.857444315553163,3.8574443155531624,FALSE,FALSE
comm_2967,12.27311881132681,3.0504614665246166,9,4,3.504438194488289,3.5044381944882885,FALSE,FALSE
comm_2968,9.47374047,3.0504614665246166,10,7,8.312106487930587,8.312106487930585,FALSE,FALSE
comm_2969,9.767580192883374,3.0504614665246166,11,3,2.4080577263258185,2.4080577263258185,FALSE,FALSE
comm_2970,9.930985808,3.0504614665246166,9,4,5.632351162055084,5.632351162055085,FALSE,FALSE
comm_2971,10.218059689424798,3.0504614665246166,8,3,5.356743482476544,5.356743482476545,FALSE,FALSE
comm_2972,8.742856705647133,3.0504614665246166,12,3,3.5953061860807294,3.595306186080729,FALSE,FALSE
comm_2973,9.883361629790585,3.0504614665246166,8,4,1.7153174914938911,1.715317491493892,FALSE,FALSE
comm_2974,10.997993041131092,3.0504614665246166,8,1,0.023868041,0.023868041,FALSE,FALSE
comm_2975,9.430348428536703,3.0504614665246166,11,5,6.810711239,6.810711239299119,FALSE,FALSE
comm_2976,10.286438335681744,3.0504614665246166,10,5,3.7613538154194512,3.7613538154194512,FALSE,FALSE
comm_2977,9.002598174,3.0504614665246166,9,4,4.173685196113269,4.1736851961132695,FALSE,FALSE
comm_2978,11.017578792125724,3.0504614665246166,12,7,6.155438194474599,6.155438194474598,FALSE,FALSE
comm_2979,9.969511247973928,3.0504614665246166,11,7,5.5011932461039565,5.5011932461039565,FALSE,FALSE
comm_2980,8.450243863592517,3.0504614665246166,10,3,5.5082426172186985,5.508242617218699,FALSE,FALSE
comm_2981,10.30975245992959,3.0504614665246166,8,1,2.6115246468483635,2.611524646848364,FALSE,FALSE
comm_2982,10.427604185245052,3.0504614665246166,8,1,2.391582923906344,2.391582923906344,FALSE,FALSE
comm_2983,9.566453709874434,3.0504614665246166,9,4,8.191607019,8.191607019,FALSE,FALSE
comm_2984,12.278758815291033,3.0504614665246166,8,3,2.048367821222262,2.048367821222262,FALSE,FALSE
comm_2985,10.838044874799632,3.0504614665246166,10,5,7.629135419192451,7.629135419192449,FALSE,FALSE
comm_2986,10.489611353402127,3.0504614665246166,11,4,3.4201670058151423,3.4201670058151428,FALSE,FALSE
comm_2987,10.799326724253762,3.0504614665246166,11,3,4.754383298930392,4.754383298930393,FALSE,FALSE
comm_2988,9.901593891337363,3.0504614665246166,12,5,5.484305769238465,5.484305769238467,FALSE,FALSE
comm_2989,11.34203150817546,3.0504614665246166,9,2,0.4191331626927471,0.4191331626927471,FALSE,FALSE
comm_2990,9.121202580287935,3.0504614665246166,12,4,5.938055242,5.938055241810939,FALSE,FALSE
comm_2991,11.453692381795744,3.0504614665246166,8,3,1.6701362824834272,1.6701362824834267,FALSE,FALSE
comm_2992,9.518138129946768,3.0504614665246166,9,3,2.7383357106637014,2.7383357106637014,FALSE,FALSE
comm_2993,9.588181764,3.0504614665246166,11,5,6.358294195,6.358294194614991,FALSE,FALSE
comm_2994,10.016276045361796,3.0504614665246166,12,5,5.5790187321618445,5.5790187321618445,FALSE,FALSE
comm_2995,9.107789260784216,3.0504614665246166,12,6,9.398530911,9.398530911,FALSE,FALSE
comm_2996,10.974249041055566,3.0504614665246166,8,1,1.0614264025799294,1.0614264025799296,FALSE,FALSE
comm_2997,9.765342639124524,3.0504614665246166,9,5,5.0442818284525455,5.0442818284525455,FALSE,FALSE
comm_2998,10.808657339664505,3.0504614665246166,9,5,4.925412357247531,4.925412357247531,FALSE,FALSE
comm_2999,10.479112860811249,3.0504614665246166,12,3,1.681006709928254,1.6810067099282542,FALSE,FALSE
comm_3000,9.570613562506178,3.0504614665246166,11,6,7.1995359132211805,7.199535913,FALSE,FALSE
comm_3001,10.389478404903846,3.0504614665246166,10,5,5.753049988350592,5.753049988350594,FALSE,FALSE
comm_3002,9.925767147014264,3.0504614665246166,8,3,5.270628431830132,5.270628431830132,FALSE,FALSE
comm_3003,11.408486059293889,3.0504614665246166,11,3,1.3512570625659177,1.3512570625659177,FALSE,FALSE
comm_3004,9.239933134683625,3.0504614665246166,11,6,8.041925247243222,8.041925247243222,FALSE,FALSE
comm_3005,10.857325971196502,3.0504614665246166,9,1,0.468589829,0.468589829,FALSE,FALSE
comm_3006,10.134779626792003,3.0504614665246166,12,3,3.0876646786648054,3.0876646786648063,FALSE,FALSE
comm_3007,10.152007138044006,3.0504614665246166,11,4,2.2956918018324317,2.2956918018324317,FALSE,FALSE
comm_3008,11.922401531341842,3.0504614665246166,8,2,1.3860218350823197,1.3860218350823197,FALSE,FALSE
comm_3009,10.056318035407465,3.0504614665246166,11,3,2.3671926577631677,2.3671926577631677,FALSE,FALSE
comm_3010,9.808988586831136,3.0504614665246166,10,4,5.364539796716258,5.364539796716259,FALSE,FALSE
comm_3011,9.474467075186409,3.0504614665246166,12,5,6.932318306458196,6.932318306458198,FALSE,FALSE
comm_3012,10.064948496982826,3.0504614665246166,10,1,0.039770993,0.039770993,FALSE,FALSE
comm_3013,9.666139967,3.0504614665246166,10,2,3.3073067139584333,3.307306713958434,FALSE,FALSE
comm_3014,8.923463551596772,3.0504614665246166,10,4,7.313708666,7.313708665536489,FALSE,FALSE
comm_3015,9.225653890847092,3.0504614665246166,10,4,7.922686249193761,7.922686249193761,FALSE,FALSE
comm_3016,10.358083119175172,3.0504614665246166,11,6,5.223978622269652,5.223978622269651,FALSE,FALSE
comm_3017,8.955344401008299,3.0504614665246166,8,5,6.052014572146179,6.052014572146179,FALSE,FALSE
comm_3018,9.894808751641069,3.0504614665246166,8,2,3.7481189355865614,3.7481189355865614,FALSE,FALSE
comm_3019,10.683014036316296,3.0504614665246166,12,4,5.017611464782897,5.017611464782898,FALSE,FALSE
comm_3020,10.12109614939262,3.0504614665246166,9,5,6.907504405202265,6.907504405202263,FALSE,FALSE
comm_3021,10.394580991825984,3.0504614665246166,11,4,3.1319190606729093,3.1319190606729093,FALSE,FALSE
comm_3022,9.614077451356486,3.0504614665246166,10,2,1.777983227966505,1.777983227966505,FALSE,FALSE
comm_3023,12.033269600190572,3.0504614665246166,8,4,4.8354086775570515,4.835408677557051,FALSE,FALSE
comm_3024,9.618716576078224,3.0504614665246166,12,7,16.507720529580013,16.507720529580013,FALSE,FALSE
comm_3025,11.60637886274828,3.0504614665246166,10,3,2.3399365431045465,2.3399365431045465,FALSE,FALSE
comm_3026,10.814281009212692,3.0504614665246166,9,2,2.540606165475517,2.540606165475517,FALSE,FALSE
comm_3027,9.910935434366245,3.0504614665246166,11,3,3.922116767610853,3.9221167676108526,FALSE,FALSE
comm_3028,8.480297698,3.0504614665246166,11,4,7.529098462599925,7.529098462599922,FALSE,FALSE
comm_3029,8.399618966,3.0504614665246166,11,5,7.724207447167153,7.724207447167155,FALSE,FALSE
comm_3030,9.441956169,3.0504614665246166,9,2,0.8757721995382165,0.8757721995382165,FALSE,FALSE
comm_3031,10.005464705199138,3.0504614665246166,12,6,5.465769553421718,5.465769553421718,FALSE,FALSE
comm_3032,10.409762461571908,3.0504614665246166,11,3,4.518421272667177,4.518421272667177,FALSE,FALSE
comm_3033,10.987855315158155,3.0504614665246166,8,4,4.084765221,4.084765221103728,FALSE,FALSE
comm_3034,11.561780621270856,3.0504614665246166,9,5,8.428060366508571,8.428060366508568,FALSE,FALSE
comm_3035,9.854678438811565,3.0504614665246166,9,4,3.3743905419226277,3.3743905419226277,FALSE,FALSE
comm_3036,10.202121099498932,3.0504614665246166,12,7,7.290615494,7.290615493700901,FALSE,FALSE
comm_3037,10.52007601676765,3.0504614665246166,10,3,1.607506675365736,1.607506675365736,FALSE,FALSE
comm_3038,8.668852240300827,3.0504614665246166,9,3,5.474954288012135,5.4749542880121345,FALSE,FALSE
comm_3039,9.119924886682288,3.0504614665246166,10,3,2.9960382409329025,2.9960382409329025,FALSE,FALSE
comm_3040,11.210941042116945,3.0504614665246166,9,2,3.911907932310422,3.9119079323104224,FALSE,FALSE
comm_3041,9.744489758,3.0504614665246166,9,3,0.8587907183827281,0.8587907183827282,FALSE,FALSE
comm_3042,11.04745445,3.0504614665246166,11,4,4.252685567519893,4.252685567519893,FALSE,FALSE
comm_3043,9.092063139032426,3.0504614665246166,12,2,5.190352614247897,5.190352614247896,FALSE,FALSE
comm_3044,9.327548779804568,3.0504614665246166,11,2,5.376768936756218,5.376768936756219,FALSE,FALSE
comm_3045,7.923676334645595,3.0504614665246166,10,4,6.746356464334326,6.746356464334327,FALSE,FALSE
comm_3046,10.142067184686994,3.0504614665246166,8,2,3.4257470059672612,3.4257470059672612,FALSE,FALSE
comm_3047,10.273704670423026,3.0504614665246166,11,2,2.120163962546926,2.1201639625469264,FALSE,FALSE
comm_3048,11.434961507220097,3.0504614665246166,12,8,5.2153935798205815,5.21539358,FALSE,FALSE
comm_3049,10.03078592754034,3.0504614665246166,11,6,5.489060771952709,5.489060771952709,FALSE,FALSE
comm_3050,8.738857558548935,3.0504614665246166,12,6,9.097270780409708,9.09727078,FALSE,FALSE
comm_3051,9.453550659,3.0504614665246166,10,5,7.943656826342095,7.943656826342094,FALSE,FALSE
comm_3052,11.304718542749455,3.0504614665246166,12,3,2.4636964741677274,2.463696474167727,FALSE,FALSE
comm_3053,14.186088317146726,3.0504614665246166,9,4,4.530509488962899,4.530509488962899,FALSE,FALSE
comm_3054,8.646633226574952,3.0504614665246166,9,3,7.375346813240023,7.375346813240023,FALSE,FALSE
comm_3055,10.90475137947417,3.0504614665246166,8,3,2.613209770683537,2.613209770683537,FALSE,FALSE
comm_3056,9.678495647,3.0504614665246166,9,3,4.849219011337823,4.849219011337825,FALSE,FALSE
comm_3057,9.887342693,3.0504614665246166,9,3,2.539693703152035,2.539693703152034,FALSE,FALSE
comm_3058,9.353572919201412,3.0504614665246166,12,5,5.450343971776379,5.4503439717763795,FALSE,FALSE
comm_3059,12.40613947572665,3.0504614665246166,9,4,3.325812796712526,3.3258127967125257,FALSE,FALSE
comm_3060,10.844963641402916,3.0504614665246166,9,2,1.9901498752622593,1.9901498752622588,FALSE,FALSE
comm_3061,12.440961507369042,3.0504614665246166,8,3,3.1315100806491425,3.131510080649143,FALSE,FALSE
comm_3062,9.396169973,3.0504614665246166,9,3,2.9432185438660423,2.943218543866042,FALSE,FALSE
comm_3063,10.398608948865832,3.0504614665246166,11,4,2.6935432842177396,2.693543284217739,FALSE,FALSE
comm_3064,10.305155868573545,3.0504614665246166,12,6,2.6892520349363913,2.689252034936392,FALSE,FALSE
comm_3065,11.255926895115635,3.0504614665246166,9,3,4.676204990564567,4.676204990564567,FALSE,FALSE
comm_3066,11.134929755764864,3.0504614665246166,8,3,1.9307082961996191,1.9307082961996191,FALSE,FALSE
comm_3067,9.404387228,3.0504614665246166,12,4,6.081772234145167,6.081772234145168,FALSE,FALSE
comm_3068,10.727998431596086,3.0504614665246166,8,6,7.813268538,7.813268538,FALSE,FALSE
comm_3069,10.019861175423852,3.0504614665246166,12,5,5.763768663312129,5.763768663312129,FALSE,FALSE
comm_3070,10.118070061668991,3.0504614665246166,12,5,7.610475224453053,7.610475224453053,FALSE,FALSE
comm_3071,8.632009949314702,3.0504614665246166,9,3,4.666251627883064,4.666251627883063,FALSE,FALSE
comm_3072,9.826502639942971,3.0504614665246166,9,5,3.336226060253127,3.336226060253127,FALSE,FALSE
comm_3073,11.887453020250112,3.0504614665246166,9,3,2.69280881,2.6928088097996703,FALSE,FALSE
comm_3074,10.001669905238796,3.0504614665246166,11,4,5.185718363654866,5.185718363654867,FALSE,FALSE
comm_3075,11.171778969752657,3.0504614665246166,8,4,4.894220488919368,4.894220488919367,FALSE,FALSE
comm_3076,10.144283239639543,3.0504614665246166,11,4,3.221214450680626,3.2212144506806264,FALSE,FALSE
comm_3077,12.345594562026877,3.0504614665246166,9,2,3.3404382957412944,3.340438295741295,FALSE,FALSE
comm_3078,11.59698774,3.0504614665246166,10,3,4.655498724274475,4.655498724274473,FALSE,FALSE
comm_3079,8.828530737553404,3.0504614665246166,8,4,4.634303564873609,4.634303564873609,FALSE,FALSE
comm_3080,11.526784566299137,3.0504614665246166,8,5,6.963063781897729,6.963063781897729,FALSE,FALSE
comm_3081,9.619532048922856,3.0504614665246166,10,4,4.969307078920599,4.969307078920599,FALSE,FALSE
comm_3082,10.980179071732598,3.0504614665246166,12,5,1.303523498112279,1.303523498112279,FALSE,FALSE
comm_3083,12.951287603762072,3.0504614665246166,9,5,2.546129029527666,2.5461290295276666,FALSE,FALSE
comm_3084,12.587275877412235,3.0504614665246166,12,6,4.3858016962494695,4.385801696,FALSE,FALSE
comm_3085,10.215233120314435,3.0504614665246166,10,5,3.2913854018051003,3.2913854018051003,FALSE,FALSE
comm_3086,9.052237992,3.0504614665246166,12,5,3.784404467571643,3.784404467571643,FALSE,FALSE
comm_3087,9.022434214,3.0504614665246166,11,6,6.093098311963227,6.093098311963228,FALSE,FALSE
comm_3088,13.18267380139684,3.0504614665246166,9,6,3.236500190401527,3.236500190401527,FALSE,FALSE
comm_3089,11.415201607735137,3.0504614665246166,10,3,2.3939545735444367,2.3939545735444367,FALSE,FALSE
comm_3090,9.617530905458905,3.0504614665246166,12,4,3.2091387987086986,3.209138798708699,FALSE,FALSE
comm_3091,8.735431078952585,3.0504614665246166,12,4,2.5818714134627676,2.581871413462768,FALSE,FALSE
comm_3092,10.241771158425436,3.0504614665246166,9,4,3.5753927725119587,3.5753927725119587,FALSE,FALSE
comm_3093,10.19518819753238,3.0504614665246166,9,4,4.4797293727587055,4.4797293727587055,FALSE,FALSE
comm_3094,11.145072355395437,3.0504614665246166,9,3,1.451442807319811,1.451442807319811,FALSE,FALSE
comm_3095,9.829373804805131,3.0504614665246166,8,5,4.3184392706988595,4.318439271,FALSE,FALSE
comm_3096,10.02407543003841,3.0504614665246166,9,4,3.5872107194050997,3.5872107194050993,FALSE,FALSE
comm_3097,13.239041377238726,3.0504614665246166,8,3,1.8089790848812424,1.8089790848812424,FALSE,FALSE
comm_3098,9.655715928,3.0504614665246166,11,5,6.184270449715903,6.184270449715902,FALSE,FALSE
comm_3099,10.061313240797592,3.0504614665246166,9,4,4.406846921115354,4.406846921115354,FALSE,FALSE
comm_3100,9.492293072488122,3.0504614665246166,11,4,4.207748454059564,4.207748454059562,FALSE,FALSE
comm_3101,8.636967294,3.0504614665246166,8,2,3.3590559457667335,3.359055945766733,FALSE,FALSE
comm_3102,9.752847669310675,3.0504614665246166,11,2,2.121490354863138,2.1214903548631376,FALSE,FALSE
comm_3103,9.814705836629466,3.0504614665246166,11,6,6.122826395905317,6.122826395905317,FALSE,FALSE
comm_3104,9.620871271,3.0504614665246166,12,5,4.3412525344361015,4.341252534436101,FALSE,FALSE
comm_3105,11.87436208481105,3.0504614665246166,12,4,2.3082298495689177,2.308229849568918,FALSE,FALSE
comm_3106,10.610439757605924,3.0504614665246166,10,5,6.499044102086718,6.499044102086717,FALSE,FALSE
comm_3107,9.719845139,3.0504614665246166,9,3,6.4012076183849285,6.4012076183849285,FALSE,FALSE
comm_3108,9.076928557514396,3.0504614665246166,9,3,1.519629535623557,1.5196295356235567,FALSE,FALSE
comm_3109,10.278372837125891,3.0504614665246166,8,1,0.4758950885393099,0.4758950885393098,FALSE,FALSE
comm_3110,10.909796930378196,3.0504614665246166,8,5,4.817566076598996,4.817566076598995,FALSE,FALSE
comm_3111,9.198291253,3.0504614665246166,10,2,1.6615132025888395,1.661513203,FALSE,FALSE
comm_3112,9.277939423532835,3.0504614665246166,10,3,3.681738790427313,3.681738790427312,FALSE,FALSE
comm_3113,11.084469256141638,3.0504614665246166,10,5,2.611569188938863,2.611569188938863,FALSE,FALSE
comm_3114,9.71237291,3.0504614665246166,11,5,4.352201163073533,4.352201163073533,FALSE,FALSE
comm_3115,10.029811625572876,3.0504614665246166,10,6,10.196748928476616,10.196748928476618,FALSE,FALSE
comm_3116,8.368503386249229,3.0504614665246166,8,3,4.950527706123233,4.950527706123232,FALSE,FALSE
comm_3117,10.119464495124596,3.0504614665246166,8,2,4.538239841265582,4.538239841265583,FALSE,FALSE
comm_3118,8.858803485806277,3.0504614665246166,9,7,5.869836561879148,5.869836561879147,FALSE,FALSE
comm_3119,9.838314063697174,3.0504614665246166,11,2,0.4807280680043341,0.480728068,FALSE,FALSE
comm_3120,9.832235092925846,3.0504614665246166,9,4,3.260910450704076,3.2609104507040754,FALSE,FALSE
comm_3121,9.519432497,3.0504614665246166,8,3,2.171464424394396,2.1714644243943955,FALSE,FALSE
comm_3122,8.404810169500431,3.0504614665246166,12,5,11.664166914573851,11.664166914573851,FALSE,FALSE
comm_3123,10.38145259804208,3.0504614665246166,8,3,2.7903440569575655,2.790344056957565,FALSE,FALSE
comm_3124,8.953817469435702,3.0504614665246166,11,4,7.907075133,7.907075133377701,FALSE,FALSE
comm_3125,9.062379352974448,3.0504614665246166,10,4,2.952733872051482,2.9527338720514815,FALSE,FALSE
comm_3126,10.56158696376701,3.0504614665246166,10,5,4.176427319635696,4.176427319635696,FALSE,FALSE
comm_3127,9.086963258895969,3.0504614665246166,10,2,1.4127315062922612,1.412731506292261,FALSE,FALSE
comm_3128,10.447566045423915,3.0504614665246166,8,2,2.3188814385603407,2.3188814385603407,FALSE,FALSE
comm_3129,9.056470334605086,3.0504614665246166,8,3,4.380873657019796,4.380873657019796,FALSE,FALSE
comm_3130,10.678752776154113,3.0504614665246166,9,5,8.301513248586444,8.301513248586442,FALSE,FALSE
comm_3131,11.637198916353707,3.0504614665246166,10,2,0.1897247348361495,0.1897247348361495,FALSE,FALSE
comm_3132,9.173498912,3.0504614665246166,9,5,5.736401373128917,5.736401373128917,FALSE,FALSE
comm_3133,12.50768138305602,3.0504614665246166,10,6,3.0189786151325313,3.018978615132531,FALSE,FALSE
comm_3134,12.64954343706728,3.0504614665246166,8,2,1.1841453683405616,1.1841453683405616,FALSE,FALSE
comm_3135,8.019120079,3.0504614665246166,10,4,6.4782202094465635,6.478220209446562,FALSE,FALSE
comm_3136,9.753031668470507,3.0504614665246166,8,6,8.280246343,8.280246343,FALSE,FALSE
comm_3137,8.854444684198722,3.0504614665246166,10,3,2.788337290519018,2.788337290519018,FALSE,FALSE
comm_3138,12.081988558350336,3.0504614665246166,10,3,3.4036243989001727,3.403624398900172,FALSE,FALSE
comm_3139,10.427132017451603,3.0504614665246166,12,6,4.393539030289841,4.393539030289842,FALSE,FALSE
comm_3140,10.09211773469202,3.0504614665246166,9,4,4.094366412984392,4.094366412984392,FALSE,FALSE
comm_3141,8.143028429919385,3.0504614665246166,8,4,7.988621474716762,7.988621474716762,FALSE,FALSE
comm_3142,9.130308670328771,3.0504614665246166,8,3,5.008117043303174,5.008117043303174,FALSE,FALSE
comm_3143,9.455226526905465,3.0504614665246166,11,7,11.65917797,11.65917797,FALSE,FALSE
comm_3144,9.559587801,3.0504614665246166,8,2,3.645564690794655,3.645564690794655,FALSE,FALSE
comm_3145,11.192163527693436,3.0504614665246166,10,4,4.4557909510040705,4.455790951004069,FALSE,FALSE
comm_3146,10.084517080951672,3.0504614665246166,9,4,1.9907404642755744,1.9907404642755744,FALSE,FALSE
comm_3147,9.976591194481914,3.0504614665246166,10,4,4.262450910906105,4.262450910906105,FALSE,FALSE
comm_3148,9.702567208092375,3.0504614665246166,11,4,3.2087261418602537,3.2087261418602537,FALSE,FALSE
comm_3149,10.64383074310954,3.0504614665246166,9,4,2.496956827022951,2.4969568270229514,FALSE,FALSE
comm_3150,9.778649075309936,3.0504614665246166,10,3,0.7559574427014535,0.7559574427014535,FALSE,FALSE
comm_3151,9.634003866180104,3.0504614665246166,9,3,0.9590781242790762,0.9590781242790762,FALSE,FALSE
comm_3152,10.843912440427047,3.0504614665246166,9,2,1.1832792636895897,1.1832792636895897,FALSE,FALSE
comm_3153,9.907174120862589,3.0504614665246166,10,4,5.678167246690562,5.678167246690563,FALSE,FALSE
comm_3154,8.919447514,3.0504614665246166,11,3,1.805796201,1.805796201,FALSE,FALSE
comm_3155,9.376510786571757,3.0504614665246166,11,4,4.012482312703245,4.012482312703245,FALSE,FALSE
comm_3156,11.874099666569224,3.0504614665246166,9,5,5.542937796623623,5.542937796623624,FALSE,FALSE
comm_3157,9.842279949625912,3.0504614665246166,9,4,1.8169211293363297,1.8169211293363297,FALSE,FALSE
comm_3158,8.922397671163575,3.0504614665246166,10,4,6.813537739498034,6.8135377394980345,FALSE,FALSE
comm_3159,8.788826583822154,3.0504614665246166,11,2,4.028108704189769,4.028108704189769,FALSE,FALSE
comm_3160,9.527865925,3.0504614665246166,11,4,2.880680615282188,2.880680615282188,FALSE,FALSE
comm_3161,11.756578343529252,3.0504614665246166,12,4,11.607760597368774,11.607760597368774,FALSE,FALSE
comm_3162,11.11805580496504,3.0504614665246166,12,5,4.674752043109868,4.674752043109868,FALSE,FALSE
comm_3163,11.902183458000962,3.0504614665246166,9,5,2.8106644022873923,2.810664402287392,FALSE,FALSE
comm_3164,10.748966230954585,3.0504614665246166,9,6,5.769824628021286,5.769824628021286,FALSE,FALSE
comm_3165,9.878364025594104,3.0504614665246166,12,7,4.973848487496875,4.973848487496876,FALSE,FALSE
comm_3166,9.531592209051617,3.0504614665246166,11,5,7.015327963991471,7.015327963991471,FALSE,FALSE
comm_3167,10.476773687883927,3.0504614665246166,11,5,5.634744845013842,5.634744845013842,FALSE,FALSE
comm_3168,9.34791548,3.0504614665246166,9,3,4.576771378258692,4.576771378258692,FALSE,FALSE
comm_3169,10.705471893108324,3.0504614665246166,10,4,4.076786285328977,4.076786285328977,FALSE,FALSE
comm_3170,9.688054814,3.0504614665246166,9,5,3.399413430894907,3.3994134308949064,FALSE,FALSE
comm_3171,8.971874483760296,3.0504614665246166,11,2,1.6144876975806186,1.6144876975806184,FALSE,FALSE
comm_3172,9.970814431,3.0504614665246166,8,2,1.151445325874096,1.151445325874096,FALSE,FALSE
comm_3173,9.306682561208644,3.0504614665246166,8,5,7.794150567507208,7.794150567507204,FALSE,FALSE
comm_3174,10.95600284603762,3.0504614665246166,9,3,1.897812041286362,1.8978120412863615,FALSE,FALSE
comm_3175,11.087815278308014,3.0504614665246166,9,1,1.6968561358741272,1.6968561358741274,FALSE,FALSE
comm_3176,9.669696392713917,3.0504614665246166,8,3,3.730998341719695,3.730998341719695,FALSE,FALSE
comm_3177,9.655622597771517,3.0504614665246166,10,3,3.381211338799186,3.3812113387991856,FALSE,FALSE
comm_3178,10.090322265512006,3.0504614665246166,10,5,7.055227448,7.055227447924662,FALSE,FALSE
comm_3179,10.598227163051227,3.0504614665246166,8,4,3.1862899139006804,3.1862899139006804,FALSE,FALSE
comm_3180,11.149654176999158,3.0504614665246166,8,3,2.7011375481843425,2.7011375481843425,FALSE,FALSE
comm_3181,8.553407386500476,3.0504614665246166,10,2,3.1160615547575845,3.116061554757585,FALSE,FALSE
comm_3182,10.61045764364427,3.0504614665246166,11,4,6.9670388339133495,6.9670388339133495,FALSE,FALSE
comm_3183,9.371062132390136,3.0504614665246166,12,6,6.796530151,6.796530151,FALSE,FALSE
comm_3184,10.598425439921831,3.0504614665246166,8,2,0.5736162538653503,0.5736162538653503,FALSE,FALSE
comm_3185,10.22980042738084,3.0504614665246166,9,2,3.4553870039851047,3.455387003985105,FALSE,FALSE
comm_3186,9.715663326512136,3.0504614665246166,8,5,10.211283655714578,10.211283655714576,FALSE,FALSE
comm_3187,12.470205065016993,3.0504614665246166,10,4,1.8334710555264728,1.8334710555264728,FALSE,FALSE
comm_3188,9.478243698003451,3.0504614665246166,12,5,6.936407407731657,6.936407407731657,FALSE,FALSE
comm_3189,10.892443343222688,3.0504614665246166,10,3,1.495144470636644,1.495144470636644,FALSE,FALSE
comm_3190,9.469964751466632,3.0504614665246166,11,6,5.369285034170236,5.369285034170237,FALSE,FALSE
comm_3191,9.882935029213868,3.0504614665246166,12,6,2.697369471,2.6973694714563794,FALSE,FALSE
comm_3192,9.258604132537451,3.0504614665246166,10,5,7.552649977,7.552649976828801,FALSE,FALSE
comm_3193,11.15305291,3.0504614665246166,11,4,3.737663965230485,3.737663965230485,FALSE,FALSE
comm_3194,12.679620245180743,3.0504614665246166,12,5,2.442167345988174,2.4421673459881736,FALSE,FALSE
comm_3195,8.863305987435801,3.0504614665246166,9,2,2.435049724,2.435049724,FALSE,FALSE
comm_3196,8.470208307687093,3.0504614665246166,11,4,12.768632660289931,12.768632660289931,FALSE,FALSE
comm_3197,8.418615967,3.0504614665246166,12,5,10.73243913220417,10.732439132204169,FALSE,FALSE
comm_3198,9.084230654025482,3.0504614665246166,12,3,2.5761379247517024,2.576137924751703,FALSE,FALSE
comm_3199,10.02135870826844,3.0504614665246166,9,4,3.3033393849675714,3.3033393849675714,FALSE,FALSE
comm_3200,8.971262144915226,3.0504614665246166,8,3,5.270605199716071,5.270605199716072,FALSE,FALSE
comm_3201,9.047939709,3.0504614665246166,8,4,18.445919334200475,18.445919334200475,FALSE,FALSE
comm_3202,10.107783509185468,3.0504614665246166,11,4,5.720751187999462,5.720751187999463,FALSE,FALSE
comm_3203,9.112241887644032,3.0504614665246166,11,5,4.423297180946874,4.423297180946875,FALSE,FALSE
comm_3204,9.830911351749984,3.0504614665246166,8,2,3.2312540752100785,3.2312540752100785,FALSE,FALSE
comm_3205,10.542812941024009,3.0504614665246166,8,3,4.993806254241468,4.993806254241469,FALSE,FALSE
comm_3206,9.336664919,3.0504614665246166,11,5,5.167775022655432,5.167775022655431,FALSE,FALSE
comm_3207,10.833182169135863,3.0504614665246166,8,1,0.4577984487174452,0.4577984487174451,FALSE,FALSE
comm_3208,9.249157028084214,3.0504614665246166,12,5,2.655649041,2.655649041,FALSE,FALSE
comm_3209,10.06803677546499,3.0504614665246166,8,2,4.025866482058846,4.025866482058846,FALSE,FALSE
comm_3210,8.691522263405133,3.0504614665246166,8,2,5.130930140806617,5.130930140806616,FALSE,FALSE
comm_3211,9.963628288528612,3.0504614665246166,9,2,1.1472479489556768,1.1472479489556768,FALSE,FALSE
comm_3212,9.735688057091703,3.0504614665246166,12,4,2.7544804926897517,2.7544804926897513,FALSE,FALSE
comm_3213,8.386447160481227,3.0504614665246166,11,5,9.221331822691084,9.221331822691084,FALSE,FALSE
comm_3214,10.940381094818711,3.0504614665246166,10,5,5.274146374884583,5.274146374884582,FALSE,FALSE
comm_3215,9.757271610212571,3.0504614665246166,11,4,2.1128422588531364,2.112842258853137,FALSE,FALSE
comm_3216,11.52982834401268,3.0504614665246166,10,5,8.021381053779667,8.021381053779669,FALSE,FALSE
comm_3217,10.071805149892365,3.0504614665246166,11,4,1.3615105103058711,1.3615105103058711,FALSE,FALSE
comm_3218,9.998327628,3.0504614665246166,9,1,1.214818801723195,1.214818801723195,FALSE,FALSE
comm_3219,9.649982203,3.0504614665246166,8,5,6.113757972618118,6.113757972618117,FALSE,FALSE
comm_3220,9.744560245637512,3.0504614665246166,11,5,7.753825646087845,7.753825646087845,FALSE,FALSE
comm_3221,9.818888997942295,3.0504614665246166,8,4,2.8761690499555663,2.8761690499555663,FALSE,FALSE
comm_3222,9.835318197712482,3.0504614665246166,11,5,4.869706129162406,4.869706129162408,FALSE,FALSE
comm_3223,9.069391529524609,3.0504614665246166,12,5,4.263931377,4.263931377345262,FALSE,FALSE
comm_3224,10.594861545404031,3.0504614665246166,8,2,2.287330385481838,2.2873303854818383,FALSE,FALSE
comm_3225,10.704358439706102,3.0504614665246166,11,5,6.391057910776786,6.391057910776787,FALSE,FALSE
comm_3226,9.761498914,3.0504614665246166,11,4,2.943654091397166,2.943654091397165,FALSE,FALSE
comm_3227,10.185197163388874,3.0504614665246166,11,3,5.210383962311383,5.210383962311383,FALSE,FALSE
comm_3228,10.884479845076976,3.0504614665246166,10,6,4.568156767283154,4.568156767283154,FALSE,FALSE
comm_3229,10.425393371054072,3.0504614665246166,12,4,1.8879828100110736,1.8879828100110736,FALSE,FALSE
comm_3230,8.989949048338215,3.0504614665246166,11,5,5.581283826,5.581283826196378,FALSE,FALSE
comm_3231,10.721600681959112,3.0504614665246166,10,3,2.5460052557352353,2.546005255735235,FALSE,FALSE
comm_3232,9.630211579,3.0504614665246166,12,4,4.163382836112615,4.163382836112616,FALSE,FALSE
comm_3233,8.994336721142343,3.0504614665246166,12,4,1.9610174137196372,1.9610174137196377,FALSE,FALSE
comm_3234,9.646205695226383,3.0504614665246166,12,4,3.2240485941876624,3.2240485941876624,FALSE,FALSE
comm_3235,9.627785830329053,3.0504614665246166,9,7,8.258195966690659,8.258195966690659,FALSE,FALSE
comm_3236,9.430103512,3.0504614665246166,10,5,5.896713819830817,5.896713819830817,FALSE,FALSE
comm_3237,10.797084222281384,3.0504614665246166,11,6,4.046017936426535,4.046017936426536,FALSE,FALSE
comm_3238,9.742345509594427,3.0504614665246166,12,5,4.562778955374709,4.562778955374709,FALSE,FALSE
comm_3239,9.412068610133687,3.0504614665246166,10,2,3.3794590019010533,3.3794590019010537,FALSE,FALSE
comm_3240,9.066248118,3.0504614665246166,12,6,4.718846578957284,4.718846578957285,FALSE,FALSE
comm_3241,9.645509818465914,3.0504614665246166,12,5,6.553777664393561,6.553777664393561,FALSE,FALSE
comm_3242,9.314008817484316,3.0504614665246166,11,5,4.023183421240857,4.023183421240858,FALSE,FALSE
comm_3243,8.448581154718884,3.0504614665246166,12,4,3.303588230405829,3.303588230405829,FALSE,FALSE
comm_3244,9.808386848298962,3.0504614665246166,9,3,2.9386109713347626,2.938610971334762,FALSE,FALSE
comm_3245,10.951645289812156,3.0504614665246166,9,5,6.310367481851045,6.310367481851045,FALSE,FALSE
comm_3246,11.746633040544044,3.0504614665246166,9,4,2.8857434781516043,2.885743478151604,FALSE,FALSE
comm_3247,10.617832681316756,3.0504614665246166,11,5,4.109987687437137,4.109987687437137,FALSE,FALSE
comm_3248,11.289872806339655,3.0504614665246166,9,5,3.9066634817122656,3.9066634817122647,FALSE,FALSE
comm_3249,9.003276035391643,3.0504614665246166,9,3,5.448707528645663,5.448707528645664,FALSE,FALSE
comm_3250,11.570048433776895,3.0504614665246166,11,5,4.174229407221797,4.174229407221797,FALSE,FALSE
comm_3251,9.046005021631034,3.0504614665246166,11,4,6.824872507734382,6.824872507734382,FALSE,FALSE
comm_3252,8.440435111996553,3.0504614665246166,8,3,4.925416299860459,4.9254163,FALSE,FALSE
comm_3253,10.166474947288288,3.0504614665246166,9,5,7.114248780663615,7.114248780663615,FALSE,FALSE
comm_3254,10.864319746248242,3.0504614665246166,8,4,7.249079223160194,7.249079223160194,FALSE,FALSE
comm_3255,10.285330090858515,3.0504614665246166,8,5,6.021550596495902,6.021550596495903,FALSE,FALSE
comm_3256,9.068940869,3.0504614665246166,12,5,7.083887198968039,7.083887198968039,FALSE,FALSE
comm_3257,10.478186132270045,3.0504614665246166,11,3,4.131272920754373,4.131272920754374,FALSE,FALSE
comm_3258,9.223339472,3.0504614665246166,9,2,1.5992550581797598,1.5992550581797595,FALSE,FALSE
comm_3259,9.107931415680463,3.0504614665246166,10,5,4.463486037856472,4.463486037856473,FALSE,FALSE
comm_3260,10.933163844616557,3.0504614665246166,10,4,3.827731229029396,3.827731229029396,FALSE,FALSE
comm_3261,9.525158856,3.0504614665246166,9,4,6.733478612670085,6.733478612670086,FALSE,FALSE
comm_3262,11.974944984208118,3.0504614665246166,11,7,3.910718191375896,3.910718191375896,FALSE,FALSE
comm_3263,11.225693206182887,3.0504614665246166,8,2,1.5461447846998195,1.5461447846998193,FALSE,FALSE
comm_3264,12.635555725957822,3.0504614665246166,12,3,1.3301419392073557,1.3301419392073557,FALSE,FALSE
comm_3265,9.699462984,3.0504614665246166,9,4,5.484493373423078,5.484493373423077,FALSE,FALSE
comm_3266,9.543007821070216,3.0504614665246166,11,3,6.839135660515875,6.839135660515875,FALSE,FALSE
comm_3267,9.873440586642944,3.0504614665246166,12,5,7.7832576000311375,7.783257600031137,FALSE,FALSE
comm_3268,10.05771377731082,3.0504614665246166,12,6,4.115018073478917,4.115018073478917,FALSE,FALSE
comm_3269,9.918974603577032,3.0504614665246166,10,6,6.3467882117306225,6.3467882117306225,FALSE,FALSE
comm_3270,11.08380257162885,3.0504614665246166,8,3,3.5820423010732227,3.5820423010732227,FALSE,FALSE
comm_3271,10.910314145921074,3.0504614665246166,12,5,3.963884299991068,3.963884299991068,FALSE,FALSE
comm_3272,9.020675172259695,3.0504614665246166,10,1,1.355219171448809,1.355219171448809,FALSE,FALSE
comm_3273,8.974609725886408,3.0504614665246166,8,4,8.973825821302027,8.973825821302029,FALSE,FALSE
comm_3274,9.907886310168848,3.0504614665246166,11,5,3.9251263729389057,3.925126372938906,FALSE,FALSE
comm_3275,10.94235322606503,3.0504614665246166,10,2,1.1599431436266163,1.1599431436266163,FALSE,FALSE
comm_3276,11.809525422306011,3.0504614665246166,12,3,3.8135979513478393,3.813597951,FALSE,FALSE
comm_3277,9.379341397064922,3.0504614665246166,10,3,4.324118162484527,4.3241181624845275,FALSE,FALSE
comm_3278,8.986565406358594,3.0504614665246166,11,4,3.359273601808654,3.359273601808654,FALSE,FALSE
comm_3279,8.792849865979713,3.0504614665246166,11,4,2.384502126194565,2.384502126194566,FALSE,FALSE
comm_3280,10.020493726243936,3.0504614665246166,11,3,2.9877296867835734,2.9877296867835734,FALSE,FALSE
comm_3281,10.049198740140566,3.0504614665246166,12,4,3.5815582631007428,3.581558263100743,FALSE,FALSE
comm_3282,10.997018454579615,3.0504614665246166,11,3,3.603226494973588,3.6032264949735886,FALSE,FALSE
comm_3283,9.2422089,3.0504614665246166,10,5,5.541530940225448,5.5415309402254485,FALSE,FALSE
comm_3284,9.975308691253115,3.0504614665246166,10,4,3.563882891600006,3.563882891600006,FALSE,FALSE
comm_3285,10.056266307807483,3.0504614665246166,9,2,2.53278387,2.532783869578111,FALSE,FALSE
comm_3286,10.754097400922907,3.0504614665246166,8,5,6.020396595453882,6.0203965954538825,FALSE,FALSE
comm_3287,9.823596387,3.0504614665246166,9,3,5.209659538131289,5.209659538131288,FALSE,FALSE
comm_3288,10.19975275197143,3.0504614665246166,11,4,6.688781653630383,6.688781653630383,FALSE,FALSE
comm_3289,8.564282002,3.0504614665246166,9,3,8.976089306060056,8.976089306060057,FALSE,FALSE
comm_3290,9.623262543826629,3.0504614665246166,9,4,4.325474678761634,4.325474678761634,FALSE,FALSE
comm_3291,11.223387533178032,3.0504614665246166,10,4,4.514489035808736,4.514489035808735,FALSE,FALSE
comm_3292,8.361576994,3.0504614665246166,12,4,6.565803662379963,6.565803662379963,FALSE,FALSE
comm_3293,10.027023915730934,3.0504614665246166,8,3,5.463981959568972,5.463981959568972,FALSE,FALSE
comm_3294,11.71166742082037,3.0504614665246166,9,4,3.665579774,3.665579774,FALSE,FALSE
comm_3295,10.602277860343568,3.0504614665246166,9,3,3.1684154360155055,3.168415436015506,FALSE,FALSE
comm_3296,11.067800644548184,3.0504614665246166,11,2,2.4743626718529583,2.4743626718529583,FALSE,FALSE
comm_3297,8.666296918380944,3.0504614665246166,12,5,4.723968858728341,4.723968859,FALSE,FALSE
comm_3298,9.501196380353054,3.0504614665246166,9,4,6.252479386635983,6.252479386635982,FALSE,FALSE
comm_3299,10.40405731163434,3.0504614665246166,8,4,5.768583927915599,5.768583927915599,FALSE,FALSE
comm_3300,9.269346274361707,3.0504614665246166,10,5,7.618667790523555,7.618667790523555,FALSE,FALSE
comm_3301,10.459889037200227,3.0504614665246166,12,3,4.077049504418962,4.077049504418962,FALSE,FALSE
comm_3302,8.878038819289634,3.0504614665246166,10,6,5.098069755139663,5.098069755139664,FALSE,FALSE
comm_3303,11.36058472251568,3.0504614665246166,9,5,6.093128302645848,6.093128302645848,FALSE,FALSE
comm_3304,10.277215717665433,3.0504614665246166,12,5,5.604597205163898,5.604597205163898,FALSE,FALSE
comm_3305,9.673566690601596,3.0504614665246166,9,2,2.1460778631848982,2.1460778631848982,FALSE,FALSE
comm_3306,11.199805685584757,3.0504614665246166,8,3,3.3726509482809313,3.372650948280932,FALSE,FALSE
comm_3307,11.811454571661429,3.0504614665246166,9,4,4.408551034868408,4.408551034868408,FALSE,FALSE
comm_3308,8.455613583728653,3.0504614665246166,10,6,8.343694277356533,8.343694277356532,FALSE,FALSE
comm_3309,10.922450433673166,3.0504614665246166,8,2,2.820348427997116,2.8203484279971156,FALSE,FALSE
comm_3310,10.692306831835278,3.0504614665246166,9,5,3.4414102134228877,3.441410213422889,FALSE,FALSE
comm_3311,10.21864886240088,3.0504614665246166,8,2,3.009542847150988,3.0095428471509886,FALSE,FALSE
comm_3312,10.183441903541851,3.0504614665246166,12,5,7.5177696406134205,7.517769640613421,FALSE,FALSE
comm_3313,9.54034682,3.0504614665246166,10,4,4.711827317842329,4.711827318,FALSE,FALSE
comm_3314,11.349081630316304,3.0504614665246166,9,2,1.185150048487274,1.185150048487274,FALSE,FALSE
comm_3315,8.665641680274502,3.0504614665246166,10,4,3.975229779912397,3.975229779912397,FALSE,FALSE
comm_3316,8.408972269036463,3.0504614665246166,8,2,6.557897627901202,6.557897627901201,FALSE,FALSE
comm_3317,9.930873008473776,3.0504614665246166,8,3,3.118053393272808,3.1180533932728087,FALSE,FALSE
comm_3318,11.00649984899524,3.0504614665246166,10,4,1.7261600579015663,1.7261600579015666,FALSE,FALSE
comm_3319,10.58512117028468,3.0504614665246166,12,6,5.659824334,5.659824334185959,FALSE,FALSE
comm_3320,10.708249104885798,3.0504614665246166,10,3,2.4817315128127433,2.4817315128127437,FALSE,FALSE
comm_3321,9.000007287673133,3.0504614665246166,10,5,6.4482416763326205,6.448241676,FALSE,FALSE
comm_3322,10.41950532698643,3.0504614665246166,9,6,5.8766647510543475,5.876664751054348,FALSE,FALSE
comm_3323,9.385597552570296,3.0504614665246166,11,4,6.320366330874283,6.320366330874282,FALSE,FALSE
comm_3324,8.561070249,3.0504614665246166,8,3,2.9841152395613983,2.9841152395613983,FALSE,FALSE
comm_3325,10.471792599287811,3.0504614665246166,9,3,3.384038395709286,3.384038395709286,FALSE,FALSE
comm_3326,10.439681717914212,3.0504614665246166,10,4,4.689170381803783,4.689170381803783,FALSE,FALSE
comm_3327,11.792094809670532,3.0504614665246166,8,3,1.2523043862114782,1.2523043862114782,FALSE,FALSE
comm_3328,9.263229189898352,3.0504614665246166,8,3,7.9973310078986355,7.9973310078986355,FALSE,FALSE
comm_3329,12.336972811114103,3.0504614665246166,10,5,6.453743566171196,6.453743566171197,FALSE,FALSE
comm_3330,10.41866303798093,3.0504614665246166,11,5,2.944178853233338,2.944178853233338,FALSE,FALSE
comm_3331,9.642707375,3.0504614665246166,11,6,3.3201215549161054,3.320121554916105,FALSE,FALSE
comm_3332,9.530318603,3.0504614665246166,11,5,2.449495739264757,2.4494957392647576,FALSE,FALSE
comm_3333,11.093816929452458,3.0504614665246166,8,2,1.8853618290605216,1.8853618290605216,FALSE,FALSE
comm_3334,11.430537090510969,3.0504614665246166,12,3,1.871807384717465,1.871807384717465,FALSE,FALSE
comm_3335,9.627689141,3.0504614665246166,12,3,3.3696474900570896,3.3696474900570896,FALSE,FALSE
comm_3336,9.095912975461092,3.0504614665246166,8,4,4.403518893,4.403518893,FALSE,FALSE
comm_3337,9.998925345262958,3.0504614665246166,8,4,7.357649343,7.357649343,FALSE,FALSE
comm_3338,9.019655325044525,3.0504614665246166,11,5,8.254023363865919,8.254023363865919,FALSE,FALSE
comm_3339,9.144556851,3.0504614665246166,12,7,5.476652512011556,5.476652512011556,FALSE,FALSE
comm_3340,9.317952386562697,3.0504614665246166,8,3,3.160605901538904,3.1606059015389043,FALSE,FALSE
comm_3341,11.099683212703567,3.0504614665246166,11,7,5.220704399278665,5.220704399278666,FALSE,FALSE
comm_3342,8.771211515204373,3.0504614665246166,11,5,9.399690469898935,9.399690469898935,FALSE,FALSE
comm_3343,9.666600667358171,3.0504614665246166,11,6,5.110604771442487,5.110604771442487,FALSE,FALSE
comm_3344,10.310055367522144,3.0504614665246166,10,4,4.019163234846092,4.019163234846091,FALSE,FALSE
comm_3345,8.474720296540557,3.0504614665246166,10,3,3.882665702,3.882665702,FALSE,FALSE
comm_3346,10.005530106994325,3.0504614665246166,12,6,3.5945695735133576,3.5945695735133576,FALSE,FALSE
comm_3347,10.24027852481735,3.0504614665246166,10,4,5.554459692,5.554459691927159,FALSE,FALSE
comm_3348,8.906021897625914,3.0504614665246166,8,3,3.7826978052783624,3.7826978052783633,FALSE,FALSE
comm_3349,10.09718187,3.0504614665246166,10,5,8.324776644,8.324776644,FALSE,FALSE
comm_3350,10.36064150645155,3.0504614665246166,10,4,2.2574493905133934,2.257449390513394,FALSE,FALSE
comm_3351,10.025018510077972,3.0504614665246166,12,4,3.302233774676015,3.302233774676014,FALSE,FALSE
comm_3352,9.613956268,3.0504614665246166,11,3,2.5729018241982247,2.572901824198224,FALSE,FALSE
comm_3353,9.399435287018743,3.0504614665246166,11,5,3.794068743176912,3.794068743176912,FALSE,FALSE
comm_3354,9.512128440621344,3.0504614665246166,9,4,4.729195222419997,4.729195222419998,FALSE,FALSE
comm_3355,10.435201071970628,3.0504614665246166,12,6,4.406241941732595,4.4062419417325955,FALSE,FALSE
comm_3356,12.107963039055516,3.0504614665246166,9,2,2.6028788683425748,2.6028788683425748,FALSE,FALSE
comm_3357,10.297174316096612,3.0504614665246166,10,5,5.090511098230644,5.090511098230644,FALSE,FALSE
comm_3358,10.77515173176501,3.0504614665246166,8,1,1.4629955518581217,1.4629955518581212,FALSE,FALSE
comm_3359,10.462774220918652,3.0504614665246166,10,7,9.689533957554769,9.689533957554769,FALSE,FALSE
comm_3360,10.578495165462336,3.0504614665246166,10,5,3.0477980015445434,3.047798001544544,FALSE,FALSE
comm_3361,9.593840666542174,3.0504614665246166,11,5,8.863247605717051,8.863247606,FALSE,FALSE
comm_3362,10.257106289641207,3.0504614665246166,9,0,0,0,FALSE,FALSE
comm_3363,11.211067645832346,3.0504614665246166,12,4,2.6088381638021163,2.6088381638021163,FALSE,FALSE
comm_3364,10.46463782709811,3.0504614665246166,9,4,4.478219687,4.478219687,FALSE,FALSE
comm_3365,8.220401238306385,3.0504614665246166,8,3,2.7799480562738177,2.7799480562738177,FALSE,FALSE
comm_3366,13.140870748790006,3.0504614665246166,9,7,4.487894073,4.487894073,FALSE,FALSE
comm_3367,11.018155115515723,3.0504614665246166,8,2,2.311076966268389,2.311076966268389,FALSE,FALSE
comm_3368,8.388882755465929,3.0504614665246166,10,4,9.406615672886982,9.406615672886982,FALSE,FALSE
comm_3369,9.919700569654522,3.0504614665246166,8,2,3.7904505879647217,3.790450587964722,FALSE,FALSE
comm_3370,9.747790814,3.0504614665246166,12,4,6.923621995099291,6.923621995099291,FALSE,FALSE
comm_3371,8.697129251154301,3.0504614665246166,8,3,5.692607481983451,5.692607481983451,FALSE,FALSE
comm_3372,8.926470881405734,3.0504614665246166,12,4,7.1199486306651005,7.119948631,FALSE,FALSE
comm_3373,10.27914697067639,3.0504614665246166,9,6,7.157750405,7.157750404709771,FALSE,FALSE
comm_3374,8.559354281814688,3.0504614665246166,10,4,0.8885535388710997,0.8885535388710997,FALSE,FALSE
comm_3375,10.276669834441904,3.0504614665246166,9,4,3.3361556839269766,3.336155683926977,FALSE,FALSE
comm_3376,10.602521619325133,3.0504614665246166,12,4,1.0859930932181348,1.0859930932181348,FALSE,FALSE
comm_3377,11.595566790880616,3.0504614665246166,12,6,4.005549601243618,4.005549601243618,FALSE,FALSE
comm_3378,9.737873805358642,3.0504614665246166,12,5,8.479564824506237,8.479564824506237,FALSE,FALSE
comm_3379,10.711599178288909,3.0504614665246166,8,5,7.071016900755348,7.071016900755347,FALSE,FALSE
comm_3380,9.197226991301363,3.0504614665246166,9,3,4.4179227870037785,4.417922787003778,FALSE,FALSE
comm_3381,9.679039100889192,3.0504614665246166,8,3,3.669495284490667,3.669495284490667,FALSE,FALSE
comm_3382,9.459952373980968,3.0504614665246166,11,5,5.543424779121447,5.543424779121447,FALSE,FALSE
comm_3383,11.200584482626876,3.0504614665246166,9,3,4.157085914989341,4.1570859149893415,FALSE,FALSE
comm_3384,10.023750996783752,3.0504614665246166,12,5,4.509162301721927,4.509162301721928,FALSE,FALSE
comm_3385,10.912516230379037,3.0504614665246166,10,3,1.8695427349709828,1.8695427349709823,FALSE,FALSE
comm_3386,9.031093191338975,3.0504614665246166,12,5,5.270479682223105,5.2704796822231055,FALSE,FALSE
comm_3387,8.714694661636507,3.0504614665246166,8,4,8.810297296165624,8.810297296165624,FALSE,FALSE
comm_3388,9.804263107587746,3.0504614665246166,10,5,6.3121091446669695,6.312109144666969,FALSE,FALSE
comm_3389,9.094996753629411,3.0504614665246166,10,4,3.339288474414202,3.339288474414202,FALSE,FALSE
comm_3390,8.754866664224544,3.0504614665246166,9,4,2.446985720881776,2.446985720881776,FALSE,FALSE
comm_3391,10.118249876232191,3.0504614665246166,11,3,4.357474361912147,4.357474361912147,FALSE,FALSE
comm_3392,10.12167340149202,3.0504614665246166,8,4,3.475668841294805,3.475668841294806,FALSE,FALSE
comm_3393,8.954491569950791,3.0504614665246166,8,3,3.3168863103641955,3.3168863103641955,FALSE,FALSE
comm_3394,9.918259868,3.0504614665246166,8,2,2.9589839444674704,2.958983944467471,FALSE,FALSE
comm_3395,10.29268688256708,3.0504614665246166,9,2,2.677842286631308,2.677842286631308,FALSE,FALSE
comm_3396,10.674638363076363,3.0504614665246166,8,1,1.2002511000092382,1.2002511000092384,FALSE,FALSE
comm_3397,10.907611585825183,3.0504614665246166,9,4,4.599170204183494,4.599170204183495,FALSE,FALSE
comm_3398,9.752136633,3.0504614665246166,12,4,2.0124753104737723,2.0124753104737723,FALSE,FALSE
comm_3399,9.843820482054005,3.0504614665246166,11,5,5.686023961390049,5.686023961390051,FALSE,FALSE
comm_3400,9.592022808129585,3.0504614665246166,10,6,7.1624743569916784,7.1624743569916784,FALSE,FALSE
comm_3401,11.635633154262106,3.0504614665246166,11,5,4.808315004076806,4.808315004076805,FALSE,FALSE
comm_3402,9.271394140534667,3.0504614665246166,9,5,11.877477041737972,11.877477041737972,FALSE,FALSE
comm_3403,9.853016201,3.0504614665246166,12,5,5.000823926488026,5.000823926488026,FALSE,FALSE
comm_3404,8.868363730121624,3.0504614665246166,9,3,1.0624739239965244,1.0624739239965244,FALSE,FALSE
comm_3405,10.29525683256804,3.0504614665246166,8,3,5.137608951309242,5.137608951309242,FALSE,FALSE
comm_3406,10.773166146698609,3.0504614665246166,12,7,6.1512546427684205,6.151254642768419,FALSE,FALSE
comm_3407,10.420858329267912,3.0504614665246166,9,4,4.784774000686086,4.7847740006860855,FALSE,FALSE
comm_3408,9.765688566833315,3.0504614665246166,12,8,10.664161035103753,10.664161035103753,FALSE,FALSE
comm_3409,10.79874497,3.0504614665246166,10,1,0.1833179242438717,0.1833179242438717,FALSE,FALSE
comm_3410,9.126464341936614,3.0504614665246166,8,1,1.3807342796200253,1.380734279620025,FALSE,FALSE
comm_3411,10.061528058133932,3.0504614665246166,12,6,4.495919126131084,4.495919126131084,FALSE,FALSE
comm_3412,10.27940824158462,3.0504614665246166,11,6,4.539997728491404,4.539997728491404,FALSE,FALSE
comm_3413,10.73473574527232,3.0504614665246166,11,5,1.0016461885395804,1.0016461885395802,FALSE,FALSE
comm_3414,9.517745382205698,3.0504614665246166,8,3,3.112439077428271,3.1124390774282715,FALSE,FALSE
comm_3415,10.976734016534769,3.0504614665246166,8,4,4.161208447101679,4.161208447101679,FALSE,FALSE
comm_3416,8.875962221108491,3.0504614665246166,11,3,1.1893415544943993,1.189341554494399,FALSE,FALSE
comm_3417,10.764745425196844,3.0504614665246166,10,4,5.604691996995312,5.604691996995312,FALSE,FALSE
comm_3418,10.233337129922262,3.0504614665246166,10,4,7.416309762747499,7.416309763,FALSE,FALSE
comm_3419,11.23255086,3.0504614665246166,9,5,5.782186022198477,5.782186022198477,FALSE,FALSE
comm_3420,10.433135675040711,3.0504614665246166,11,7,12.33935805080208,12.33935805080208,FALSE,FALSE
comm_3421,10.005383806028972,3.0504614665246166,10,3,5.51740066,5.517400659687101,FALSE,FALSE
comm_3422,9.409712694,3.0504614665246166,10,4,3.0335934835593026,3.0335934835593026,FALSE,FALSE
comm_3423,10.106209082321971,3.0504614665246166,9,3,2.850348313511793,2.850348313511793,FALSE,FALSE
comm_3424,9.086436964846143,3.0504614665246166,12,6,4.777055357604185,4.777055357604184,FALSE,FALSE
comm_3425,12.742251238886608,3.0504614665246166,11,5,2.394817278860772,2.3948172788607716,FALSE,FALSE
comm_3426,9.486152207,3.0504614665246166,12,3,2.794601998655471,2.7946019986554713,FALSE,FALSE
comm_3427,12.58805841820294,3.0504614665246166,12,4,2.2609556764730425,2.2609556764730425,FALSE,FALSE
comm_3428,9.115353695010574,3.0504614665246166,8,3,2.803989151127591,2.8039891511275905,FALSE,FALSE
comm_3429,10.27716160789493,3.0504614665246166,12,4,5.579848187434421,5.579848187434422,FALSE,FALSE
comm_3430,9.263847396975022,3.0504614665246166,10,4,8.791952925207323,8.791952925207323,FALSE,FALSE
comm_3431,8.478692988750336,3.0504614665246166,8,3,1.2573460927853028,1.2573460927853026,FALSE,FALSE
comm_3432,8.966348246,3.0504614665246166,9,3,2.7598441764514092,2.7598441764514097,FALSE,FALSE
comm_3433,11.45734281242329,3.0504614665246166,8,3,2.155930966702029,2.1559309667020288,FALSE,FALSE
comm_3434,9.847431157,3.0504614665246166,9,5,6.199428197,6.199428197,FALSE,FALSE
comm_3435,9.104267027,3.0504614665246166,9,5,7.845464318113233,7.845464318113232,FALSE,FALSE
comm_3436,8.859747857425583,3.0504614665246166,11,3,4.814854235675455,4.814854235675455,FALSE,FALSE
comm_3437,11.700557278268333,3.0504614665246166,8,2,1.1739345111420616,1.1739345111420618,FALSE,FALSE
comm_3438,8.569094549866863,3.0504614665246166,8,2,1.3584433610662034,1.3584433610662034,FALSE,FALSE
comm_3439,11.507703440588164,3.0504614665246166,8,4,3.5611609844124974,3.5611609844124974,FALSE,FALSE
comm_3440,9.136695104728409,3.0504614665246166,10,3,4.745286504371248,4.745286504371249,FALSE,FALSE
comm_3441,9.726121585044211,3.0504614665246166,12,2,1.4615778532166894,1.4615778532166894,FALSE,FALSE
comm_3442,9.077696885921869,3.0504614665246166,10,4,8.404865008790107,8.404865009,FALSE,FALSE
comm_3443,9.520001957232552,3.0504614665246166,12,6,6.5930389085229795,6.593038908522979,FALSE,FALSE
comm_3444,9.061946865956076,3.0504614665246166,9,3,5.3436775658283615,5.343677565828362,FALSE,FALSE
comm_3445,9.448213697,3.0504614665246166,12,4,3.9374303467966887,3.937430346796689,FALSE,FALSE
comm_3446,10.009421738356652,3.0504614665246166,12,5,7.960414234119337,7.960414234119338,FALSE,FALSE
comm_3447,8.816412146936015,3.0504614665246166,11,4,6.001731901825579,6.001731902,FALSE,FALSE
comm_3448,11.447758642265365,3.0504614665246166,12,4,4.239008334257264,4.239008334257264,FALSE,FALSE
comm_3449,10.411008504936952,3.0504614665246166,10,2,0.6939758714041186,0.6939758714041184,FALSE,FALSE
comm_3450,10.651563739726695,3.0504614665246166,9,6,3.0863769899216136,3.0863769899216136,FALSE,FALSE
comm_3451,10.389919779532711,3.0504614665246166,9,2,2.207648914069176,2.207648914069176,FALSE,FALSE
comm_3452,9.691789647362397,3.0504614665246166,12,6,6.991165072,6.991165072,FALSE,FALSE
comm_3453,10.198483570256723,3.0504614665246166,9,4,4.951462521866192,4.951462521866193,FALSE,FALSE
comm_3454,8.192858529258993,3.0504614665246166,10,4,6.035822537459638,6.035822537459637,FALSE,FALSE
comm_3455,10.228915884183126,3.0504614665246166,8,5,5.803257662151172,5.803257662151172,FALSE,FALSE
comm_3456,9.010858157,3.0504614665246166,9,3,3.1707532769839113,3.1707532769839113,FALSE,FALSE
comm_3457,11.448964992872824,3.0504614665246166,10,2,0.5801363754898587,0.5801363754898586,FALSE,FALSE
comm_3458,11.406268185722062,3.0504614665246166,8,3,5.549154198086603,5.549154198086605,FALSE,FALSE
comm_3459,10.069978400687438,3.0504614665246166,9,3,2.920549360411656,2.9205493604116555,FALSE,FALSE
comm_3460,8.608371246203705,3.0504614665246166,9,2,0.97363208,0.9736320798199544,FALSE,FALSE
comm_3461,9.659237002345588,3.0504614665246166,8,3,2.994495633009487,2.9944956330094876,FALSE,FALSE
comm_3462,8.54971378,3.0504614665246166,10,5,7.248253253112457,7.248253253112458,FALSE,FALSE
comm_3463,11.400012467582664,3.0504614665246166,9,5,5.3913776428651925,5.3913776428651925,FALSE,FALSE
comm_3464,10.15505790523353,3.0504614665246166,9,5,6.3574031512526865,6.357403151252688,FALSE,FALSE
comm_3465,10.110791316064676,3.0504614665246166,9,3,3.1425978193163706,3.142597819,FALSE,FALSE
comm_3466,8.517235576047447,3.0504614665246166,10,3,1.5988802542830522,1.598880254283052,FALSE,FALSE
comm_3467,11.10398432849061,3.0504614665246166,8,2,1.2870643042524148,1.2870643042524148,FALSE,FALSE
comm_3468,9.117374535415204,3.0504614665246166,10,1,0.631682548,0.6316825475508691,FALSE,FALSE
comm_3469,10.125241602115102,3.0504614665246166,8,5,7.290184249,7.290184249,FALSE,FALSE
comm_3470,9.155104721108554,3.0504614665246166,11,5,11.218077540334736,11.218077540334736,FALSE,FALSE
comm_3471,10.058778626741525,3.0504614665246166,11,4,3.3963462925301178,3.3963462925301178,FALSE,FALSE
comm_3472,10.148999286083482,3.0504614665246166,8,5,4.957281650340166,4.957281650340166,FALSE,FALSE
comm_3473,10.307503768742675,3.0504614665246166,12,4,5.000173564863157,5.000173564863157,FALSE,FALSE
comm_3474,9.178227470070254,3.0504614665246166,11,4,5.625705536884173,5.625705536884173,FALSE,FALSE
comm_3475,9.783182062,3.0504614665246166,8,1,0.841168114,0.8411681137975091,FALSE,FALSE
comm_3476,11.71014019759684,3.0504614665246166,10,4,1.2574773303193405,1.2574773303193405,FALSE,FALSE
comm_3477,10.468974688693717,3.0504614665246166,8,4,2.5419551748610587,2.541955174861059,FALSE,FALSE
comm_3478,11.132669130848551,3.0504614665246166,12,4,1.4020137581772574,1.4020137581772572,FALSE,FALSE
comm_3479,11.71304280749766,3.0504614665246166,12,5,0.8562637869590536,0.8562637869590536,FALSE,FALSE
comm_3480,14.840539186144351,3.0504614665246166,12,5,1.547303339186693,1.547303339186693,FALSE,FALSE
comm_3481,9.532257351991106,3.0504614665246166,11,4,5.447815726955592,5.447815726955593,FALSE,FALSE
comm_3482,9.028704431700184,3.0504614665246166,9,2,1.0220499256453688,1.0220499256453688,FALSE,FALSE
comm_3483,11.873880909059158,3.0504614665246166,8,2,2.3183894664307925,2.3183894664307925,FALSE,FALSE
comm_3484,10.327241541787563,3.0504614665246166,12,4,5.686640707380813,5.686640707380813,FALSE,FALSE
comm_3485,10.573867811566078,3.0504614665246166,8,1,1.5716100104757411,1.571610010475741,FALSE,FALSE
comm_3486,9.027398073473885,3.0504614665246166,10,3,4.645081097420746,4.6450810974207455,FALSE,FALSE
comm_3487,12.10045621,3.0504614665246166,12,4,2.6439164208120287,2.6439164208120287,FALSE,FALSE
comm_3488,9.901142750828424,3.0504614665246166,11,5,4.294018679312098,4.294018679312098,FALSE,FALSE
comm_3489,10.061313200810469,3.0504614665246166,9,3,3.4504686597067407,3.4504686597067407,FALSE,FALSE
comm_3490,10.201150837436662,3.0504614665246166,10,3,2.089334983068486,2.089334983068486,FALSE,FALSE
comm_3491,9.878406087,3.0504614665246166,12,6,6.6357025964622585,6.635702596,FALSE,FALSE
comm_3492,10.354484946771942,3.0504614665246166,12,6,8.192169773,8.192169773,FALSE,FALSE
comm_3493,9.401558060811883,3.0504614665246166,11,4,2.5821244465124265,2.582124446512427,FALSE,FALSE
comm_3494,10.508374544899771,3.0504614665246166,12,4,2.5851241784254406,2.585124178425441,FALSE,FALSE
comm_3495,11.67851385739299,3.0504614665246166,12,4,2.3127596594819355,2.312759659481936,FALSE,FALSE
comm_3496,11.538166286299155,3.0504614665246166,9,3,1.8259913064782576,1.825991306478258,FALSE,FALSE
comm_3497,12.208378173215475,3.0504614665246166,8,4,4.494521071695205,4.494521071695207,FALSE,FALSE
comm_3498,11.533833571217611,3.0504614665246166,8,2,1.6854777375603405,1.6854777375603405,FALSE,FALSE
comm_3499,9.719860183344306,3.0504614665246166,10,2,0.5929364908237346,0.5929364908237347,FALSE,FALSE
comm_3500,8.820455994338989,3.0504614665246166,11,6,5.768671546669168,5.768671546669168,FALSE,FALSE
comm_3501,9.426519836964044,3.0504614665246166,10,5,5.085692991624892,5.085692991624893,FALSE,FALSE
comm_3502,13.103150499095335,3.0504614665246166,9,5,2.845653116906909,2.845653116906909,FALSE,FALSE
comm_3503,8.197387355,3.0504614665246166,8,5,11.090590506348144,11.090590506348146,FALSE,FALSE
comm_3504,10.849822869279496,3.0504614665246166,10,6,4.532126876392387,4.532126876392387,FALSE,FALSE
comm_3505,9.425164700956175,3.0504614665246166,10,2,2.742177193755815,2.7421771937558153,FALSE,FALSE
comm_3506,9.451370464558629,3.0504614665246166,9,5,5.713919952608121,5.713919952608121,FALSE,FALSE
comm_3507,10.11493063359543,3.0504614665246166,11,7,6.121152030664474,6.121152030664474,FALSE,FALSE
comm_3508,9.333089370631908,3.0504614665246166,11,4,3.8396695618633734,3.839669561863373,FALSE,FALSE
comm_3509,9.918986906722203,3.0504614665246166,11,5,2.054049855675965,2.0540498556759643,FALSE,FALSE
comm_3510,8.951196963460387,3.0504614665246166,10,3,3.0717730069281703,3.0717730069281703,FALSE,FALSE
comm_3511,9.325548227444145,3.0504614665246166,11,5,5.940225524,5.940225524152819,FALSE,FALSE
comm_3512,10.84247386033508,3.0504614665246166,12,6,5.016734863,5.016734863,FALSE,FALSE
comm_3513,9.821689537,3.0504614665246166,11,5,2.830579112715353,2.830579112715353,FALSE,FALSE
comm_3514,9.779783768565384,3.0504614665246166,9,4,5.501855305224853,5.501855305224853,FALSE,FALSE
comm_3515,10.41388406475185,3.0504614665246166,11,4,1.4829226841603145,1.4829226841603145,FALSE,FALSE
comm_3516,10.21664665568529,3.0504614665246166,10,4,3.8029028678300776,3.8029028678300776,FALSE,FALSE
comm_3517,10.866181647147052,3.0504614665246166,9,5,3.9636544606659543,3.963654460665955,FALSE,FALSE
comm_3518,10.591021734574657,3.0504614665246166,12,4,4.361575196409144,4.361575196409144,FALSE,FALSE
comm_3519,10.265987004494871,3.0504614665246166,12,3,4.167424814571401,4.167424814571401,FALSE,FALSE
comm_3520,9.780860274686816,3.0504614665246166,11,7,8.607150765,8.607150765,FALSE,FALSE
comm_3521,10.217498723004269,3.0504614665246166,8,3,1.8573420102614997,1.8573420102614997,FALSE,FALSE
comm_3522,9.027138363926351,3.0504614665246166,11,6,5.126655894,5.126655894,FALSE,FALSE
comm_3523,9.613815769,3.0504614665246166,8,6,11.81736250248126,11.817362502481265,FALSE,FALSE
comm_3524,8.647756142110708,3.0504614665246166,10,4,6.131178590354574,6.131178590354574,FALSE,FALSE
comm_3525,10.405865522898294,3.0504614665246166,8,3,2.9717298785668005,2.9717298785668005,FALSE,FALSE
comm_3526,11.185355339450265,3.0504614665246166,9,4,2.4947198673124653,2.4947198673124658,FALSE,FALSE
comm_3527,9.779089359630358,3.0504614665246166,10,3,4.600043133272989,4.600043133272989,FALSE,FALSE
comm_3528,11.529643860980372,3.0504614665246166,9,5,4.1924361546793865,4.1924361546793865,FALSE,FALSE
comm_3529,10.622184623813704,3.0504614665246166,10,5,7.209458247077901,7.209458247,FALSE,FALSE
comm_3530,10.458986742716888,3.0504614665246166,12,4,4.166007284965727,4.166007284965727,FALSE,FALSE
comm_3531,9.106159996,3.0504614665246166,12,5,7.084791134481527,7.084791134481529,FALSE,FALSE
comm_3532,8.303483898519788,3.0504614665246166,11,4,10.291986555691992,10.291986555691992,FALSE,FALSE
comm_3533,11.35302956696476,3.0504614665246166,10,6,4.632507009298674,4.632507009298674,FALSE,FALSE
comm_3534,9.480817035953883,3.0504614665246166,12,7,11.033390042770526,11.033390042770526,FALSE,FALSE
comm_3535,10.58703047458689,3.0504614665246166,8,3,5.549461372795459,5.549461372795459,FALSE,FALSE
comm_3536,11.850579837085656,3.0504614665246166,8,1,1.1878440068446978,1.1878440068446978,FALSE,FALSE
comm_3537,11.75534392449028,3.0504614665246166,12,6,5.413458313593688,5.413458313593689,FALSE,FALSE
comm_3538,10.06761204678257,3.0504614665246166,10,5,6.936343557254363,6.936343557254363,FALSE,FALSE
comm_3539,10.33189098788516,3.0504614665246166,9,4,2.4470301283658595,2.4470301283658595,FALSE,FALSE
comm_3540,9.707005718140524,3.0504614665246166,9,5,6.7528778217900305,6.752877822,FALSE,FALSE
comm_3541,9.135078669,3.0504614665246166,8,4,9.713871134739293,9.713871134739293,FALSE,FALSE
comm_3542,9.995128396,3.0504614665246166,12,5,4.254496623,4.254496623,FALSE,FALSE
comm_3543,8.983915235894044,3.0504614665246166,12,3,2.990753023549991,2.9907530235499906,FALSE,FALSE
comm_3544,10.79461467797224,3.0504614665246166,8,5,4.693267637509543,4.693267637509543,FALSE,FALSE
comm_3545,9.197888168990104,3.0504614665246166,11,4,4.552669549075955,4.552669549075954,FALSE,FALSE
comm_3546,9.489583810844897,3.0504614665246166,12,5,3.7073109164734306,3.7073109164734306,FALSE,FALSE
comm_3547,9.895269398,3.0504614665246166,12,7,4.565031602400323,4.565031602400322,FALSE,FALSE
comm_3548,10.035114751896757,3.0504614665246166,11,6,11.11537471972362,11.11537471972362,FALSE,FALSE
comm_3549,9.933528127762818,3.0504614665246166,12,5,4.184707319819218,4.184707319819218,FALSE,FALSE
comm_3550,9.225176242,3.0504614665246166,11,4,2.7843233155869447,2.7843233155869447,FALSE,FALSE
comm_3551,9.133904220805766,3.0504614665246166,12,2,1.4977054909508878,1.4977054909508871,FALSE,FALSE
comm_3552,9.280448345332545,3.0504614665246166,8,3,4.616908044528031,4.616908044528031,FALSE,FALSE
comm_3553,10.31527490257288,3.0504614665246166,8,3,3.1889350563926806,3.1889350563926797,FALSE,FALSE
comm_3554,8.953426152120501,3.0504614665246166,12,6,8.357791593369477,8.357791593369475,FALSE,FALSE
comm_3555,11.26001393616448,3.0504614665246166,12,5,4.287933686793514,4.287933686793514,FALSE,FALSE
comm_3556,12.129581336465604,3.0504614665246166,8,3,3.6834119621302737,3.6834119621302737,FALSE,FALSE
comm_3557,9.687898123,3.0504614665246166,11,4,5.220680565530687,5.220680565530687,FALSE,FALSE
comm_3558,9.162692103,3.0504614665246166,9,4,2.9125827155244717,2.9125827155244712,FALSE,FALSE
comm_3559,8.438752672471525,3.0504614665246166,10,4,6.674529325879634,6.674529325879633,FALSE,FALSE
comm_3560,11.05988381,3.0504614665246166,11,4,3.0841278984731098,3.0841278984731098,FALSE,FALSE
comm_3561,8.982185715,3.0504614665246166,12,4,2.9540446140962953,2.9540446140962957,FALSE,FALSE
comm_3562,13.358534762107109,3.0504614665246166,8,3,2.7996130417454075,2.799613041745407,FALSE,FALSE
comm_3563,10.57773583520442,3.0504614665246166,11,5,2.829916309382006,2.8299163093820066,FALSE,FALSE
comm_3564,11.208709107348158,3.0504614665246166,8,3,1.6433634918806483,1.6433634918806486,FALSE,FALSE
comm_3565,9.977197466119726,3.0504614665246166,12,5,4.623477404825639,4.623477404825639,FALSE,FALSE
comm_3566,9.958125268214252,3.0504614665246166,10,4,5.907210063148526,5.907210063148526,FALSE,FALSE
comm_3567,10.429361521065008,3.0504614665246166,9,5,10.002651204605517,10.002651204605518,FALSE,FALSE
comm_3568,11.10419619869453,3.0504614665246166,8,3,2.263482712407619,2.263482712407619,FALSE,FALSE
comm_3569,9.652163459682647,3.0504614665246166,11,5,4.488502410192925,4.488502410192925,FALSE,FALSE
comm_3570,11.19927473844524,3.0504614665246166,9,3,2.4907599138315977,2.4907599138315977,FALSE,FALSE
comm_3571,9.055280859763217,3.0504614665246166,10,5,8.210910095254354,8.210910095254356,FALSE,FALSE
comm_3572,10.136644394724067,3.0504614665246166,11,2,1.8110784469789425,1.8110784469789425,FALSE,FALSE
comm_3573,10.196123124163083,3.0504614665246166,11,5,7.5926525077149964,7.592652507714997,FALSE,FALSE
comm_3574,9.957521843941237,3.0504614665246166,12,6,4.019787070713976,4.019787070713976,FALSE,FALSE
comm_3575,9.651130652270668,3.0504614665246166,8,2,1.1237539025246952,1.1237539025246952,FALSE,FALSE
comm_3576,10.466587079587804,3.0504614665246166,10,3,4.701830109543541,4.701830109543541,FALSE,FALSE
comm_3577,10.470872736332518,3.0504614665246166,9,3,2.8916574237457047,2.891657423745704,FALSE,FALSE
comm_3578,9.306505295563872,3.0504614665246166,11,3,2.499846445084734,2.499846445084735,FALSE,FALSE
comm_3579,9.749276880186398,3.0504614665246166,12,7,7.532899901961892,7.532899901961891,FALSE,FALSE
comm_3580,9.196526819961084,3.0504614665246166,10,4,3.202268199151143,3.202268199151142,FALSE,FALSE
comm_3581,9.831829030463298,3.0504614665246166,9,3,3.558881304554186,3.5588813045541867,FALSE,FALSE
comm_3582,9.277715647,3.0504614665246166,10,4,4.513667567608702,4.513667567608703,FALSE,FALSE
comm_3583,10.696899865450757,3.0504614665246166,12,6,6.737514822951034,6.737514822951035,FALSE,FALSE
comm_3584,9.044271244,3.0504614665246166,8,2,3.858619598396479,3.858619598,FALSE,FALSE
comm_3585,9.113297660829453,3.0504614665246166,11,2,0.6695588256736118,0.669558826,FALSE,FALSE
comm_3586,10.901219528878553,3.0504614665246166,12,3,3.0311030545221795,3.031103054522179,FALSE,FALSE
comm_3587,9.907843700663062,3.0504614665246166,12,6,9.133655365260632,9.133655365,FALSE,FALSE
comm_3588,10.485335891646644,3.0504614665246166,10,4,4.619332553542391,4.619332553542391,FALSE,FALSE
comm_3589,10.179759995822204,3.0504614665246166,10,3,3.929112145,3.929112144895299,FALSE,FALSE
comm_3590,10.30910274,3.0504614665246166,9,3,3.332714638960103,3.332714638960103,FALSE,FALSE
comm_3591,9.022230647,3.0504614665246166,11,5,6.936869144326303,6.936869144326302,FALSE,FALSE
comm_3592,9.885745768581312,3.0504614665246166,11,5,7.281382007,7.281382007,FALSE,FALSE
comm_3593,10.642489257767195,3.0504614665246166,11,5,4.711665231466551,4.711665231466552,FALSE,FALSE
comm_3594,8.830225421031825,3.0504614665246166,11,3,2.606213815861765,2.606213815861766,FALSE,FALSE
comm_3595,9.772816264,3.0504614665246166,12,5,3.750704046427895,3.7507040464278942,FALSE,FALSE
comm_3596,10.45333729183031,3.0504614665246166,9,4,4.979060784230569,4.979060784230568,FALSE,FALSE
comm_3597,8.517236396872743,3.0504614665246166,8,4,7.671678455115099,7.671678455,FALSE,FALSE
comm_3598,10.951004996787304,3.0504614665246166,10,3,1.113813004,1.1138130035302505,FALSE,FALSE
comm_3599,9.300570247581527,3.0504614665246166,12,4,7.646374489566797,7.646374489566797,FALSE,FALSE
comm_3600,8.905181377374022,3.0504614665246166,10,4,7.952745069324393,7.9527450693243935,FALSE,FALSE
comm_3601,8.847503484927108,3.0504614665246166,11,5,6.686328432696879,6.686328432696879,FALSE,FALSE
comm_3602,9.099184264591656,3.0504614665246166,9,4,5.919829912,5.919829912,FALSE,FALSE
comm_3603,11.979613249030765,3.0504614665246166,12,8,6.910040547776817,6.910040547776817,FALSE,FALSE
comm_3604,10.3439501,3.0504614665246166,12,4,3.7253665847813577,3.725366584781357,FALSE,FALSE
comm_3605,10.361013915877392,3.0504614665246166,10,4,3.2038691053235597,3.2038691053235593,FALSE,FALSE
comm_3606,8.994756302784248,3.0504614665246166,11,5,5.593166219866706,5.593166219866707,FALSE,FALSE
comm_3607,9.129976528,3.0504614665246166,10,4,7.1471961704583205,7.147196170458319,FALSE,FALSE
comm_3608,9.529508290691693,3.0504614665246166,12,4,4.385829898975116,4.385829898975115,FALSE,FALSE
comm_3609,11.170464501657753,3.0504614665246166,11,5,2.616242466602369,2.616242467,FALSE,FALSE
comm_3610,9.156877229292984,3.0504614665246166,10,6,8.263471842519195,8.263471842519197,FALSE,FALSE
comm_3611,9.144224443,3.0504614665246166,10,5,3.770478991901258,3.770478991901257,FALSE,FALSE
comm_3612,9.987889484126704,3.0504614665246166,12,5,2.8153206688198384,2.815320668819839,FALSE,FALSE
comm_3613,9.496875449571798,3.0504614665246166,11,4,3.2899566673947764,3.2899566673947764,FALSE,FALSE
comm_3614,9.923355800593146,3.0504614665246166,9,4,4.752657434908364,4.752657434908364,FALSE,FALSE
comm_3615,11.66121075,3.0504614665246166,9,5,4.658122588667417,4.658122588667417,FALSE,FALSE
comm_3616,10.50604100772343,3.0504614665246166,9,2,1.5360733933308106,1.5360733933308108,FALSE,FALSE
comm_3617,10.449325442434043,3.0504614665246166,12,5,7.251321528506697,7.251321528506697,FALSE,FALSE
comm_3618,10.376241014307144,3.0504614665246166,10,4,7.093813302384401,7.093813302384401,FALSE,FALSE
comm_3619,9.401127861335317,3.0504614665246166,12,5,5.772533308570572,5.772533308570574,FALSE,FALSE
comm_3620,11.163198765513554,3.0504614665246166,11,6,4.387103801604647,4.387103801604647,FALSE,FALSE
comm_3621,10.293806210519405,3.0504614665246166,8,3,5.096759160660734,5.096759160660734,FALSE,FALSE
comm_3622,9.697448925307151,3.0504614665246166,8,3,5.240405617630866,5.240405617630866,FALSE,FALSE
comm_3623,9.069573990399764,3.0504614665246166,11,4,5.673694669559977,5.673694669559976,FALSE,FALSE
comm_3624,9.917096347,3.0504614665246166,8,3,2.3044892576842466,2.3044892576842466,FALSE,FALSE
comm_3625,10.910227746607958,3.0504614665246166,12,3,0.6643483259691851,0.6643483259691851,FALSE,FALSE
comm_3626,9.752577252187738,3.0504614665246166,8,3,2.6851607667023556,2.6851607667023556,FALSE,FALSE
comm_3627,10.390329457206535,3.0504614665246166,12,6,6.3111118605724545,6.3111118605724545,FALSE,FALSE
comm_3628,10.38771200397139,3.0504614665246166,9,4,7.339484598567221,7.339484599,FALSE,FALSE
comm_3629,10.21272528437176,3.0504614665246166,12,5,6.347552726798795,6.347552726798796,FALSE,FALSE
comm_3630,8.542473554392101,3.0504614665246166,8,4,6.395685925354741,6.395685925354741,FALSE,FALSE
comm_3631,8.479449946545065,3.0504614665246166,8,3,3.0969521985394186,3.0969521985394177,FALSE,FALSE
comm_3632,9.631234862252471,3.0504614665246166,8,3,4.601447754638527,4.601447754638527,FALSE,FALSE
comm_3633,9.468426813391442,3.0504614665246166,8,4,4.894814033515945,4.894814033515944,FALSE,FALSE
comm_3634,8.579910369685726,3.0504614665246166,8,3,3.485992278019584,3.485992278019584,FALSE,FALSE
comm_3635,9.134469348803783,3.0504614665246166,10,4,2.506635074513682,2.5066350745136825,FALSE,FALSE
comm_3636,10.080733999585837,3.0504614665246166,10,3,4.057378970641743,4.057378970641744,FALSE,FALSE
comm_3637,9.408828343754662,3.0504614665246166,8,4,8.394442953648223,8.394442953648221,FALSE,FALSE
comm_3638,9.913928818,3.0504614665246166,12,5,8.637590328883025,8.637590328883023,FALSE,FALSE
comm_3639,8.561426904338616,3.0504614665246166,12,5,5.367643655701464,5.367643655701464,FALSE,FALSE
comm_3640,11.184257313333374,3.0504614665246166,9,3,2.8264435879030705,2.8264435879030714,FALSE,FALSE
comm_3641,10.141373683997834,3.0504614665246166,12,5,5.6630748889466025,5.6630748889466025,FALSE,FALSE
comm_3642,10.02537176681862,3.0504614665246166,8,3,2.4170010446876797,2.4170010446876793,FALSE,FALSE
comm_3643,9.862198038330831,3.0504614665246166,11,4,2.6907405530639847,2.6907405530639847,FALSE,FALSE
comm_3644,11.379028388256303,3.0504614665246166,11,3,2.9865683464952233,2.9865683464952237,FALSE,FALSE
comm_3645,10.953664504406795,3.0504614665246166,9,5,4.467025128427299,4.467025128427299,FALSE,FALSE
comm_3646,10.04868153340968,3.0504614665246166,12,5,4.747625459835061,4.747625459835062,FALSE,FALSE
comm_3647,9.707342095150702,3.0504614665246166,10,4,4.696589139,4.696589138871739,FALSE,FALSE
comm_3648,10.41714489198272,3.0504614665246166,8,5,7.383676941403413,7.383676941403412,FALSE,FALSE
comm_3649,10.558755524078938,3.0504614665246166,10,6,6.100559599052173,6.100559599052173,FALSE,FALSE
comm_3650,9.298696172,3.0504614665246166,11,2,4.1814427359214275,4.1814427359214275,FALSE,FALSE
comm_3651,9.973090488426596,3.0504614665246166,9,1,1.7393114018883142,1.7393114018883145,FALSE,FALSE
comm_3652,11.156993965542798,3.0504614665246166,12,4,2.4993612981318347,2.4993612981318347,FALSE,FALSE
comm_3653,9.999650270583892,3.0504614665246166,12,4,6.644523435776631,6.644523436,FALSE,FALSE
comm_3654,9.557214059099577,3.0504614665246166,11,5,5.191995076138262,5.191995076138263,FALSE,FALSE
comm_3655,10.500695374647885,3.0504614665246166,12,3,2.541216953144621,2.541216953144621,FALSE,FALSE
comm_3656,9.307619177063083,3.0504614665246166,11,3,3.0157790217004363,3.0157790217004368,FALSE,FALSE
comm_3657,12.450671645649088,3.0504614665246166,9,4,5.257570316055218,5.257570316055218,FALSE,FALSE
comm_3658,9.578333812,3.0504614665246166,8,2,1.8742656469810215,1.8742656469810215,FALSE,FALSE
comm_3659,9.750624668328223,3.0504614665246166,12,5,2.4109042667991463,2.410904266799146,FALSE,FALSE
comm_3660,10.264205646797048,3.0504614665246166,10,2,2.2346983836404952,2.2346983836404952,FALSE,FALSE
comm_3661,9.805348592065126,3.0504614665246166,11,4,5.682899165255877,5.682899165255877,FALSE,FALSE
comm_3662,10.055134775353403,3.0504614665246166,8,4,7.265376143535179,7.265376143535181,FALSE,FALSE
comm_3663,10.201905841870223,3.0504614665246166,9,3,3.688453935319555,3.688453935319555,FALSE,FALSE
comm_3664,9.511832715689229,3.0504614665246166,8,2,1.4293486452790476,1.4293486452790474,FALSE,FALSE
comm_3665,9.743670785444648,3.0504614665246166,11,5,7.6693970665920945,7.669397066592095,FALSE,FALSE
comm_3666,10.242804664944684,3.0504614665246166,12,4,6.465835922522239,6.465835922522239,FALSE,FALSE
comm_3667,10.87071807330238,3.0504614665246166,9,4,6.563720599983171,6.563720599983171,FALSE,FALSE
comm_3668,9.712286918903615,3.0504614665246166,10,4,4.206906649295681,4.206906649295682,FALSE,FALSE
comm_3669,9.230819684,3.0504614665246166,10,5,7.041400981738498,7.041400981738498,FALSE,FALSE
comm_3670,11.759141839471347,3.0504614665246166,12,4,3.2918519310109273,3.2918519310109273,FALSE,FALSE
comm_3671,11.301410933487626,3.0504614665246166,8,3,3.583556797419418,3.583556797419417,FALSE,FALSE
comm_3672,10.125956927072137,3.0504614665246166,12,5,6.4167597623014965,6.416759762301497,FALSE,FALSE
comm_3673,8.720490867,3.0504614665246166,10,4,4.648168116369998,4.648168116369998,FALSE,FALSE
comm_3674,10.56515781955045,3.0504614665246166,8,5,8.015049558362405,8.015049558362405,FALSE,FALSE
comm_3675,9.167993771,3.0504614665246166,11,3,9.140120382430249,9.140120382430249,FALSE,FALSE
comm_3676,10.623938077864226,3.0504614665246166,8,4,3.698145919487088,3.698145919487088,FALSE,FALSE
comm_3677,11.056048257086893,3.0504614665246166,11,3,1.908655292444204,1.9086552924442044,FALSE,FALSE
comm_3678,9.266284345926737,3.0504614665246166,8,2,5.570977196206042,5.570977196206042,FALSE,FALSE
comm_3679,11.82924631364108,3.0504614665246166,9,4,5.583178969082919,5.583178969082919,FALSE,FALSE
comm_3680,9.602117748458236,3.0504614665246166,12,6,7.413769243373937,7.413769243373938,FALSE,FALSE
comm_3681,10.117364185825426,3.0504614665246166,10,3,5.423421358,5.423421358,FALSE,FALSE
comm_3682,9.272318102207471,3.0504614665246166,10,5,6.489266948244108,6.489266948244106,FALSE,FALSE
comm_3683,9.494724494305435,3.0504614665246166,10,5,5.694348718864666,5.694348718864667,FALSE,FALSE
comm_3684,9.602112085,3.0504614665246166,10,6,8.796776459488093,8.796776459488097,FALSE,FALSE
comm_3685,11.31584629790925,3.0504614665246166,9,3,2.3803039375423243,2.380303937542324,FALSE,FALSE
comm_3686,9.058124078395377,3.0504614665246166,11,8,10.212829760472754,10.212829760472754,FALSE,FALSE
comm_3687,8.404819044614744,3.0504614665246166,11,6,7.061519376129598,7.061519376,FALSE,FALSE
comm_3688,10.15437480094741,3.0504614665246166,10,3,3.125793550078623,3.1257935500786225,FALSE,FALSE
comm_3689,9.266734372,3.0504614665246166,9,6,6.859491775527696,6.859491775527696,FALSE,FALSE
comm_3690,10.685223953381575,3.0504614665246166,10,3,1.8997924136934328,1.899792413693432,FALSE,FALSE
comm_3691,9.257912738054069,3.0504614665246166,12,6,8.430706052622803,8.430706052622805,FALSE,FALSE
comm_3692,8.913385216601341,3.0504614665246166,8,3,2.5098209495337267,2.5098209495337267,FALSE,FALSE
comm_3693,12.14624234249868,3.0504614665246166,9,5,4.083281596460076,4.083281596460076,FALSE,FALSE
comm_3694,9.047547456,3.0504614665246166,10,5,5.528335767128505,5.528335767128505,FALSE,FALSE
comm_3695,11.925973062927593,3.0504614665246166,8,5,6.079817205611521,6.079817206,FALSE,FALSE
comm_3696,8.892734383198151,3.0504614665246166,8,4,3.471175101335394,3.471175101335394,FALSE,FALSE
comm_3697,8.971338028694598,3.0504614665246166,12,4,4.545194966690165,4.545194966690165,FALSE,FALSE
comm_3698,9.114920129634292,3.0504614665246166,8,4,5.357486334481412,5.357486334481412,FALSE,FALSE
comm_3699,8.750100323,3.0504614665246166,10,4,3.100615647570371,3.100615647570371,FALSE,FALSE
comm_3700,10.95439189013356,3.0504614665246166,11,3,0.5190973154228945,0.5190973154228945,FALSE,FALSE
comm_3701,8.663966575018797,3.0504614665246166,11,5,6.112024979845957,6.112024979845958,FALSE,FALSE
comm_3702,9.980334146949687,3.0504614665246166,8,2,0.8092509086796723,0.8092509086796724,FALSE,FALSE
comm_3703,10.558998010383066,3.0504614665246166,12,5,3.1374175562707327,3.137417556270733,FALSE,FALSE
comm_3704,10.028049225920846,3.0504614665246166,9,4,5.907462392531837,5.907462392531837,FALSE,FALSE
comm_3705,11.00951019406437,3.0504614665246166,12,4,3.333603047183727,3.333603047183727,FALSE,FALSE
comm_3706,8.336710068929865,3.0504614665246166,9,6,8.86854566,8.86854566,FALSE,FALSE
comm_3707,8.737490083834166,3.0504614665246166,10,3,3.617351178269496,3.6173511782694967,FALSE,FALSE
comm_3708,9.128810780825576,3.0504614665246166,10,3,4.555349346888686,4.555349346888685,FALSE,FALSE
comm_3709,10.59038278491841,3.0504614665246166,10,4,3.0847902333209505,3.0847902333209505,FALSE,FALSE
comm_3710,11.096732785784626,3.0504614665246166,11,5,3.3934430159859197,3.3934430159859197,FALSE,FALSE
comm_3711,10.021227771318603,3.0504614665246166,9,2,0.3672965802532766,0.3672965802532766,FALSE,FALSE
comm_3712,9.583218907,3.0504614665246166,11,3,4.664853119728568,4.664853119728567,FALSE,FALSE
comm_3713,11.808733051119171,3.0504614665246166,8,2,0.4177356029450469,0.4177356029450468,FALSE,FALSE
comm_3714,9.022915726534473,3.0504614665246166,10,3,0.5320355445918262,0.5320355445918262,FALSE,FALSE
comm_3715,8.934492405453573,3.0504614665246166,9,3,5.378302473740872,5.378302473740871,FALSE,FALSE
comm_3716,8.952825179909057,3.0504614665246166,9,5,4.3144422838903544,4.314442283890355,FALSE,FALSE
comm_3717,9.408388157941245,3.0504614665246166,12,5,6.979368427067064,6.9793684270670635,FALSE,FALSE
comm_3718,10.61725093522016,3.0504614665246166,10,2,1.7632811154308272,1.763281115430827,FALSE,FALSE
comm_3719,9.267797841428797,3.0504614665246166,11,4,2.2355093731163653,2.2355093731163658,FALSE,FALSE
comm_3720,11.100088109565853,3.0504614665246166,9,2,3.1647071592476967,3.1647071592476976,FALSE,FALSE
comm_3721,10.536472468437598,3.0504614665246166,8,6,7.699329999309376,7.699329999309375,FALSE,FALSE
comm_3722,11.118453368674896,3.0504614665246166,8,2,1.3532625790185988,1.3532625790185984,FALSE,FALSE
comm_3723,12.045846595145552,3.0504614665246166,9,3,2.3929927820467136,2.3929927820467136,FALSE,FALSE
comm_3724,9.991047983636111,3.0504614665246166,11,3,4.5559427956754055,4.555942795675406,FALSE,FALSE
comm_3725,8.894106328215285,3.0504614665246166,10,5,9.891902714364775,9.891902714364775,FALSE,FALSE
comm_3726,10.049013082033625,3.0504614665246166,9,5,4.546769492285314,4.546769492285314,FALSE,FALSE
comm_3727,9.886959726508104,3.0504614665246166,10,5,6.671542783146253,6.671542783146253,FALSE,FALSE
comm_3728,10.812153565585003,3.0504614665246166,9,4,7.318455167374696,7.318455167374696,FALSE,FALSE
comm_3729,10.214192256457707,3.0504614665246166,9,5,7.979465181205365,7.979465181205366,FALSE,FALSE
comm_3730,9.965481526488698,3.0504614665246166,9,5,6.4685677573775795,6.468567757377579,FALSE,FALSE
comm_3731,9.949681998090618,3.0504614665246166,8,2,2.772269716784437,2.7722697167844363,FALSE,FALSE
comm_3732,9.047141929720512,3.0504614665246166,10,4,5.347610748978809,5.347610748978809,FALSE,FALSE
comm_3733,9.070626676,3.0504614665246166,10,6,9.309644046256375,9.309644046,FALSE,FALSE
comm_3734,9.205466405544884,3.0504614665246166,11,3,2.812210598460672,2.812210598460672,FALSE,FALSE
comm_3735,11.218252650599744,3.0504614665246166,9,2,3.3172214388340757,3.3172214388340757,FALSE,FALSE
comm_3736,10.027027658548477,3.0504614665246166,8,1,1.8462160006563688,1.8462160006563688,FALSE,FALSE
comm_3737,10.21798815210355,3.0504614665246166,11,4,3.991610296773584,3.991610296773584,FALSE,FALSE
comm_3738,11.83991395808076,3.0504614665246166,8,4,3.900814843344051,3.9008148433440506,FALSE,FALSE
comm_3739,9.874627122804592,3.0504614665246166,9,5,7.820534711544069,7.820534711544069,FALSE,FALSE
comm_3740,8.666946383933494,3.0504614665246166,10,6,7.935577326037813,7.935577326037812,FALSE,FALSE
comm_3741,11.03616170325967,3.0504614665246166,11,6,5.398362679472629,5.398362679472628,FALSE,FALSE
comm_3742,9.173727248,3.0504614665246166,11,5,4.464554411420224,4.464554411420225,FALSE,FALSE
comm_3743,8.510140810271226,3.0504614665246166,9,2,7.157734372443383,7.157734372443382,FALSE,FALSE
comm_3744,9.317012034822293,3.0504614665246166,10,3,3.3781377550127623,3.3781377550127627,FALSE,FALSE
comm_3745,9.656420170588456,3.0504614665246166,11,2,2.105218794535896,2.1052187945358956,FALSE,FALSE
comm_3746,10.35306514,3.0504614665246166,10,3,5.032937014271323,5.032937014271325,FALSE,FALSE
comm_3747,10.304623560624783,3.0504614665246166,9,4,5.687045343942188,5.687045343942188,FALSE,FALSE
comm_3748,9.646804892,3.0504614665246166,9,4,6.3466297567479835,6.346629756747984,FALSE,FALSE
comm_3749,10.678949426967849,3.0504614665246166,9,4,4.515970413734426,4.515970413734426,FALSE,FALSE
comm_3750,10.103008656605429,3.0504614665246166,10,4,4.408046818,4.408046818191921,FALSE,FALSE
comm_3751,8.771996406,3.0504614665246166,11,4,5.817632765218534,5.817632765218534,FALSE,FALSE
comm_3752,9.772029826912837,3.0504614665246166,12,3,3.004320096547059,3.0043200965470596,FALSE,FALSE
comm_3753,9.227642899841726,3.0504614665246166,11,7,8.025371652286278,8.025371652286278,FALSE,FALSE
comm_3754,10.372749054951562,3.0504614665246166,9,4,7.841405646999331,7.841405646999332,FALSE,FALSE
comm_3755,10.195705166460554,3.0504614665246166,10,2,1.3012637532059497,1.301263753,FALSE,FALSE
comm_3756,8.805817394054086,3.0504614665246166,11,6,10.84206459175754,10.84206459175754,FALSE,FALSE
comm_3757,9.199772441245102,3.0504614665246166,12,4,5.5975075592293155,5.5975075592293155,FALSE,FALSE
comm_3758,9.319904961596723,3.0504614665246166,8,2,1.4565985018543728,1.4565985018543728,FALSE,FALSE
comm_3759,8.650615783046337,3.0504614665246166,12,4,1.907381326533233,1.9073813265332324,FALSE,FALSE
comm_3760,11.179849153001868,3.0504614665246166,8,3,2.077230109452138,2.077230109452138,FALSE,FALSE
comm_3761,9.188091189374289,3.0504614665246166,11,4,4.677567515158143,4.677567515158143,FALSE,FALSE
comm_3762,10.81116101351601,3.0504614665246166,11,5,3.711370774466172,3.711370774466172,FALSE,FALSE
comm_3763,9.795217555,3.0504614665246166,11,6,7.503558706047962,7.503558706047962,FALSE,FALSE
comm_3764,9.175371851841286,3.0504614665246166,12,5,4.053518518175921,4.053518518175921,FALSE,FALSE
comm_3765,9.413653060828736,3.0504614665246166,10,4,4.884987601323687,4.884987601323687,FALSE,FALSE
comm_3766,9.236956452428595,3.0504614665246166,10,3,3.830765389632916,3.830765389632916,FALSE,FALSE
comm_3767,9.537175402162672,3.0504614665246166,11,6,9.983936077605351,9.983936077605351,FALSE,FALSE
comm_3768,10.080617164093477,3.0504614665246166,12,5,3.740646927441591,3.740646927441591,FALSE,FALSE
comm_3769,10.915102209274266,3.0504614665246166,11,6,3.846479787270821,3.846479787270821,FALSE,FALSE
comm_3770,10.750462655195882,3.0504614665246166,8,3,3.065871236481699,3.0658712364816987,FALSE,FALSE
comm_3771,9.857561366,3.0504614665246166,8,3,3.1697800706841797,3.1697800706841797,FALSE,FALSE
comm_3772,9.468388152,3.0504614665246166,8,5,8.041373542,8.041373542,FALSE,FALSE
comm_3773,9.071898369,3.0504614665246166,11,6,10.271692527575834,10.271692527575834,FALSE,FALSE
comm_3774,8.847996113618098,3.0504614665246166,11,4,6.482373197611554,6.482373197611555,FALSE,FALSE
comm_3775,10.839806164414926,3.0504614665246166,9,3,2.004654423829159,2.0046544238291593,FALSE,FALSE
comm_3776,10.11432804,3.0504614665246166,8,3,4.646050950296091,4.646050950296092,FALSE,FALSE
comm_3777,9.544468102593145,3.0504614665246166,11,4,4.823926610391188,4.823926610391188,FALSE,FALSE
comm_3778,9.416480072380546,3.0504614665246166,12,5,5.335386691141968,5.335386691141968,FALSE,FALSE
comm_3779,10.785672346233588,3.0504614665246166,12,5,2.7967389067264783,2.7967389067264787,FALSE,FALSE
comm_3780,12.581179604394883,3.0504614665246166,10,4,4.236137742,4.236137742241831,FALSE,FALSE
comm_3781,9.967860293380337,3.0504614665246166,10,4,4.301702041110518,4.301702041110517,FALSE,FALSE
comm_3782,10.169637744789204,3.0504614665246166,12,5,5.496242993015096,5.496242993015096,FALSE,FALSE
comm_3783,10.59458449531654,3.0504614665246166,11,6,5.063858266681058,5.063858266681059,FALSE,FALSE
comm_3784,9.105010405837794,3.0504614665246166,10,2,4.334767244853101,4.334767244853102,FALSE,FALSE
comm_3785,10.42167678820315,3.0504614665246166,8,2,2.9015172861659546,2.9015172861659546,FALSE,FALSE
comm_3786,9.755417518,3.0504614665246166,9,5,4.857038693405727,4.857038693405728,FALSE,FALSE
comm_3787,11.001398845701148,3.0504614665246166,11,4,1.8071518472591457,1.8071518472591457,FALSE,FALSE
comm_3788,10.792251137658326,3.0504614665246166,8,4,2.433768104418972,2.433768104418972,FALSE,FALSE
comm_3789,10.429049454068702,3.0504614665246166,12,3,0.4841101117288716,0.4841101117288716,FALSE,FALSE
comm_3790,10.909089164574986,3.0504614665246166,12,4,2.191442662802745,2.1914426628027446,FALSE,FALSE
comm_3791,9.670276607037666,3.0504614665246166,11,3,3.4516220299250993,3.451622029925099,FALSE,FALSE
comm_3792,11.31367413859598,3.0504614665246166,8,1,0.9960711114250144,0.9960711114250144,FALSE,FALSE
comm_3793,10.03957602225347,3.0504614665246166,8,2,2.5531640326288407,2.5531640326288403,FALSE,FALSE
comm_3794,10.668846241399136,3.0504614665246166,11,4,4.972371301673283,4.972371301673283,FALSE,FALSE
comm_3795,9.743584379,3.0504614665246166,12,8,8.531620553264473,8.531620553264473,FALSE,FALSE
comm_3796,9.312374317332482,3.0504614665246166,11,4,2.8808210861551227,2.880821086155122,FALSE,FALSE
comm_3797,9.533342647787125,3.0504614665246166,12,4,7.152611831241238,7.152611831,FALSE,FALSE
comm_3798,11.482923081741484,3.0504614665246166,12,4,3.0669033837476265,3.0669033837476256,FALSE,FALSE
comm_3799,9.442033700943028,3.0504614665246166,12,5,5.052536802025866,5.052536802025866,FALSE,FALSE
comm_3800,9.338415542160082,3.0504614665246166,10,4,5.783907262900303,5.783907262900303,FALSE,FALSE
comm_3801,11.235091186669337,3.0504614665246166,10,4,5.420834275579894,5.420834275579894,FALSE,FALSE
comm_3802,10.520016131345734,3.0504614665246166,11,4,2.1095203538948506,2.109520354,FALSE,FALSE
comm_3803,13.045741927779476,3.0504614665246166,8,3,1.091766232391031,1.091766232391031,FALSE,FALSE
comm_3804,10.68730291430514,3.0504614665246166,12,5,4.426201103890123,4.426201103890124,FALSE,FALSE
comm_3805,9.241642289182629,3.0504614665246166,10,5,4.616273295,4.616273295066531,FALSE,FALSE
comm_3806,10.873132430508836,3.0504614665246166,11,4,2.667195673287468,2.6671956732874675,FALSE,FALSE
comm_3807,9.033319061,3.0504614665246166,9,4,5.3361059604468934,5.336105960446893,FALSE,FALSE
comm_3808,9.105771588082938,3.0504614665246166,9,3,3.248600176890327,3.248600176890327,FALSE,FALSE
comm_3809,9.254634168840672,3.0504614665246166,9,3,5.9502180129528615,5.950218012952862,FALSE,FALSE
comm_3810,9.090819043442332,3.0504614665246166,10,2,1.7731987821945976,1.773198782194597,FALSE,FALSE
comm_3811,9.715900844,3.0504614665246166,11,5,3.183138325,3.1831383246010003,FALSE,FALSE
comm_3812,9.960185737,3.0504614665246166,12,7,7.543193817935432,7.543193817935431,FALSE,FALSE
comm_3813,11.008947394303322,3.0504614665246166,10,2,2.076738638,2.0767386378213097,FALSE,FALSE
comm_3814,10.866425694645663,3.0504614665246166,10,2,2.3221906764661107,2.322190676,FALSE,FALSE
comm_3815,9.995431462855231,3.0504614665246166,10,5,4.526101629,4.526101629,FALSE,FALSE
comm_3816,11.123605615202496,3.0504614665246166,9,3,1.9017385562752431,1.901738556275243,FALSE,FALSE
comm_3817,11.608875553530016,3.0504614665246166,12,5,3.673613236,3.673613236040061,FALSE,FALSE
comm_3818,10.02333544732672,3.0504614665246166,11,4,3.7321854486674746,3.732185448667474,FALSE,FALSE
comm_3819,12.010325274816706,3.0504614665246166,11,3,1.6728078742551924,1.6728078742551924,FALSE,FALSE
comm_3820,10.388649961071412,3.0504614665246166,12,4,6.338637132216032,6.338637132,FALSE,FALSE
comm_3821,9.136115325382027,3.0504614665246166,11,3,3.916270237368268,3.916270237368268,FALSE,FALSE
comm_3822,10.051556797626526,3.0504614665246166,10,4,1.9857703055278693,1.9857703055278693,FALSE,FALSE
comm_3823,10.579726689681854,3.0504614665246166,9,4,5.686417010571983,5.686417010571982,FALSE,FALSE
comm_3824,9.740145453882848,3.0504614665246166,8,2,3.130893596275892,3.130893596275893,FALSE,FALSE
comm_3826,9.274193409288282,3.0504614665246166,11,6,9.079242886968968,9.079242886968968,FALSE,FALSE
comm_3827,10.020023687423263,3.0504614665246166,12,4,7.966998745050342,7.966998745050342,FALSE,FALSE
comm_3828,9.741701027464968,3.0504614665246166,10,2,2.335565367227893,2.3355653672278924,FALSE,FALSE
comm_3829,9.168462427668285,3.0504614665246166,8,4,8.942648938708917,8.942648939,FALSE,FALSE
comm_3830,10.081319418176967,3.0504614665246166,9,3,4.477988678607844,4.4779886786078436,FALSE,FALSE
comm_3831,11.547487993526811,3.0504614665246166,8,4,5.891097076225432,5.891097076225432,FALSE,FALSE
comm_3832,9.642411910315248,3.0504614665246166,12,5,5.609407634822363,5.609407634822362,FALSE,FALSE
comm_3833,10.415856101780571,3.0504614665246166,10,6,6.524302121899284,6.524302121899284,FALSE,FALSE
comm_3834,9.442596077390078,3.0504614665246166,11,4,6.784055472105934,6.784055472105934,FALSE,FALSE
comm_3835,10.69708014282591,3.0504614665246166,10,2,2.092830967909022,2.092830967909022,FALSE,FALSE
comm_3836,9.622473628502668,3.0504614665246166,11,5,5.136785690601247,5.136785690601246,FALSE,FALSE
comm_3837,9.811747605,3.0504614665246166,12,7,6.645438317869236,6.645438317869236,FALSE,FALSE
comm_3838,11.406989631081636,3.0504614665246166,12,3,2.992085751364818,2.9920857513648182,FALSE,FALSE
comm_3839,12.863271371884633,3.0504614665246166,8,2,1.4402477635012156,1.440247763501216,FALSE,FALSE
comm_3840,10.797905327942525,3.0504614665246166,8,2,3.5741020722743593,3.5741020722743584,FALSE,FALSE
comm_3841,9.231744802976891,3.0504614665246166,11,4,4.161075388091556,4.161075388091556,FALSE,FALSE
comm_3842,11.703943720503824,3.0504614665246166,11,5,4.142728421391214,4.1427284213912134,FALSE,FALSE
comm_3843,9.849904590060412,3.0504614665246166,8,4,5.851164420201848,5.851164420201848,FALSE,FALSE
comm_3844,11.15551942223315,3.0504614665246166,9,3,6.266258258499546,6.266258258499546,FALSE,FALSE
comm_3845,11.120068355404936,3.0504614665246166,9,4,3.7719244689070814,3.771924468907082,FALSE,FALSE
comm_3846,11.096622307890348,3.0504614665246166,9,4,3.547569138,3.547569138,FALSE,FALSE
comm_3847,10.190519213856772,3.0504614665246166,11,6,4.134250746430234,4.134250746430234,FALSE,FALSE
comm_3848,10.307057275984706,3.0504614665246166,9,3,3.434978367910368,3.4349783679103685,FALSE,FALSE
comm_3849,9.047597456515254,3.0504614665246166,12,4,3.4801713312110447,3.4801713312110456,FALSE,FALSE
comm_3850,10.796022046911432,3.0504614665246166,11,4,2.229672902125942,2.2296729021259423,FALSE,FALSE
comm_3851,9.186964278857024,3.0504614665246166,12,7,8.923211414160559,8.923211414160559,FALSE,FALSE
comm_3852,10.448052610335786,3.0504614665246166,8,4,3.9841684033375615,3.984168403,FALSE,FALSE
comm_3853,9.902558718138549,3.0504614665246166,9,3,3.5590219436799835,3.559021943679983,FALSE,FALSE
comm_3854,11.039264736826045,3.0504614665246166,11,6,6.490135537,6.490135537,FALSE,FALSE
comm_3855,10.946883746815148,3.0504614665246166,10,3,1.8017398186684117,1.801739818668412,FALSE,FALSE
comm_3856,9.152575192102544,3.0504614665246166,11,3,4.175382546084784,4.175382546084784,FALSE,FALSE
comm_3857,9.627606587562104,3.0504614665246166,9,3,5.595457778,5.595457777939271,FALSE,FALSE
comm_3858,10.060661004362654,3.0504614665246166,10,6,6.384504659604838,6.384504659604838,FALSE,FALSE
comm_3859,8.916951807690392,3.0504614665246166,12,4,11.50882830320176,11.50882830320176,FALSE,FALSE
comm_3860,10.77822700897844,3.0504614665246166,8,2,2.6168124315466468,2.616812431546647,FALSE,FALSE
comm_3861,11.721131406934136,3.0504614665246166,8,3,3.3921067915473326,3.3921067915473326,FALSE,FALSE
comm_3862,9.930998651444051,3.0504614665246166,9,3,8.449927321916382,8.449927321916382,FALSE,FALSE
comm_3863,12.563658313646826,3.0504614665246166,11,4,1.5536558019207118,1.5536558019207116,FALSE,FALSE
comm_3864,11.367064700225022,3.0504614665246166,10,6,4.556298198332601,4.556298198332599,FALSE,FALSE
comm_3865,10.456844138541683,3.0504614665246166,8,4,4.091172510277187,4.091172510277187,FALSE,FALSE
comm_3866,11.703722213492949,3.0504614665246166,12,5,3.2773747299706715,3.277374729970672,FALSE,FALSE
comm_3867,10.42305650478716,3.0504614665246166,11,6,8.313062578426209,8.313062578426209,FALSE,FALSE
comm_3868,10.696024323604185,3.0504614665246166,9,4,5.600250657,5.600250656556198,FALSE,FALSE
comm_3869,10.51897708916066,3.0504614665246166,9,3,2.4866394072170928,2.4866394072170928,FALSE,FALSE
comm_3870,11.847935859647922,3.0504614665246166,12,5,5.454091183511522,5.4540911835115224,FALSE,FALSE
comm_3871,9.940485139750106,3.0504614665246166,12,5,4.9490207444680525,4.949020744468053,FALSE,FALSE
comm_3872,9.177647565,3.0504614665246166,10,3,3.5034931426107527,3.5034931426107523,FALSE,FALSE
comm_3873,10.473590666652482,3.0504614665246166,10,3,3.3951254172816525,3.395125417281653,FALSE,FALSE
comm_3874,10.826444227985911,3.0504614665246166,12,5,4.263476003826681,4.263476003826681,FALSE,FALSE
comm_3875,9.621966666,3.0504614665246166,9,3,1.8832649596865083,1.883264959686508,FALSE,FALSE
comm_3876,9.712682476749272,3.0504614665246166,9,2,0.4432697408753448,0.4432697408753448,FALSE,FALSE
comm_3877,9.65827116,3.0504614665246166,10,4,5.909598074091344,5.909598074091343,FALSE,FALSE
comm_3878,9.796435584,3.0504614665246166,9,1,1.514923661367129,1.514923661367129,FALSE,FALSE
comm_3879,9.302101001838295,3.0504614665246166,12,6,4.799845897295689,4.799845897295689,FALSE,FALSE
comm_3880,9.598926991642896,3.0504614665246166,8,1,0.307566518,0.3075665183933021,FALSE,FALSE
comm_3881,9.243212511,3.0504614665246166,11,5,6.659638190594133,6.6596381905941335,FALSE,FALSE
comm_3882,8.666880950349135,3.0504614665246166,12,5,5.147240502143406,5.147240502143405,FALSE,FALSE
comm_3883,9.480457747516036,3.0504614665246166,11,5,6.257859587868184,6.257859587868185,FALSE,FALSE
comm_3884,8.571048614752799,3.0504614665246166,12,6,6.610552761640644,6.610552761640643,FALSE,FALSE
comm_3885,12.488381113099386,3.0504614665246166,8,3,3.1340597589199586,3.1340597589199586,FALSE,FALSE
comm_3886,10.18128968125996,3.0504614665246166,12,5,3.3069521932640447,3.3069521932640455,FALSE,FALSE
comm_3887,9.257917625,3.0504614665246166,8,4,4.389021559645139,4.389021559645139,FALSE,FALSE
comm_3888,10.158677515787684,3.0504614665246166,10,3,4.717070218123315,4.717070218123315,FALSE,FALSE
comm_3889,9.490146532306786,3.0504614665246166,12,4,7.606908965,7.606908964936162,FALSE,FALSE
comm_3890,10.433833731927493,3.0504614665246166,10,4,4.929423294966679,4.929423294966679,FALSE,FALSE
comm_3891,10.062462844377457,3.0504614665246166,12,5,5.816554551696477,5.816554551696477,FALSE,FALSE
comm_3892,9.864096732452872,3.0504614665246166,11,5,6.551155270956858,6.551155270956858,FALSE,FALSE
comm_3893,11.923502631279591,3.0504614665246166,8,1,0.73939955,0.7393995502764692,FALSE,FALSE
comm_3894,11.273128894794487,3.0504614665246166,8,1,0.1590346209558928,0.1590346209558928,FALSE,FALSE
comm_3895,10.354747569608593,3.0504614665246166,8,2,1.7931723395289385,1.7931723395289385,FALSE,FALSE
comm_3896,11.106129530777304,3.0504614665246166,8,2,2.152327333336613,2.1523273333366135,FALSE,FALSE
comm_3897,13.515183538240176,3.0504614665246166,8,3,3.6288554850236343,3.628855485023635,FALSE,FALSE
comm_3898,9.901051241,3.0504614665246166,9,5,6.966570119439719,6.9665701194397185,FALSE,FALSE
comm_3899,11.321906034763373,3.0504614665246166,12,3,3.867096616885264,3.867096616885264,FALSE,FALSE
comm_3900,9.793437551301578,3.0504614665246166,12,4,4.177669727267349,4.177669727267349,FALSE,FALSE
comm_3901,10.50159250412779,3.0504614665246166,10,6,4.318854157070916,4.318854157070917,FALSE,FALSE
comm_3902,9.358248101620758,3.0504614665246166,10,2,3.0495744057141465,3.0495744057141465,FALSE,FALSE
comm_3903,8.610879177491167,3.0504614665246166,8,3,3.890818872098176,3.8908188720981753,FALSE,FALSE
comm_3904,10.597274026585003,3.0504614665246166,10,4,2.1848934773378508,2.184893477337851,FALSE,FALSE
comm_3905,11.024680210846272,3.0504614665246166,9,4,7.081057312256787,7.081057312256787,FALSE,FALSE
comm_3906,10.177421836296874,3.0504614665246166,8,3,1.5902400069540232,1.590240006954023,FALSE,FALSE
comm_3907,9.894323051218135,3.0504614665246166,9,4,5.420183465984852,5.420183465984852,FALSE,FALSE
comm_3908,8.471515374,3.0504614665246166,10,6,7.444985272607023,7.444985272607022,FALSE,FALSE
comm_3909,8.32553217,3.0504614665246166,9,3,3.5761950659759982,3.5761950659759987,FALSE,FALSE
comm_3910,9.417817660708277,3.0504614665246166,12,7,8.931622242424874,8.931622242424872,FALSE,FALSE
comm_3911,10.685684052719331,3.0504614665246166,10,6,5.071785352030416,5.071785352030417,FALSE,FALSE
comm_3912,10.05577058030574,3.0504614665246166,9,6,11.137601294126831,11.137601294126831,FALSE,FALSE
comm_3913,9.524204140604548,3.0504614665246166,10,4,3.670732550420095,3.6707325504200954,FALSE,FALSE
comm_3914,11.88139675245536,3.0504614665246166,10,4,3.104456716244658,3.1044567162446586,FALSE,FALSE
comm_3915,14.337502320359285,3.0504614665246166,10,6,3.6737175258600794,3.6737175258600794,FALSE,FALSE
comm_3916,9.675459707051337,3.0504614665246166,11,4,7.069497394327026,7.069497394327026,FALSE,FALSE
comm_3917,9.716043954,3.0504614665246166,8,3,5.740679419,5.740679419,FALSE,FALSE
comm_3918,10.301555542233066,3.0504614665246166,11,5,5.087606268676607,5.087606268676608,FALSE,FALSE
comm_3919,10.05024519309088,3.0504614665246166,12,3,2.209091260668529,2.209091260668529,FALSE,FALSE
comm_3920,9.496540941113404,3.0504614665246166,9,4,4.6408277662131185,4.6408277662131185,FALSE,FALSE
comm_3921,9.414336663036853,3.0504614665246166,9,3,2.307487071705034,2.307487071705034,FALSE,FALSE
comm_3922,11.314416590503546,3.0504614665246166,8,5,4.671733838833456,4.6717338388334575,FALSE,FALSE
comm_3923,9.517318840860169,3.0504614665246166,10,5,8.119002371954917,8.119002371954915,FALSE,FALSE
comm_3924,12.54243448651266,3.0504614665246166,10,4,1.433928197636464,1.433928197636464,FALSE,FALSE
comm_3925,10.206900085624657,3.0504614665246166,12,4,2.526453968287319,2.526453968287319,FALSE,FALSE
comm_3926,9.849750047105742,3.0504614665246166,8,3,2.941929224046197,2.9419292240461976,FALSE,FALSE
comm_3927,10.178174955853338,3.0504614665246166,11,6,7.029858374035616,7.029858374035617,FALSE,FALSE
comm_3928,9.535348262669094,3.0504614665246166,10,4,3.641686865139405,3.6416868651394054,FALSE,FALSE
comm_3929,9.83477737,3.0504614665246166,9,2,0.4387699297966294,0.4387699297966294,FALSE,FALSE
comm_3930,12.239689700971295,3.0504614665246166,9,2,2.524540826,2.5245408263685705,FALSE,FALSE
comm_3931,9.948208035877624,3.0504614665246166,8,3,5.937039465546489,5.937039465546489,FALSE,FALSE
comm_3932,11.262052627995535,3.0504614665246166,8,3,2.9710159331583155,2.9710159331583155,FALSE,FALSE
comm_3933,8.218979977141576,3.0504614665246166,10,5,5.824593738999271,5.824593738999269,FALSE,FALSE
comm_3934,11.949669848125108,3.0504614665246166,9,4,4.730365422203246,4.730365422203246,FALSE,FALSE
comm_3935,10.577059814830148,3.0504614665246166,8,4,3.8763941505540593,3.8763941505540593,FALSE,FALSE
comm_3936,11.034434441751836,3.0504614665246166,10,5,9.447142791049572,9.447142791,FALSE,FALSE
comm_3937,9.347911896703405,3.0504614665246166,8,4,4.677969681406505,4.677969681406504,FALSE,FALSE
comm_3938,8.645792954982708,3.0504614665246166,10,5,5.292591101327962,5.292591101327962,FALSE,FALSE
comm_3939,10.375773579324594,3.0504614665246166,12,4,2.174594848247912,2.174594848247912,FALSE,FALSE
comm_3940,11.704778355742343,3.0504614665246166,12,3,4.425885205965275,4.425885205965275,FALSE,FALSE
comm_3941,10.055703640937226,3.0504614665246166,10,2,0.654724092,0.6547240924676008,FALSE,FALSE
comm_3942,9.337594398764155,3.0504614665246166,9,2,1.3002427561722425,1.3002427561722425,FALSE,FALSE
comm_3943,9.688032076,3.0504614665246166,8,4,2.270329393600989,2.2703293936009885,FALSE,FALSE
comm_3944,11.733689041698469,3.0504614665246166,10,4,2.088447454597949,2.088447454597949,FALSE,FALSE
comm_3945,9.387046238,3.0504614665246166,11,6,8.882444940792666,8.882444940792665,FALSE,FALSE
comm_3946,9.151653675732607,3.0504614665246166,8,5,9.940840567836732,9.940840568,FALSE,FALSE
comm_3947,10.449020628673749,3.0504614665246166,12,4,2.532086714963955,2.532086714963955,FALSE,FALSE
comm_3948,9.702788372772927,3.0504614665246166,10,3,2.3006671598501716,2.300667159850172,FALSE,FALSE
comm_3949,13.010698131713454,3.0504614665246166,9,5,4.148435168402656,4.1484351684026555,FALSE,FALSE
comm_3950,11.65016759147164,3.0504614665246166,10,2,1.0796860399469688,1.0796860399469688,FALSE,FALSE
comm_3951,11.225292119380756,3.0504614665246166,8,4,3.5075174045619164,3.5075174045619164,FALSE,FALSE
comm_3952,10.470771614652929,3.0504614665246166,9,4,7.031358111271679,7.031358111271681,FALSE,FALSE
comm_3953,11.851065507364746,3.0504614665246166,12,4,5.239118264931463,5.239118264931464,FALSE,FALSE
comm_3954,8.759095960580717,3.0504614665246166,12,6,5.756909560595897,5.756909560595899,FALSE,FALSE
comm_3955,10.938259027161449,3.0504614665246166,11,4,2.969680450250939,2.969680450250939,FALSE,FALSE
comm_3956,9.738246095593144,3.0504614665246166,12,5,6.335123214275937,6.335123214275937,FALSE,FALSE
comm_3957,9.742803315692056,3.0504614665246166,9,4,4.040362610910977,4.040362610910978,FALSE,FALSE
comm_3958,9.139085815159302,3.0504614665246166,8,3,2.289528582077184,2.2895285820771836,FALSE,FALSE
comm_3959,9.768227002,3.0504614665246166,9,2,1.9586121616879233,1.9586121616879233,FALSE,FALSE
comm_3960,10.386640442193166,3.0504614665246166,9,4,4.384095257628135,4.384095257628135,FALSE,FALSE
comm_3961,11.183152923050317,3.0504614665246166,12,5,5.872397938411108,5.872397938411107,FALSE,FALSE
comm_3962,10.442015147696948,3.0504614665246166,12,5,2.504130723389611,2.5041307233896104,FALSE,FALSE
comm_3963,13.926120519816791,3.0504614665246166,11,5,2.9302266439885125,2.930226643988512,FALSE,FALSE
comm_3964,8.767840954894673,3.0504614665246166,12,5,4.616918126022355,4.616918126022354,FALSE,FALSE
comm_3965,10.459165635024776,3.0504614665246166,9,5,4.965376822303188,4.965376822303189,FALSE,FALSE
comm_3966,10.187523944564193,3.0504614665246166,8,4,4.428123827496002,4.4281238274960035,FALSE,FALSE
comm_3967,9.026647573904237,3.0504614665246166,11,4,5.1788051296712805,5.1788051296712805,FALSE,FALSE
comm_3968,9.897002433600305,3.0504614665246166,12,4,5.553854094467226,5.553854094467226,FALSE,FALSE
comm_3969,10.345545943953544,3.0504614665246166,10,3,3.8863061672891455,3.886306167289145,FALSE,FALSE
comm_3970,9.685300928078927,3.0504614665246166,8,3,2.1708835115275193,2.170883512,FALSE,FALSE
comm_3971,10.08241641474919,3.0504614665246166,10,7,9.465663355441215,9.465663355,FALSE,FALSE
comm_3972,10.475711084045814,3.0504614665246166,12,6,4.042759875412609,4.042759875412608,FALSE,FALSE
comm_3973,9.827552470233517,3.0504614665246166,11,6,5.042616314585374,5.0426163145853735,FALSE,FALSE
comm_3974,9.489346173500126,3.0504614665246166,8,6,7.897596199679407,7.897596199679405,FALSE,FALSE
comm_3975,8.966564408873046,3.0504614665246166,9,4,6.0943501189782125,6.094350118978212,FALSE,FALSE
comm_3976,9.652496457188024,3.0504614665246166,10,5,3.459315376123837,3.4593153761238375,FALSE,FALSE
comm_3977,11.882564266378106,3.0504614665246166,12,7,5.1129879752821665,5.112987975282167,FALSE,FALSE
comm_3978,10.09621367998821,3.0504614665246166,8,3,4.493346639396506,4.493346639396507,FALSE,FALSE
comm_3979,10.555312474206044,3.0504614665246166,8,3,3.361782406,3.3617824063965895,FALSE,FALSE
comm_3980,10.189148852604133,3.0504614665246166,9,4,2.545406963731757,2.5454069637317573,FALSE,FALSE
comm_3981,9.110300694299092,3.0504614665246166,8,3,5.115256691349875,5.115256691349875,FALSE,FALSE
comm_3982,10.65316239016195,3.0504614665246166,8,2,0.8663914656740398,0.8663914656740398,FALSE,FALSE
comm_3983,10.117257082642016,3.0504614665246166,8,4,3.767206346607112,3.767206346607113,FALSE,FALSE
comm_3984,10.160238547120054,3.0504614665246166,10,2,1.7592325635455284,1.7592325635455284,FALSE,FALSE
comm_3985,11.35807046645307,3.0504614665246166,12,3,2.4511008987511467,2.4511008987511462,FALSE,FALSE
comm_3986,12.225957219856149,3.0504614665246166,8,5,5.651123211,5.6511232113096295,FALSE,FALSE
comm_3987,9.855807497,3.0504614665246166,10,5,4.908628709105896,4.908628709105896,FALSE,FALSE
comm_3988,9.740983081246654,3.0504614665246166,11,5,6.049673184037306,6.049673184037306,FALSE,FALSE
comm_3989,10.000891635667116,3.0504614665246166,8,3,2.401560459404804,2.401560459404804,FALSE,FALSE
comm_3990,10.115845138477908,3.0504614665246166,10,5,6.803074099952527,6.803074099952526,FALSE,FALSE
comm_3991,9.734234692252544,3.0504614665246166,11,5,4.5039835353510504,4.5039835353510504,FALSE,FALSE
comm_3992,9.848935738547404,3.0504614665246166,8,5,4.971955834241447,4.971955834241446,FALSE,FALSE
comm_3993,8.638481210405297,3.0504614665246166,10,3,3.9788313701009903,3.978831370100991,FALSE,FALSE
comm_3994,8.915430360232873,3.0504614665246166,9,5,7.451569343000083,7.451569343,FALSE,FALSE
comm_3995,11.14439004257767,3.0504614665246166,12,3,6.6014992422304175,6.6014992422304175,FALSE,FALSE
comm_3996,10.337654000903912,3.0504614665246166,8,5,5.781157584385893,5.781157584385892,FALSE,FALSE
comm_3997,9.004281308459204,3.0504614665246166,8,3,0.3506622690895255,0.3506622690895256,FALSE,FALSE
comm_3998,9.432009324152082,3.0504614665246166,10,6,5.660261314859583,5.660261314859583,FALSE,FALSE
comm_3999,9.496400841176523,3.0504614665246166,11,4,4.450349521990125,4.450349521990124,FALSE,FALSE
comm_4000,9.645219191,3.0504614665246166,11,2,1.614624942426366,1.6146249424263657,FALSE,FALSE
comm_4001,8.941936628127285,3.0504614665246166,9,4,3.825279892417136,3.825279892417136,FALSE,FALSE
comm_4002,11.06239976374311,3.0504614665246166,12,5,6.864631169602071,6.864631169602072,FALSE,FALSE
comm_4003,10.425861808897936,3.0504614665246166,11,5,4.031565357272155,4.031565357272155,FALSE,FALSE
comm_4004,9.776785226,3.0504614665246166,9,3,4.218454776954157,4.218454776954158,FALSE,FALSE
comm_4005,9.139391966011653,3.0504614665246166,9,4,3.047697089035818,3.0476970890358177,FALSE,FALSE
comm_4006,11.142178910912056,3.0504614665246166,9,3,5.830070127268652,5.830070127268652,FALSE,FALSE
comm_4007,10.353981153475742,3.0504614665246166,8,3,1.525686367,1.5256863666674705,FALSE,FALSE
comm_4008,12.16368490588104,3.0504614665246166,8,2,2.9375645051260695,2.9375645051260695,FALSE,FALSE
comm_4009,10.312721369785187,3.0504614665246166,11,6,6.500045427939987,6.5000454279399875,FALSE,FALSE
comm_4010,9.939580727392986,3.0504614665246166,11,4,4.871629523491521,4.871629523491521,FALSE,FALSE
comm_4011,10.19148858907881,3.0504614665246166,11,5,2.849430725167313,2.849430725167313,FALSE,FALSE
comm_4012,12.360646606832786,3.0504614665246166,10,5,3.750373737791144,3.750373737791145,FALSE,FALSE
comm_4013,9.635469879,3.0504614665246166,12,6,6.9086774751969084,6.9086774751969084,FALSE,FALSE
comm_4014,10.05558774,3.0504614665246166,12,5,5.282827863964729,5.282827863964729,FALSE,FALSE
comm_4015,10.35849252509741,3.0504614665246166,10,5,7.501298728621235,7.501298728621235,FALSE,FALSE
comm_4016,9.931888017801253,3.0504614665246166,11,5,6.062009285774925,6.0620092857749235,FALSE,FALSE
comm_4017,9.364648684,3.0504614665246166,12,5,5.684719065351735,5.684719065351736,FALSE,FALSE
comm_4018,9.531007621,3.0504614665246166,8,3,4.124093114581745,4.124093114581744,FALSE,FALSE
comm_4019,10.588488330317112,3.0504614665246166,12,5,5.142560521766432,5.142560521766432,FALSE,FALSE
comm_4020,9.12754807,3.0504614665246166,8,5,7.244572137468971,7.244572137468971,FALSE,FALSE
comm_4021,10.738579968386176,3.0504614665246166,10,4,5.534038584751312,5.534038584751311,FALSE,FALSE
comm_4022,9.461431144,3.0504614665246166,9,4,5.985336068882438,5.985336068882438,FALSE,FALSE
comm_4023,9.453192027,3.0504614665246166,10,4,13.44684887055001,13.446848870550008,FALSE,FALSE
comm_4024,11.020942697055355,3.0504614665246166,8,3,3.2272885567386873,3.2272885567386873,FALSE,FALSE
comm_4025,9.966179168327857,3.0504614665246166,12,5,1.933175376789324,1.933175376789324,FALSE,FALSE
comm_4026,8.546696707,3.0504614665246166,11,5,6.589678711568796,6.589678711568796,FALSE,FALSE
comm_4027,9.468631948,3.0504614665246166,8,6,7.282340674359668,7.282340674359669,FALSE,FALSE
comm_4028,10.129787036708008,3.0504614665246166,9,3,0.6922977131706685,0.6922977131706683,FALSE,FALSE
comm_4029,12.860989697817132,3.0504614665246166,9,7,5.884587674994227,5.884587674994229,FALSE,FALSE
comm_4030,9.640670173426097,3.0504614665246166,12,3,4.087728306112411,4.087728306112412,FALSE,FALSE
comm_4031,11.226213897608496,3.0504614665246166,9,1,0.1250222799828017,0.1250222799828016,FALSE,FALSE
comm_4032,9.502901732,3.0504614665246166,8,4,1.4225130273739048,1.4225130273739048,FALSE,FALSE
comm_4033,9.003171723870299,3.0504614665246166,9,4,3.0887869629885225,3.088786962988523,FALSE,FALSE
comm_4034,9.037638847073907,3.0504614665246166,11,4,7.610196088170304,7.610196088170304,FALSE,FALSE
comm_4035,11.049045563184684,3.0504614665246166,12,4,3.054024673449235,3.054024673449235,FALSE,FALSE
comm_4036,10.356240803962203,3.0504614665246166,11,5,4.196413299920167,4.196413299920166,FALSE,FALSE
comm_4037,8.767963036158179,3.0504614665246166,10,4,9.232468004,9.232468004,FALSE,FALSE
comm_4038,9.784813157,3.0504614665246166,9,4,3.259443441133489,3.259443441133489,FALSE,FALSE
comm_4039,11.176219193104622,3.0504614665246166,12,4,3.3235126174063447,3.3235126174063447,FALSE,FALSE
comm_4040,10.019193089948969,3.0504614665246166,11,5,7.969679815965499,7.969679815965499,FALSE,FALSE
comm_4041,10.32004209167734,3.0504614665246166,8,3,3.1910704989394896,3.191070498939489,FALSE,FALSE
comm_4042,10.255811879525265,3.0504614665246166,8,4,4.929984449129675,4.929984449129674,FALSE,FALSE
comm_4043,10.705404080536804,3.0504614665246166,8,1,0.3075464851527163,0.3075464851527164,FALSE,FALSE
comm_4044,11.588406923321758,3.0504614665246166,9,3,3.2677588800120585,3.2677588800120585,FALSE,FALSE
comm_4045,10.414320487637964,3.0504614665246166,10,4,8.555994675870615,8.555994675870615,FALSE,FALSE
comm_4046,10.351762381403558,3.0504614665246166,10,5,4.539499878,4.539499878194451,FALSE,FALSE
comm_4047,9.075959368,3.0504614665246166,9,3,4.4075324013302355,4.407532401330236,FALSE,FALSE
comm_4048,9.333147998988313,3.0504614665246166,8,4,4.319894101292597,4.319894101292597,FALSE,FALSE
comm_4049,10.313815811654203,3.0504614665246166,10,6,4.684060395766305,4.684060395766305,FALSE,FALSE
comm_4050,9.640528472181446,3.0504614665246166,11,4,4.515944180634507,4.515944180634506,FALSE,FALSE
comm_4051,9.156391919921306,3.0504614665246166,9,3,7.087462698830725,7.087462698830725,FALSE,FALSE
comm_4052,9.491470736076208,3.0504614665246166,8,1,1.8069353928274232,1.806935392827423,FALSE,FALSE
comm_4053,10.349235085321087,3.0504614665246166,12,5,5.120322574,5.120322574,FALSE,FALSE
comm_4054,9.032334578593552,3.0504614665246166,12,5,6.864393012196036,6.864393012196037,FALSE,FALSE
comm_4055,11.477234047674042,3.0504614665246166,11,3,1.691851336111183,1.691851336111183,FALSE,FALSE
comm_4056,10.025269710576428,3.0504614665246166,8,3,3.555375154074934,3.555375154074934,FALSE,FALSE
comm_4057,9.736489374,3.0504614665246166,11,5,7.692511304779867,7.692511304779868,FALSE,FALSE
comm_4058,9.290447668,3.0504614665246166,8,4,8.186564108929735,8.186564108929737,FALSE,FALSE
comm_4059,8.795474140344131,3.0504614665246166,12,2,2.780398251422918,2.780398251422918,FALSE,FALSE
comm_4060,8.929738648155178,3.0504614665246166,8,2,2.434839928624135,2.434839928624135,FALSE,FALSE
comm_4061,8.680401818269239,3.0504614665246166,10,3,3.210170101713347,3.2101701017133473,FALSE,FALSE
comm_4062,8.16160053,3.0504614665246166,9,6,8.266048061322335,8.266048061322335,FALSE,FALSE
comm_4063,10.527934360931164,3.0504614665246166,8,4,7.029506319801441,7.029506319801441,FALSE,FALSE
comm_4064,10.107613595419148,3.0504614665246166,11,4,3.591135834691108,3.591135834691108,FALSE,FALSE
comm_4065,11.959794834208989,3.0504614665246166,11,7,5.725570622178802,5.725570622178803,FALSE,FALSE
comm_4066,12.012846498038517,3.0504614665246166,9,4,4.132859799092957,4.132859799092958,FALSE,FALSE
comm_4067,8.686498727266855,3.0504614665246166,12,4,9.283584918899866,9.283584918899868,FALSE,FALSE
comm_4068,10.288307968055252,3.0504614665246166,11,3,3.044263607292391,3.0442636072923905,FALSE,FALSE
comm_4069,8.948053238548226,3.0504614665246166,8,4,9.907332261041562,9.907332261041562,FALSE,FALSE
comm_4070,10.361030928743611,3.0504614665246166,10,3,1.6633015421809063,1.6633015421809063,FALSE,FALSE
comm_4071,10.11468999061328,3.0504614665246166,9,2,0.8865815394256709,0.8865815394256708,FALSE,FALSE
comm_4072,9.749763389,3.0504614665246166,11,4,3.1726601640891268,3.172660164089126,FALSE,FALSE
comm_4073,11.683155427901442,3.0504614665246166,9,2,1.0779686451011647,1.0779686451011643,FALSE,FALSE
comm_4074,8.733511760413512,3.0504614665246166,11,4,3.991282045410195,3.991282045410197,FALSE,FALSE
comm_4075,9.848537868677065,3.0504614665246166,9,4,7.5829431607434845,7.5829431607434845,FALSE,FALSE
comm_4076,9.678108021949422,3.0504614665246166,10,3,3.051322127326862,3.051322127326862,FALSE,FALSE
comm_4077,9.038576748,3.0504614665246166,10,4,5.996839641920061,5.996839642,FALSE,FALSE
comm_4078,11.737360467178116,3.0504614665246166,9,3,4.6044009698871085,4.604400969887109,FALSE,FALSE
comm_4079,11.236832342260016,3.0504614665246166,10,4,3.973705509678479,3.973705509678479,FALSE,FALSE
comm_4080,9.285054723325624,3.0504614665246166,12,6,6.443030977936898,6.443030977936898,FALSE,FALSE
comm_4081,10.15340625392955,3.0504614665246166,10,5,4.283965226016196,4.283965226016197,FALSE,FALSE
comm_4082,11.249790517509831,3.0504614665246166,11,2,1.634843856950078,1.6348438569500785,FALSE,FALSE
comm_4083,9.735025354415708,3.0504614665246166,12,4,3.163037096569368,3.163037096569369,FALSE,FALSE
comm_4084,9.289019963661016,3.0504614665246166,11,4,4.232290333577244,4.232290333577244,FALSE,FALSE
comm_4085,12.297406313186226,3.0504614665246166,9,3,1.809131245069548,1.809131245069548,FALSE,FALSE
comm_4086,10.212242367488209,3.0504614665246166,10,3,5.728667647422806,5.728667647422807,FALSE,FALSE
comm_4087,9.816939757579227,3.0504614665246166,12,4,6.003068767,6.0030687672506104,FALSE,FALSE
comm_4088,12.42453723917147,3.0504614665246166,11,3,0.7213818135095307,0.7213818135095306,FALSE,FALSE
comm_4089,8.916987299,3.0504614665246166,9,2,2.1271086272314657,2.1271086272314657,FALSE,FALSE
comm_4090,9.951524182590054,3.0504614665246166,8,3,4.989991011640278,4.989991011640277,FALSE,FALSE
comm_4091,9.067706318991808,3.0504614665246166,9,1,0.918051172,0.9180511717311648,FALSE,FALSE
comm_4092,9.480136640661376,3.0504614665246166,12,6,5.791064490038159,5.791064490038159,FALSE,FALSE
comm_4093,8.931380359,3.0504614665246166,11,3,4.757286070035547,4.757286070035546,FALSE,FALSE
comm_4094,10.298425873936818,3.0504614665246166,8,4,4.753944487149639,4.753944487149639,FALSE,FALSE
comm_4095,10.81902176299628,3.0504614665246166,8,4,3.259344011048073,3.2593440110480727,FALSE,FALSE
comm_4096,10.705709884621491,3.0504614665246166,9,2,3.493809503345876,3.4938095033458754,FALSE,FALSE
comm_4097,9.904380122309457,3.0504614665246166,12,3,3.5089985308002443,3.508998530800245,FALSE,FALSE
comm_4098,11.171297610689898,3.0504614665246166,10,3,2.15993346,2.15993346,FALSE,FALSE
comm_4099,11.147330158217088,3.0504614665246166,11,3,2.9627801479931635,2.9627801479931635,FALSE,FALSE
comm_4100,11.759175967402422,3.0504614665246166,10,4,5.343716283983888,5.3437162839838885,FALSE,FALSE
comm_4101,8.822283731817212,3.0504614665246166,10,1,1.2593851208670093,1.259385120867009,FALSE,FALSE
comm_4102,10.155343623887878,3.0504614665246166,11,5,6.357839351855705,6.357839351855705,FALSE,FALSE
comm_4103,10.377324310084989,3.0504614665246166,9,3,2.7326093148147756,2.7326093148147756,FALSE,FALSE
comm_4104,10.772579849684965,3.0504614665246166,8,1,1.0726330257337249,1.0726330257337244,FALSE,FALSE
comm_4105,10.07256862035146,3.0504614665246166,8,3,1.819963789133764,1.819963789133764,FALSE,FALSE
comm_4106,10.625460687948014,3.0504614665246166,8,3,2.4578010912873465,2.457801091287346,FALSE,FALSE
comm_4107,10.200070399910366,3.0504614665246166,9,3,3.137549602784822,3.1375496027848224,FALSE,FALSE
comm_4108,10.605799443799803,3.0504614665246166,9,3,5.192507373,5.192507373,FALSE,FALSE
comm_4109,9.60971994,3.0504614665246166,8,3,4.794806951653792,4.794806951653792,FALSE,FALSE
comm_4110,9.612282490177233,3.0504614665246166,12,5,5.560420671161748,5.560420671161748,FALSE,FALSE
comm_4111,10.54397442,3.0504614665246166,12,6,5.269942974267717,5.2699429742677175,FALSE,FALSE
comm_4112,9.278467732174317,3.0504614665246166,12,3,3.098672687953024,3.098672687953024,FALSE,FALSE
comm_4113,9.299912648582602,3.0504614665246166,12,6,9.966698846928011,9.966698847,FALSE,FALSE
comm_4114,9.353280279,3.0504614665246166,9,2,2.2648685078962267,2.2648685078962263,FALSE,FALSE
comm_4115,10.49578788208908,3.0504614665246166,11,5,4.1842993028778155,4.184299302877815,FALSE,FALSE
comm_4116,9.679841206562193,3.0504614665246166,10,4,4.43308919,4.433089189540589,FALSE,FALSE
comm_4117,9.507774717185344,3.0504614665246166,9,3,4.766476690251327,4.766476690251328,FALSE,FALSE
comm_4118,10.960700966707238,3.0504614665246166,8,2,1.1784834858134188,1.1784834858134183,FALSE,FALSE
comm_4119,8.38558992,3.0504614665246166,11,4,3.890020342475624,3.890020342475624,FALSE,FALSE
comm_4120,9.736247852108711,3.0504614665246166,11,4,1.938093862680918,1.938093862680918,FALSE,FALSE
comm_4121,10.068856007767709,3.0504614665246166,9,2,2.5005333793934454,2.5005333793934454,FALSE,FALSE
comm_4122,9.774362186587776,3.0504614665246166,11,4,5.8881294580193675,5.888129458019367,FALSE,FALSE
comm_4123,9.863194253493226,3.0504614665246166,11,5,4.510931802992285,4.510931802992286,FALSE,FALSE
comm_4124,9.048165335259789,3.0504614665246166,11,6,3.914570473518328,3.914570473518327,FALSE,FALSE
comm_4125,9.768867957752065,3.0504614665246166,11,5,4.297280101187402,4.297280101187402,FALSE,FALSE
comm_4126,10.201314459546827,3.0504614665246166,12,5,2.3266481049613525,2.3266481049613525,FALSE,FALSE
comm_4127,9.782709083387974,3.0504614665246166,8,1,1.7850345724576169,1.7850345724576164,FALSE,FALSE
comm_4128,8.926970256840308,3.0504614665246166,12,5,3.342864823152805,3.342864823152805,FALSE,FALSE
comm_4129,9.584920770759538,3.0504614665246166,12,6,9.390816424943155,9.390816424943155,FALSE,FALSE
comm_4130,10.869755641349371,3.0504614665246166,10,3,0.906218549,0.906218549,FALSE,FALSE
comm_4131,10.247813200579134,3.0504614665246166,8,1,0.034789772,0.034789772,FALSE,FALSE
comm_4132,9.532091749198251,3.0504614665246166,10,7,7.797990549677104,7.797990549677104,FALSE,FALSE
comm_4133,8.418476968166479,3.0504614665246166,9,2,2.7080583546082098,2.7080583546082098,FALSE,FALSE
comm_4134,11.009450635671254,3.0504614665246166,8,4,6.658352378,6.658352378,FALSE,FALSE
comm_4135,9.424130683101442,3.0504614665246166,9,4,6.116439320518197,6.116439320518196,FALSE,FALSE
comm_4136,9.908854569,3.0504614665246166,10,5,8.134990285781162,8.134990285781164,FALSE,FALSE
comm_4137,11.505134270367009,3.0504614665246166,10,5,4.0141469649697346,4.014146964969733,FALSE,FALSE
comm_4138,9.558369133415647,3.0504614665246166,8,3,3.425903289,3.4259032887118592,FALSE,FALSE
comm_4139,10.578441677740662,3.0504614665246166,10,3,3.086233867716013,3.0862338677160124,FALSE,FALSE
comm_4140,9.869642622153677,3.0504614665246166,9,4,1.2987871270839164,1.2987871270839162,FALSE,FALSE
comm_4141,9.664045362,3.0504614665246166,8,1,0.2127952045485153,0.2127952045485153,FALSE,FALSE
comm_4142,9.551721162,3.0504614665246166,11,4,2.5032412174026764,2.503241217402677,FALSE,FALSE
comm_4143,9.581788878268677,3.0504614665246166,11,2,2.824811765932965,2.824811765932965,FALSE,FALSE
comm_4144,11.87412421295124,3.0504614665246166,10,2,0.6444449664857823,0.6444449664857823,FALSE,FALSE
comm_4145,9.709203067623829,3.0504614665246166,12,6,7.585862833552854,7.585862833552854,FALSE,FALSE
comm_4146,9.453561078,3.0504614665246166,8,2,3.190994630158793,3.1909946301587926,FALSE,FALSE
comm_4147,10.20500184818342,3.0504614665246166,11,5,4.353888558470494,4.353888558470496,FALSE,FALSE
comm_4148,10.753612412886964,3.0504614665246166,10,5,5.085749110852023,5.085749110852023,FALSE,FALSE
comm_4149,10.328627413119444,3.0504614665246166,8,3,2.451160058982893,2.451160058982893,FALSE,FALSE
comm_4150,10.43466038560673,3.0504614665246166,10,4,4.367829842852011,4.367829843,FALSE,FALSE
comm_4151,9.442434611415004,3.0504614665246166,10,4,5.6656372724745365,5.665637272474538,FALSE,FALSE
comm_4152,10.705409101820656,3.0504614665246166,9,3,3.073632620428678,3.073632620428678,FALSE,FALSE
comm_4153,12.458423201476553,3.0504614665246166,9,5,3.2669342139930126,3.2669342139930135,FALSE,FALSE
comm_4154,10.67823852578886,3.0504614665246166,11,5,4.875650412,4.875650412,FALSE,FALSE
comm_4155,9.612658274663188,3.0504614665246166,9,3,3.0236261487053513,3.023626148705352,FALSE,FALSE
comm_4156,10.603320976499765,3.0504614665246166,12,4,2.9626624787005453,2.9626624787005453,FALSE,FALSE
comm_4157,9.631366162650746,3.0504614665246166,11,3,0.932040165,0.9320401645672898,FALSE,FALSE
comm_4158,10.160098007992508,3.0504614665246166,11,5,2.904288728875581,2.904288728875581,FALSE,FALSE
comm_4159,9.486615164405553,3.0504614665246166,10,3,4.012094252796134,4.012094252796134,FALSE,FALSE
comm_4160,12.626265307050684,3.0504614665246166,9,3,2.758946614528843,2.758946614528843,FALSE,FALSE
comm_4161,10.601001612014407,3.0504614665246166,10,5,3.7356291212110624,3.735629121211062,FALSE,FALSE
comm_4162,10.530503280412866,3.0504614665246166,12,3,2.0073933787194305,2.0073933787194305,FALSE,FALSE
comm_4163,13.614678809834574,3.0504614665246166,8,1,0.2153419174153461,0.2153419174153461,FALSE,FALSE
comm_4164,11.86141619681451,3.0504614665246166,8,5,3.2475361460489256,3.247536146048925,FALSE,FALSE
comm_4165,9.298311322260544,3.0504614665246166,9,3,2.6346967340815453,2.6346967340815453,FALSE,FALSE
comm_4166,10.918130608964011,3.0504614665246166,9,3,1.8472398621353865,1.8472398621353865,FALSE,FALSE
comm_4167,9.563925969742035,3.0504614665246166,11,5,5.535792039042728,5.535792039042728,FALSE,FALSE
comm_4168,8.959635020790367,3.0504614665246166,12,6,3.3143817677936767,3.3143817677936767,FALSE,FALSE
comm_4169,10.44734247207014,3.0504614665246166,8,6,8.487015547132213,8.487015547132213,FALSE,FALSE
comm_4170,9.202987385507084,3.0504614665246166,9,2,1.1161768334435296,1.1161768334435296,FALSE,FALSE
comm_4171,9.711654920882571,3.0504614665246166,8,3,1.0866998118741646,1.0866998118741646,FALSE,FALSE
comm_4172,10.334153944465683,3.0504614665246166,10,6,6.923040261839507,6.923040261839505,FALSE,FALSE
comm_4173,10.179243343331406,3.0504614665246166,8,3,3.9489115423695464,3.948911542369547,FALSE,FALSE
comm_4174,9.701186943,3.0504614665246166,12,4,3.6550403832558023,3.655040383255803,FALSE,FALSE
comm_4175,9.605241854860468,3.0504614665246166,11,2,1.5028324004771365,1.502832400477136,FALSE,FALSE
comm_4176,9.576079227718717,3.0504614665246166,8,3,10.953920406217144,10.953920406217144,FALSE,FALSE
comm_4177,9.300998606631058,3.0504614665246166,9,5,9.755951326643926,9.755951326643928,FALSE,FALSE
comm_4178,9.621215020622987,3.0504614665246166,9,2,3.7650222729247913,3.7650222729247904,FALSE,FALSE
comm_4179,10.480102203914008,3.0504614665246166,9,3,1.916797137591384,1.9167971375913844,FALSE,FALSE
comm_4180,10.369963846674729,3.0504614665246166,10,2,2.423512925007804,2.423512925007804,FALSE,FALSE
comm_4181,9.75356444,3.0504614665246166,11,3,2.3601472144840585,2.360147214484059,FALSE,FALSE
comm_4182,8.378165667007735,3.0504614665246166,11,4,2.1787564521485403,2.1787564521485407,FALSE,FALSE
comm_4183,9.976811328995108,3.0504614665246166,10,6,10.514373867587397,10.514373867587397,FALSE,FALSE
comm_4184,9.385675481060405,3.0504614665246166,11,4,10.584652828778244,10.584652828778244,FALSE,FALSE
comm_4185,11.723467496985627,3.0504614665246166,8,2,1.604081866431765,1.6040818664317649,FALSE,FALSE
comm_4186,9.995361372,3.0504614665246166,10,5,3.5282358808500676,3.528235880850068,FALSE,FALSE
comm_4187,9.877717193146896,3.0504614665246166,11,5,6.921166525454151,6.921166525454151,FALSE,FALSE
comm_4188,10.847356553322683,3.0504614665246166,8,1,0.1155746900313031,0.1155746900313031,FALSE,FALSE
comm_4189,8.522900492088828,3.0504614665246166,10,6,9.338300394425875,9.338300394,FALSE,FALSE
comm_4190,11.388796462721096,3.0504614665246166,8,4,5.334755258160152,5.334755258160153,FALSE,FALSE
comm_4191,9.930713181021822,3.0504614665246166,9,3,4.535995509718968,4.535995509718968,FALSE,FALSE
comm_4192,9.386266897458556,3.0504614665246166,11,7,7.767077400505639,7.767077400505638,FALSE,FALSE
comm_4193,11.17795492125023,3.0504614665246166,8,1,3.222259638811126,3.2222596388111264,FALSE,FALSE
comm_4194,8.894147238388292,3.0504614665246166,11,4,6.5594828888932195,6.559482888893221,FALSE,FALSE
comm_4195,10.612680744162692,3.0504614665246166,9,2,2.676253109626359,2.6762531096263587,FALSE,FALSE
comm_4196,9.386558573367823,3.0504614665246166,9,2,2.2706299500623244,2.2706299500623244,FALSE,FALSE
comm_4197,9.213465341961763,3.0504614665246166,10,3,5.155352143288446,5.155352143288447,FALSE,FALSE
comm_4198,9.420270348020598,3.0504614665246166,8,4,6.178234551958077,6.178234551958077,FALSE,FALSE
comm_4199,8.486351402680286,3.0504614665246166,11,7,16.49008659,16.49008659,FALSE,FALSE
comm_4200,9.186140122,3.0504614665246166,8,5,6.290922607728575,6.290922607728575,FALSE,FALSE
comm_4201,10.363540138858289,3.0504614665246166,8,6,8.975825420024753,8.975825420024751,FALSE,FALSE
comm_4202,9.859733758647897,3.0504614665246166,8,4,6.520729363093421,6.520729363093423,FALSE,FALSE
comm_4203,10.538313075872738,3.0504614665246166,9,3,2.8119394874603643,2.811939487460364,FALSE,FALSE
comm_4204,9.184424231831295,3.0504614665246166,12,4,4.2694084736714455,4.269408473671445,FALSE,FALSE
comm_4205,10.19481118573494,3.0504614665246166,10,4,5.884339042153835,5.8843390421538375,FALSE,FALSE
comm_4206,10.00151607,3.0504614665246166,10,4,5.312504332683943,5.312504332683943,FALSE,FALSE
comm_4207,10.490029491850478,3.0504614665246166,11,5,4.416131143236374,4.416131143236372,FALSE,FALSE
comm_4208,10.618231489754038,3.0504614665246166,9,3,1.5051332373215374,1.5051332373215374,FALSE,FALSE
comm_4209,9.674908944921851,3.0504614665246166,9,6,5.5403532735035474,5.5403532735035474,FALSE,FALSE
comm_4210,10.645381576190466,3.0504614665246166,8,2,3.020511356916711,3.0205113569167112,FALSE,FALSE
comm_4211,9.863794095077097,3.0504614665246166,12,5,3.045735775452654,3.0457357754526537,FALSE,FALSE
comm_4212,10.617947473961648,3.0504614665246166,8,5,6.130820919311011,6.130820919311012,FALSE,FALSE
comm_4213,8.434823395803884,3.0504614665246166,12,5,8.313345305362363,8.313345305362361,FALSE,FALSE
comm_4214,11.31671122768916,3.0504614665246166,9,5,4.765668874378532,4.765668874378531,FALSE,FALSE
comm_4215,9.753669435628552,3.0504614665246166,11,5,3.7920504318801185,3.792050431880119,FALSE,FALSE
comm_4216,10.061663459247027,3.0504614665246166,11,5,7.759658352,7.759658352188981,FALSE,FALSE
comm_4217,10.24328510081824,3.0504614665246166,11,5,4.102272693936941,4.102272693936941,FALSE,FALSE
comm_4218,9.629053069167885,3.0504614665246166,10,3,7.264366670358758,7.264366670358757,FALSE,FALSE
comm_4219,10.48873185,3.0504614665246166,10,4,3.226453556,3.2264535558209797,FALSE,FALSE
comm_4220,10.96083898633245,3.0504614665246166,12,5,5.4141321927435655,5.414132192743566,FALSE,FALSE
comm_4221,11.498971797127334,3.0504614665246166,12,4,3.2341896652122237,3.2341896652122237,FALSE,FALSE
comm_4222,9.864553466799524,3.0504614665246166,9,4,10.034611730708702,10.034611730708704,FALSE,FALSE
comm_4223,9.067158267,3.0504614665246166,12,5,4.291713286330478,4.291713286330478,FALSE,FALSE
comm_4224,10.281376826870028,3.0504614665246166,9,5,4.509070189969818,4.509070189969817,FALSE,FALSE
comm_4225,11.151992730904809,3.0504614665246166,10,4,2.0512447585957885,2.0512447585957885,FALSE,FALSE
comm_4226,11.08442946147323,3.0504614665246166,9,5,5.823600333513794,5.823600333513795,FALSE,FALSE
comm_4227,10.77390435149975,3.0504614665246166,8,1,3.943905926810003,3.943905926810003,FALSE,FALSE
comm_4228,9.125832455704495,3.0504614665246166,10,5,6.614699365097186,6.614699365097184,FALSE,FALSE
comm_4229,11.648428097258382,3.0504614665246166,10,5,4.820913634165651,4.8209136341656516,FALSE,FALSE
comm_4230,9.36311051,3.0504614665246166,10,5,4.617444671200008,4.617444671200009,FALSE,FALSE
comm_4231,10.474123919747123,3.0504614665246166,10,3,1.5732623298355646,1.5732623298355646,FALSE,FALSE
comm_4232,9.029145322786466,3.0504614665246166,12,3,3.2914008790610807,3.291400879061081,FALSE,FALSE
comm_4233,10.752376587948245,3.0504614665246166,10,3,1.8955433652572489,1.895543365257249,FALSE,FALSE
comm_4234,8.275516404101673,3.0504614665246166,9,4,6.3996086935138505,6.399608693513851,FALSE,FALSE
comm_4235,11.58927344834242,3.0504614665246166,10,4,3.209177058132316,3.2091770581323154,FALSE,FALSE
comm_4236,9.208987580094249,3.0504614665246166,11,5,5.298347707164618,5.298347707164618,FALSE,FALSE
comm_4237,9.216410488317004,3.0504614665246166,9,5,4.025612632440614,4.025612632440613,FALSE,FALSE
comm_4238,11.396722259866287,3.0504614665246166,9,5,4.698884868913033,4.698884868913032,FALSE,FALSE
comm_4239,10.494569279580087,3.0504614665246166,8,3,2.2510659646239732,2.2510659646239732,FALSE,FALSE
comm_4240,9.084093709473574,3.0504614665246166,9,2,2.398605331244349,2.398605331244349,FALSE,FALSE
comm_4241,9.856593659997955,3.0504614665246166,12,5,4.155691585915124,4.155691585915124,FALSE,FALSE
comm_4242,9.436497538136177,3.0504614665246166,8,6,9.580029279425634,9.580029279425633,FALSE,FALSE
comm_4243,8.925679938621958,3.0504614665246166,8,3,1.3916359741131248,1.3916359741131246,FALSE,FALSE
comm_4244,14.03555620399467,3.0504614665246166,8,2,1.6059752543178991,1.6059752543178996,FALSE,FALSE
comm_4245,10.77186156,3.0504614665246166,12,5,3.0483004211111098,3.0483004211111098,FALSE,FALSE
comm_4246,8.783328074,3.0504614665246166,11,5,8.791367528317007,8.791367528317005,FALSE,FALSE
comm_4247,10.008144904072578,3.0504614665246166,11,5,5.5840873331437075,5.5840873331437075,FALSE,FALSE
comm_4248,9.059267504140308,3.0504614665246166,12,4,7.921515398,7.921515397820639,FALSE,FALSE
comm_4249,9.199694123964514,3.0504614665246166,9,4,5.731768121968555,5.731768121968555,FALSE,FALSE
comm_4250,9.901899092,3.0504614665246166,10,5,7.139442985340101,7.139442985,FALSE,FALSE
comm_4251,8.650323711383502,3.0504614665246166,10,1,2.362735917883948,2.362735917883948,FALSE,FALSE
comm_4252,8.960216133669789,3.0504614665246166,9,4,3.892189882367306,3.8921898823673065,FALSE,FALSE
comm_4253,9.887374852,3.0504614665246166,11,6,7.035140595956963,7.035140595956963,FALSE,FALSE
comm_4254,10.123956533913509,3.0504614665246166,12,5,6.487689351777323,6.487689351777325,FALSE,FALSE
comm_4255,9.648370059633455,3.0504614665246166,8,3,7.075319559159871,7.0753195591598725,FALSE,FALSE
comm_4256,9.451320249313632,3.0504614665246166,12,7,5.529745103281218,5.529745103281216,FALSE,FALSE
comm_4257,11.81373114017945,3.0504614665246166,8,3,2.568602346093524,2.568602346093523,FALSE,FALSE
comm_4258,9.591421397736504,3.0504614665246166,11,7,9.799126127469917,9.799126127469917,FALSE,FALSE
comm_4259,11.280243817018476,3.0504614665246166,8,3,0.3956658880678873,0.3956658880678873,FALSE,FALSE
comm_4260,10.785154765212022,3.0504614665246166,8,5,6.990543889879447,6.990543889879449,FALSE,FALSE
comm_4261,9.175722834000416,3.0504614665246166,10,3,1.5204022776895176,1.5204022776895176,FALSE,FALSE
comm_4262,10.556177619524597,3.0504614665246166,10,4,3.512107735079854,3.512107735079854,FALSE,FALSE
comm_4263,9.825586649457948,3.0504614665246166,9,3,1.756327184586021,1.756327184586021,FALSE,FALSE
comm_4264,10.304831417060038,3.0504614665246166,8,4,3.5112023572664124,3.5112023572664124,FALSE,FALSE
comm_4265,9.004282477541093,3.0504614665246166,12,5,3.770868561874978,3.770868561874978,FALSE,FALSE
comm_4266,10.429120755490183,3.0504614665246166,10,3,6.880299578000667,6.880299578000666,FALSE,FALSE
comm_4267,9.880496071959982,3.0504614665246166,9,4,5.056872421,5.056872421,FALSE,FALSE
comm_4268,9.936324938342736,3.0504614665246166,8,0,0,0,FALSE,FALSE
comm_4269,9.283099015119577,3.0504614665246166,8,4,3.4000494150529956,3.4000494150529965,FALSE,FALSE
comm_4270,8.386039331133862,3.0504614665246166,12,6,6.834938631777793,6.834938631777793,FALSE,FALSE
comm_4271,8.901793178486603,3.0504614665246166,10,4,7.115365827131594,7.115365827131594,FALSE,FALSE
comm_4272,11.78430705814477,3.0504614665246166,12,7,7.360008664,7.360008664,FALSE,FALSE
comm_4273,9.371826586224742,3.0504614665246166,12,6,7.240127788969485,7.240127788969484,FALSE,FALSE
comm_4274,10.503214119843555,3.0504614665246166,10,5,7.313844402490948,7.313844402490949,FALSE,FALSE
comm_4275,9.738010083391131,3.0504614665246166,9,5,4.777224263989488,4.7772242639894875,FALSE,FALSE
comm_4276,8.850742611193793,3.0504614665246166,8,5,9.566149831613131,9.566149832,FALSE,FALSE
comm_4277,12.492921736466036,3.0504614665246166,9,2,1.7745597189051905,1.774559718905191,FALSE,FALSE
comm_4278,10.405759889642862,3.0504614665246166,8,2,2.959095229074344,2.959095229074344,FALSE,FALSE
comm_4279,10.172958722020743,3.0504614665246166,10,3,1.0281442123563234,1.0281442123563231,FALSE,FALSE
comm_4280,9.841216348740977,3.0504614665246166,9,5,2.3063768181734807,2.3063768181734807,FALSE,FALSE
comm_4281,8.659791890044781,3.0504614665246166,8,3,5.495948861948579,5.495948861948577,FALSE,FALSE
comm_4282,8.634755893655608,3.0504614665246166,10,5,8.709554155,8.709554155245028,FALSE,FALSE
comm_4283,9.678082597656104,3.0504614665246166,12,6,7.260865868069326,7.260865868069326,FALSE,FALSE
comm_4284,10.28839219044216,3.0504614665246166,10,4,2.942665379460929,2.9426653794609297,FALSE,FALSE
comm_4285,10.42356133407637,3.0504614665246166,11,3,4.760058121328534,4.760058121328534,FALSE,FALSE
comm_4286,10.813722085523628,3.0504614665246166,8,4,3.636962505772906,3.636962505772905,FALSE,FALSE
comm_4287,10.59692458608342,3.0504614665246166,11,6,5.996774019335464,5.996774019335463,FALSE,FALSE
comm_4288,10.754861071302992,3.0504614665246166,9,3,2.3663284301772523,2.3663284301772523,FALSE,FALSE
comm_4289,10.214528431445128,3.0504614665246166,9,4,4.5062795820024775,4.5062795820024775,FALSE,FALSE
comm_4290,10.864525341612095,3.0504614665246166,8,3,2.081487111703395,2.0814871117033955,FALSE,FALSE
comm_4291,9.238616873481268,3.0504614665246166,12,5,4.993624131,4.993624131012042,FALSE,FALSE
comm_4292,9.968490082,3.0504614665246166,8,3,3.7940463220546783,3.794046322054678,FALSE,FALSE
comm_4293,10.25079392691222,3.0504614665246166,11,5,1.751134763364862,1.7511347633648615,FALSE,FALSE
comm_4294,9.847177191611491,3.0504614665246166,11,6,5.865554664,5.865554664,FALSE,FALSE
comm_4295,10.003236672262576,3.0504614665246166,12,3,3.300916447051673,3.300916447051673,FALSE,FALSE
comm_4296,9.361098965903112,3.0504614665246166,11,5,4.093728897325535,4.093728897325535,FALSE,FALSE
comm_4297,10.564614267872328,3.0504614665246166,12,5,7.105777835261299,7.105777835261299,FALSE,FALSE
comm_4298,10.84222526090683,3.0504614665246166,9,2,2.809109686207655,2.809109686207656,FALSE,FALSE
comm_4299,10.417127973493232,3.0504614665246166,11,5,3.8803571687826306,3.880357168782631,FALSE,FALSE
comm_4300,10.63200828,3.0504614665246166,8,2,1.8948310613681951,1.8948310613681951,FALSE,FALSE
comm_4301,12.407127885982945,3.0504614665246166,11,4,2.472109387861124,2.4721093878611247,FALSE,FALSE
comm_4302,8.972321922386039,3.0504614665246166,8,3,3.629313174006604,3.629313174006605,FALSE,FALSE
comm_4303,10.36951832606139,3.0504614665246166,11,6,8.840663356440972,8.840663356440974,FALSE,FALSE
comm_4304,12.11489887529652,3.0504614665246166,11,4,6.023649425935852,6.023649425935853,FALSE,FALSE
comm_4305,12.03830944525298,3.0504614665246166,8,2,1.224378440061935,1.2243784400619353,FALSE,FALSE
comm_4306,10.619274352546434,3.0504614665246166,9,4,2.3311322524696476,2.331132252469648,FALSE,FALSE
comm_4307,10.120114235748623,3.0504614665246166,10,3,3.332902575918803,3.3329025759188036,FALSE,FALSE
comm_4308,8.247204244562276,3.0504614665246166,8,3,6.532366585583487,6.532366585583485,FALSE,FALSE
comm_4309,10.197520833739375,3.0504614665246166,9,3,6.504400775693057,6.504400775693057,FALSE,FALSE
comm_4310,10.662897955625567,3.0504614665246166,8,3,6.043933150379645,6.043933150379645,FALSE,FALSE
comm_4311,11.604726314770469,3.0504614665246166,8,3,2.4998842348417987,2.4998842348417987,FALSE,FALSE
comm_4312,12.248810245892614,3.0504614665246166,12,6,3.0441314272641007,3.0441314272641016,FALSE,FALSE
comm_4313,10.435018990118692,3.0504614665246166,9,4,6.497129608634683,6.497129608634685,FALSE,FALSE
comm_4314,10.794790698080831,3.0504614665246166,8,3,3.758848197179452,3.758848197179452,FALSE,FALSE
comm_4315,9.706849614643184,3.0504614665246166,9,4,7.589008884134582,7.5890088841345795,FALSE,FALSE
comm_4316,10.186764860696773,3.0504614665246166,11,5,2.048251782927802,2.048251782927802,FALSE,FALSE
comm_4317,9.903091957826703,3.0504614665246166,11,5,2.977363068417745,2.9773630684177452,FALSE,FALSE
comm_4319,9.396370494,3.0504614665246166,9,3,1.4468681907592384,1.4468681907592384,FALSE,FALSE
comm_4320,8.401049365204283,3.0504614665246166,10,2,2.4884140513953428,2.4884140513953428,FALSE,FALSE
comm_4321,9.762389959,3.0504614665246166,11,4,2.406507922520687,2.406507922520687,FALSE,FALSE
comm_4322,9.617271258,3.0504614665246166,10,3,3.0512201834630925,3.0512201834630917,FALSE,FALSE
comm_4323,9.731741721440388,3.0504614665246166,9,4,4.709793118483819,4.709793118483818,FALSE,FALSE
comm_4324,12.133915198493812,3.0504614665246166,9,4,4.759247105004995,4.759247105004995,FALSE,FALSE
comm_4325,9.939545168444376,3.0504614665246166,12,3,3.675456265145777,3.675456265145777,FALSE,FALSE
comm_4326,8.936931869824825,3.0504614665246166,12,6,6.903354412949879,6.903354412949881,FALSE,FALSE
comm_4327,8.557147534948598,3.0504614665246166,9,3,8.220993304410975,8.220993304410975,FALSE,FALSE
comm_4328,11.387039060982188,3.0504614665246166,11,6,3.762479643674863,3.762479643674864,FALSE,FALSE
comm_4329,9.780941715566184,3.0504614665246166,10,4,4.997756682790593,4.997756682790594,FALSE,FALSE
comm_4330,9.477289377,3.0504614665246166,11,3,2.619120857144039,2.619120857,FALSE,FALSE
comm_4331,10.07211144063584,3.0504614665246166,9,1,2.071224187372908,2.0712241873729074,FALSE,FALSE
comm_4332,10.53484057,3.0504614665246166,9,2,2.0880025250867673,2.0880025250867673,FALSE,FALSE
comm_4333,9.575910926446436,3.0504614665246166,11,4,2.8451403659965813,2.8451403659965817,FALSE,FALSE
comm_4334,9.676900457,3.0504614665246166,10,5,3.2675583267301493,3.2675583267301493,FALSE,FALSE
comm_4335,9.443757589994824,3.0504614665246166,8,2,2.1133071674022847,2.1133071674022847,FALSE,FALSE
comm_4336,10.881628798605949,3.0504614665246166,11,4,4.236799557422602,4.236799557422602,FALSE,FALSE
comm_4337,9.960055451,3.0504614665246166,9,5,3.632038384858314,3.632038384858315,FALSE,FALSE
comm_4338,12.668476418267026,3.0504614665246166,8,3,1.8354190951920697,1.835419095,FALSE,FALSE
comm_4339,10.465219439208903,3.0504614665246166,12,7,9.765146036689314,9.765146036689314,FALSE,FALSE
comm_4340,11.562910326056748,3.0504614665246166,9,4,3.1415398756771866,3.141539875677187,FALSE,FALSE
comm_4341,9.437083445414013,3.0504614665246166,10,4,7.595861455870814,7.595861455870814,FALSE,FALSE
comm_4342,10.377378430493586,3.0504614665246166,11,4,4.631097302180681,4.631097302180683,FALSE,FALSE
comm_4343,11.734322115012958,3.0504614665246166,9,0,0,0,FALSE,FALSE
comm_4344,9.573394861,3.0504614665246166,9,1,0.072068006,0.072068006,FALSE,FALSE
comm_4345,9.571634453,3.0504614665246166,8,3,3.608326894649149,3.608326895,FALSE,FALSE
comm_4346,10.26550409237299,3.0504614665246166,9,7,9.481883989,9.481883988894271,FALSE,FALSE
comm_4347,10.274568952724367,3.0504614665246166,9,3,4.3971847658395875,4.397184765839588,FALSE,FALSE
comm_4348,8.786286295745438,3.0504614665246166,10,4,8.222383981137042,8.222383981137042,FALSE,FALSE
comm_4349,10.37938200958316,3.0504614665246166,12,6,4.227729681596609,4.227729681596609,FALSE,FALSE
comm_4350,8.836680639244534,3.0504614665246166,11,5,4.094809874250636,4.094809874250635,FALSE,FALSE
comm_4351,10.246645629719335,3.0504614665246166,8,3,6.440945120573446,6.4409451205734465,FALSE,FALSE
comm_4352,10.204258074829948,3.0504614665246166,10,4,3.203331506736965,3.2033315067369648,FALSE,FALSE
comm_4353,9.900334530406202,3.0504614665246166,9,4,3.561739573571406,3.561739573571406,FALSE,FALSE
comm_4354,9.383165141138608,3.0504614665246166,10,4,4.361379619410785,4.361379619410785,FALSE,FALSE
comm_4355,9.443961864,3.0504614665246166,9,3,7.569413778499653,7.569413778499654,FALSE,FALSE
comm_4356,10.969872093958612,3.0504614665246166,8,3,2.758728006638141,2.7587280066381408,FALSE,FALSE
comm_4357,9.973887689439945,3.0504614665246166,8,3,3.714645502063211,3.714645502063211,FALSE,FALSE
comm_4358,10.510149061374932,3.0504614665246166,8,3,2.1314278238017157,2.1314278238017152,FALSE,FALSE
comm_4359,9.967587855233209,3.0504614665246166,12,6,8.990726407100459,8.990726407,FALSE,FALSE
comm_4360,9.703186920327576,3.0504614665246166,8,1,1.6910736089922398,1.6910736089922398,FALSE,FALSE
comm_4361,10.153096613922395,3.0504614665246166,11,4,4.199329186638903,4.199329186638903,FALSE,FALSE
comm_4362,8.608104133350627,3.0504614665246166,11,4,8.498055359769626,8.498055359769625,FALSE,FALSE
comm_4363,10.795426656408562,3.0504614665246166,10,4,5.130044322233925,5.1300443222339265,FALSE,FALSE
comm_4364,10.913390231979935,3.0504614665246166,11,3,1.9775158250473024,1.9775158250473024,FALSE,FALSE
comm_4365,10.257022969614084,3.0504614665246166,12,5,4.640289565878074,4.640289565878072,FALSE,FALSE
comm_4366,10.326472639533913,3.0504614665246166,12,6,8.535195726510269,8.535195727,FALSE,FALSE
comm_4367,9.154451167,3.0504614665246166,12,4,3.322830261684773,3.322830261684772,FALSE,FALSE
comm_4368,12.134318665767529,3.0504614665246166,8,3,3.0936290292728295,3.093629029272829,FALSE,FALSE
comm_4369,9.309372708799796,3.0504614665246166,11,5,6.5430924221122595,6.5430924221122595,FALSE,FALSE
comm_4370,10.598066318862765,3.0504614665246166,9,5,12.547356083416256,12.547356083416256,FALSE,FALSE
comm_4371,9.197092178,3.0504614665246166,10,4,5.409012368801364,5.409012368801364,FALSE,FALSE
comm_4372,11.212038769797662,3.0504614665246166,8,2,0.5985550116637253,0.5985550116637254,FALSE,FALSE
comm_4373,9.300421391831405,3.0504614665246166,12,4,5.864266991762407,5.864266991762406,FALSE,FALSE
comm_4374,9.989667104501391,3.0504614665246166,9,3,3.2024577892978217,3.202457789297821,FALSE,FALSE
comm_4375,10.566284229392242,3.0504614665246166,11,2,2.7477081201496074,2.7477081201496074,FALSE,FALSE
comm_4376,9.766489792,3.0504614665246166,9,2,3.3333665395569905,3.333366539556991,FALSE,FALSE
comm_4377,11.399337774091302,3.0504614665246166,10,5,2.762056034431389,2.762056034431389,FALSE,FALSE
comm_4378,8.514409865163584,3.0504614665246166,8,3,2.874838681760264,2.874838681760264,FALSE,FALSE
comm_4379,9.754410743643868,3.0504614665246166,8,3,5.630382522385014,5.630382522385015,FALSE,FALSE
comm_4380,10.891249908123894,3.0504614665246166,9,4,4.897886006,4.897886005580799,FALSE,FALSE
comm_4381,10.17630925319112,3.0504614665246166,9,2,2.425258097477045,2.425258097477045,FALSE,FALSE
comm_4382,9.947006861,3.0504614665246166,9,5,6.5907160577490185,6.5907160577490185,FALSE,FALSE
comm_4383,10.128502717093964,3.0504614665246166,12,6,6.095117046,6.095117045564749,FALSE,FALSE
comm_4384,9.946737316252868,3.0504614665246166,11,7,4.407982754936359,4.407982754936358,FALSE,FALSE
comm_4385,11.007994952780656,3.0504614665246166,8,3,3.0859553757577243,3.085955375757724,FALSE,FALSE
comm_4386,10.769964705355452,3.0504614665246166,12,3,3.0665670921541897,3.0665670921541897,FALSE,FALSE
comm_4387,9.957701908,3.0504614665246166,9,4,1.5301101311380978,1.5301101311380978,FALSE,FALSE
comm_4388,11.704534240938695,3.0504614665246166,10,5,4.645689028987865,4.645689028987865,FALSE,FALSE
comm_4389,10.670717644497486,3.0504614665246166,10,3,1.822002985,1.822002985,FALSE,FALSE
comm_4390,9.63978948,3.0504614665246166,11,4,5.7839434668128415,5.7839434668128415,FALSE,FALSE
comm_4391,9.835444662029506,3.0504614665246166,8,2,3.451516362479548,3.451516362479549,FALSE,FALSE
comm_4392,9.326561824469364,3.0504614665246166,11,5,6.718353943858891,6.718353943858891,FALSE,FALSE
comm_4393,9.579893852441783,3.0504614665246166,12,6,7.897960586841351,7.897960586841351,FALSE,FALSE
comm_4394,9.711097259088614,3.0504614665246166,8,2,0.9290044730953956,0.9290044730953954,FALSE,FALSE
comm_4395,8.559165531857994,3.0504614665246166,9,5,6.9137405442930735,6.9137405442930735,FALSE,FALSE
comm_4396,11.500240631272016,3.0504614665246166,11,5,7.283863548421843,7.283863548421842,FALSE,FALSE
comm_4397,8.993957391825148,3.0504614665246166,12,2,1.6698599697066885,1.6698599697066885,FALSE,FALSE
comm_4398,11.04532033271892,3.0504614665246166,10,6,7.619320067670482,7.619320067670481,FALSE,FALSE
comm_4399,9.843976825990469,3.0504614665246166,10,0,0,0,FALSE,FALSE
comm_4400,8.210392210206493,3.0504614665246166,11,5,6.798572731514977,6.798572731514977,FALSE,FALSE
comm_4401,9.315597167697906,3.0504614665246166,9,4,6.926614166683576,6.926614166683575,FALSE,FALSE
comm_4402,11.82790168672809,3.0504614665246166,9,1,0.4662242556132798,0.4662242556132799,FALSE,FALSE
comm_4403,10.47371994,3.0504614665246166,12,5,3.51919689,3.51919689,FALSE,FALSE
comm_4404,10.100355563840276,3.0504614665246166,11,4,3.6253795224342418,3.625379522434242,FALSE,FALSE
comm_4405,11.092465698122044,3.0504614665246166,8,3,5.013335113116407,5.0133351131164074,FALSE,FALSE
comm_4406,9.616898461315156,3.0504614665246166,10,2,3.4678622663710903,3.467862266,FALSE,FALSE
comm_4407,9.444628018920868,3.0504614665246166,10,4,5.165581117344802,5.165581117344802,FALSE,FALSE
comm_4408,9.735348568403769,3.0504614665246166,8,4,5.2029408822098455,5.202940882209846,FALSE,FALSE
comm_4409,9.429680369433502,3.0504614665246166,10,5,7.4764531274720545,7.4764531274720545,FALSE,FALSE
comm_4410,10.503455616008928,3.0504614665246166,10,3,3.6557696668986863,3.655769666898686,FALSE,FALSE
comm_4411,9.913486681,3.0504614665246166,8,3,4.118347015884577,4.118347015884578,FALSE,FALSE
comm_4412,10.856085191935788,3.0504614665246166,8,5,4.481000332405672,4.481000332405672,FALSE,FALSE
comm_4413,9.642596890498163,3.0504614665246166,9,4,1.997874162768443,1.997874162768443,FALSE,FALSE
comm_4414,8.859420205890059,3.0504614665246166,11,2,6.223236690496541,6.22323669,FALSE,FALSE
comm_4415,9.61143207,3.0504614665246166,12,5,5.3229128235363135,5.3229128235363135,FALSE,FALSE
comm_4416,9.083665193879016,3.0504614665246166,12,6,5.280345302215753,5.280345302215754,FALSE,FALSE
comm_4417,8.653657150748778,3.0504614665246166,9,2,2.6643477334207506,2.664347733420751,FALSE,FALSE
comm_4418,9.450097644952551,3.0504614665246166,10,4,8.493791084061066,8.493791084061064,FALSE,FALSE
comm_4419,10.900726203880431,3.0504614665246166,11,4,2.2767404149751154,2.276740414975115,FALSE,FALSE
comm_4420,9.894030758425195,3.0504614665246166,9,2,2.4903374440295787,2.490337444029579,FALSE,FALSE
comm_4421,11.363906103231232,3.0504614665246166,9,5,3.293298291940454,3.293298291940454,FALSE,FALSE
comm_4422,8.404181618885298,3.0504614665246166,11,4,9.621509770210649,9.621509770210649,FALSE,FALSE
comm_4423,9.226639646824234,3.0504614665246166,8,4,1.7358181659137686,1.7358181659137688,FALSE,FALSE
comm_4424,10.28610267285684,3.0504614665246166,10,5,2.736730105395214,2.736730105395213,FALSE,FALSE
comm_4425,10.884591260086651,3.0504614665246166,9,5,6.065121219392076,6.065121219392076,FALSE,FALSE
comm_4426,9.904410670807462,3.0504614665246166,9,4,1.6803675207845694,1.6803675207845696,FALSE,FALSE
comm_4427,10.25921555376894,3.0504614665246166,9,6,5.919166863333741,5.919166863,FALSE,FALSE
comm_4428,9.037036878711117,3.0504614665246166,12,6,8.997281874,8.997281873964072,FALSE,FALSE
comm_4429,9.113436949492536,3.0504614665246166,8,2,3.896400523904316,3.896400523904316,FALSE,FALSE
comm_4430,9.438932774,3.0504614665246166,12,3,3.350131490147568,3.350131490147568,FALSE,FALSE
comm_4431,10.595863953795432,3.0504614665246166,10,2,5.461026024996374,5.461026024996375,FALSE,FALSE
comm_4432,9.512096796115706,3.0504614665246166,12,5,2.173292584456544,2.1732925844565436,FALSE,FALSE
comm_4433,10.24331806756816,3.0504614665246166,10,4,1.8746902227568587,1.8746902227568587,FALSE,FALSE
comm_4434,9.382887503223907,3.0504614665246166,8,2,2.5100669981486043,2.5100669981486043,FALSE,FALSE
comm_4435,8.391540748561004,3.0504614665246166,9,4,6.043435348267817,6.043435348267815,FALSE,FALSE
comm_4436,10.64252042341898,3.0504614665246166,11,4,2.971100529811971,2.9711005298119706,FALSE,FALSE
comm_4437,10.580882007818294,3.0504614665246166,11,6,7.151215201162659,7.151215201162659,FALSE,FALSE
comm_4438,11.371970593992408,3.0504614665246166,9,4,3.8731607231447858,3.8731607231447858,FALSE,FALSE
comm_4439,8.454707724711442,3.0504614665246166,9,2,2.5764567894597574,2.576456789459757,FALSE,FALSE
comm_4440,10.50997393322526,3.0504614665246166,8,1,2.246060101363712,2.2460601013637125,FALSE,FALSE
comm_4441,10.109373496509717,3.0504614665246166,11,3,2.2277370406806094,2.227737040680609,FALSE,FALSE
comm_4442,10.066403842663066,3.0504614665246166,11,5,4.964325837884347,4.964325837884347,FALSE,FALSE
comm_4443,10.069197923385277,3.0504614665246166,8,2,2.9075331609872768,2.9075331609872763,FALSE,FALSE
comm_4444,10.172190061024292,3.0504614665246166,9,5,7.082012244939167,7.082012244939167,FALSE,FALSE
comm_4445,9.245146956511933,3.0504614665246166,9,3,1.3863611999199463,1.3863611999199466,FALSE,FALSE
comm_4446,9.489830964366394,3.0504614665246166,10,3,5.688205732871184,5.688205732871183,FALSE,FALSE
comm_4447,9.884718253,3.0504614665246166,10,5,5.470557397,5.470557396856979,FALSE,FALSE
comm_4448,9.865840276110228,3.0504614665246166,11,4,2.6896894066130104,2.689689407,FALSE,FALSE
comm_4449,9.597092626467354,3.0504614665246166,12,5,3.6395157188001335,3.6395157188001344,FALSE,FALSE
comm_4450,9.016492336126989,3.0504614665246166,12,5,7.457910272072744,7.457910272072743,FALSE,FALSE
comm_4451,10.513644045646547,3.0504614665246166,8,1,0.2465436187072471,0.2465436187072471,FALSE,FALSE
comm_4452,9.908588187000358,3.0504614665246166,11,5,2.9606431298353404,2.9606431298353404,FALSE,FALSE
comm_4453,10.949571472866795,3.0504614665246166,10,6,7.551779784501704,7.551779784501703,FALSE,FALSE
comm_4454,9.017546381059107,3.0504614665246166,12,6,8.780310711979046,8.780310711979048,FALSE,FALSE
comm_4455,9.369443568393596,3.0504614665246166,11,3,5.062969128021653,5.062969128021653,FALSE,FALSE
comm_4456,11.676245714078371,3.0504614665246166,8,3,2.368192881768489,2.3681928817684885,FALSE,FALSE
comm_4457,8.975758387159017,3.0504614665246166,9,1,0.2690580915757294,0.2690580915757294,FALSE,FALSE
comm_4458,9.287315817178296,3.0504614665246166,11,5,8.316290325,8.316290325,FALSE,FALSE
comm_4459,9.509474645950217,3.0504614665246166,11,6,4.817259822072645,4.8172598220726455,FALSE,FALSE
comm_4460,11.202019062249878,3.0504614665246166,11,4,3.3374714239026906,3.3374714239026906,FALSE,FALSE
comm_4461,11.00049175,3.0504614665246166,9,2,6.542516789,6.542516788961841,FALSE,FALSE
comm_4462,10.385420016463392,3.0504614665246166,10,3,1.9354911083174215,1.9354911083174215,FALSE,FALSE
comm_4463,12.019607210585196,3.0504614665246166,9,5,2.8943995347117917,2.894399534711792,FALSE,FALSE
comm_4464,10.80485142001064,3.0504614665246166,10,5,3.0437667887986293,3.0437667887986297,FALSE,FALSE
comm_4465,10.325945189186251,3.0504614665246166,8,4,5.963991367193229,5.963991367,FALSE,FALSE
comm_4466,9.200056415481976,3.0504614665246166,12,5,5.279365332144702,5.279365332144701,FALSE,FALSE
comm_4467,10.88130148884628,3.0504614665246166,8,0,0,0,FALSE,FALSE
comm_4468,9.191103605101857,3.0504614665246166,10,4,6.009542903540272,6.009542903540273,FALSE,FALSE
comm_4469,9.555147117,3.0504614665246166,11,4,6.239036464466436,6.239036464466436,FALSE,FALSE
comm_4470,8.296592527049429,3.0504614665246166,10,4,7.202390054637656,7.202390054637656,FALSE,FALSE
comm_4471,9.770168776,3.0504614665246166,9,5,7.4797331058992125,7.479733105899214,FALSE,FALSE
comm_4472,11.349802846563534,3.0504614665246166,11,4,3.377369267594183,3.377369267594184,FALSE,FALSE
comm_4473,9.878657002875997,3.0504614665246166,8,5,7.204984564287483,7.204984564287482,FALSE,FALSE
comm_4474,9.048950409035696,3.0504614665246166,11,5,7.462713037780705,7.462713037780705,FALSE,FALSE
comm_4475,10.898336906459548,3.0504614665246166,9,4,5.458850838020268,5.458850838020268,FALSE,FALSE
comm_4476,9.651342339513622,3.0504614665246166,12,5,6.009079146350303,6.009079146350303,FALSE,FALSE
comm_4477,11.02239512143499,3.0504614665246166,9,4,4.180815822278259,4.180815822278259,FALSE,FALSE
comm_4478,8.351202827,3.0504614665246166,9,4,6.004798882628101,6.004798882628101,FALSE,FALSE
comm_4479,10.567124750546084,3.0504614665246166,10,4,1.861891007949254,1.8618910079492537,FALSE,FALSE
comm_4480,9.657120742,3.0504614665246166,12,4,3.2983332264967236,3.298333226496723,FALSE,FALSE
comm_4481,8.748744982417517,3.0504614665246166,9,5,7.965456137825768,7.965456138,FALSE,FALSE
comm_4482,11.60159153735137,3.0504614665246166,10,4,3.504683885037306,3.5046838850373048,FALSE,FALSE
comm_4483,13.48288976878301,3.0504614665246166,9,3,0.6266284774764159,0.6266284774764159,FALSE,FALSE
comm_4484,12.558175082676469,3.0504614665246166,9,5,3.468810351007646,3.468810351007645,FALSE,FALSE
comm_4485,10.317143728472876,3.0504614665246166,9,4,4.754533095378631,4.754533095,FALSE,FALSE
comm_4486,10.505207698704382,3.0504614665246166,9,3,3.560296678,3.5602966781103897,FALSE,FALSE
comm_4487,10.656588248417366,3.0504614665246166,8,1,1.0009342540629458,1.000934254062946,FALSE,FALSE
comm_4488,10.00844807474899,3.0504614665246166,10,6,6.724114792728537,6.724114792728537,FALSE,FALSE
comm_4489,10.529700440043198,3.0504614665246166,10,4,3.8154698872300457,3.815469887230046,FALSE,FALSE
comm_4490,10.52687304549377,3.0504614665246166,9,5,7.865560642530063,7.865560642530061,FALSE,FALSE
comm_4491,10.03618057527826,3.0504614665246166,11,6,5.606352331956414,5.606352331956415,FALSE,FALSE
comm_4492,8.580175323858585,3.0504614665246166,9,3,5.531049384970851,5.531049384970852,FALSE,FALSE
comm_4493,9.381840903876403,3.0504614665246166,12,5,5.161065132975001,5.161065133,FALSE,FALSE
comm_4494,9.609468714316918,3.0504614665246166,12,5,4.347201637981715,4.3472016379817155,FALSE,FALSE
comm_4495,10.63061630710422,3.0504614665246166,9,5,7.360985047100653,7.360985047100653,FALSE,FALSE
comm_4496,10.806657834071428,3.0504614665246166,11,5,5.797703145638701,5.7977031456387005,FALSE,FALSE
comm_4497,9.301390715127033,3.0504614665246166,12,3,8.193956236801963,8.193956236801965,FALSE,FALSE
comm_4498,9.391013612276046,3.0504614665246166,9,2,3.907415559642356,3.907415559642355,FALSE,FALSE
comm_4499,9.308281934,3.0504614665246166,12,6,5.456203595302565,5.456203595302565,FALSE,FALSE
comm_4500,10.057998084677822,3.0504614665246166,12,5,4.543213017560383,4.543213017560383,FALSE,FALSE
comm_4501,10.462140549000994,3.0504614665246166,9,2,2.6201780019558147,2.620178001955814,FALSE,FALSE
comm_4503,9.467510234835958,3.0504614665246166,9,3,2.47937025,2.47937025,FALSE,FALSE
comm_4504,8.565514478504747,3.0504614665246166,9,3,5.322339667761129,5.322339668,FALSE,FALSE
comm_4505,8.411036804847624,3.0504614665246166,11,6,8.919473996753585,8.919473996753585,FALSE,FALSE
comm_4506,9.723772874995037,3.0504614665246166,11,3,3.3325186712011385,3.332518671201138,FALSE,FALSE
comm_4507,9.446176117102596,3.0504614665246166,9,3,2.473341692395629,2.473341692395629,FALSE,FALSE
comm_4508,10.38014345,3.0504614665246166,9,4,3.223208438785241,3.223208438785241,FALSE,FALSE
comm_4509,12.329896113322594,3.0504614665246166,12,7,6.000084072744038,6.000084072744038,FALSE,FALSE
comm_4510,9.336708066707384,3.0504614665246166,12,3,1.7573547028701002,1.7573547028701002,FALSE,FALSE
comm_4511,10.723184121312078,3.0504614665246166,11,5,5.405090067316643,5.405090067316643,FALSE,FALSE
comm_4512,9.223009070966032,3.0504614665246166,10,6,6.630691734724367,6.630691734724367,FALSE,FALSE
comm_4513,10.578397818678209,3.0504614665246166,11,4,3.1259116976808112,3.1259116976808117,FALSE,FALSE
comm_4514,10.594203256879895,3.0504614665246166,10,4,2.618310922092542,2.618310922092542,FALSE,FALSE
comm_4515,8.644122478553864,3.0504614665246166,8,4,4.158847831112185,4.158847831112184,FALSE,FALSE
comm_4516,9.210430183,3.0504614665246166,8,4,7.071093813396516,7.071093813396515,FALSE,FALSE
comm_4517,9.937653408166517,3.0504614665246166,11,4,4.822415171235788,4.8224151712357886,FALSE,FALSE
comm_4518,10.111668928778895,3.0504614665246166,12,6,7.088204780198344,7.088204780198345,FALSE,FALSE
comm_4519,9.480473820972737,3.0504614665246166,8,3,4.607509148906224,4.607509148906224,FALSE,FALSE
comm_4520,9.986863457492335,3.0504614665246166,12,4,2.7717827340558574,2.7717827340558574,FALSE,FALSE
comm_4521,10.212310435541673,3.0504614665246166,11,3,1.9291387574980947,1.9291387574980945,FALSE,FALSE
comm_4522,8.857887351964056,3.0504614665246166,11,3,3.8354487956409296,3.8354487956409296,FALSE,FALSE
comm_4523,10.729067942752245,3.0504614665246166,8,3,3.4502711275310816,3.4502711275310824,FALSE,FALSE
comm_4524,10.110529597194832,3.0504614665246166,10,4,6.347043450348394,6.347043450348396,FALSE,FALSE
comm_4525,11.00832582196404,3.0504614665246166,11,5,4.824240950049276,4.8242409500492744,FALSE,FALSE
comm_4526,10.958965980118633,3.0504614665246166,12,5,4.156004924710377,4.156004924710376,FALSE,FALSE
comm_4527,11.014296554516182,3.0504614665246166,10,3,5.405063581958533,5.405063581958533,FALSE,FALSE
comm_4528,9.382000451850969,3.0504614665246166,12,4,4.385488333102793,4.385488333102793,FALSE,FALSE
comm_4529,9.723706341302591,3.0504614665246166,10,3,2.622908115820085,2.6229081158200844,FALSE,FALSE
comm_4530,8.770509395379607,3.0504614665246166,8,3,8.029731040467524,8.029731040467524,FALSE,FALSE
comm_4531,9.976823754609194,3.0504614665246166,8,5,3.413333514746035,3.4133335147460344,FALSE,FALSE
comm_4532,9.372811021459276,3.0504614665246166,11,5,3.202552859182164,3.202552859182164,FALSE,FALSE
comm_4533,10.290114737407784,3.0504614665246166,12,5,4.3353105207646685,4.3353105207646685,FALSE,FALSE
comm_4534,10.587996179170098,3.0504614665246166,9,5,8.196933489636045,8.196933489636043,FALSE,FALSE
comm_4535,10.982607376394242,3.0504614665246166,8,4,2.339282669137294,2.3392826691372943,FALSE,FALSE
comm_4536,10.472357979759042,3.0504614665246166,8,4,3.6275980575345392,3.627598057534539,FALSE,FALSE
comm_4537,8.840531540836064,3.0504614665246166,12,5,7.197863737820172,7.197863737820171,FALSE,FALSE
comm_4538,10.91465741490924,3.0504614665246166,11,3,1.9195137088562408,1.919513709,FALSE,FALSE
comm_4539,9.125900241061576,3.0504614665246166,12,7,9.973240289299255,9.973240289299255,FALSE,FALSE
comm_4540,8.249935907083323,3.0504614665246166,12,5,3.1443804195905747,3.1443804195905747,FALSE,FALSE
comm_4541,9.448774387,3.0504614665246166,12,5,8.759212848,8.759212848424552,FALSE,FALSE
comm_4542,10.895923078528236,3.0504614665246166,12,4,2.1513704130972195,2.151370413097219,FALSE,FALSE
comm_4543,11.380581055018247,3.0504614665246166,9,4,2.297778330677527,2.297778330677527,FALSE,FALSE
comm_4544,10.549188650432548,3.0504614665246166,11,2,4.599138424855606,4.599138424855606,FALSE,FALSE
comm_4545,11.089109070207751,3.0504614665246166,12,6,6.791950281211057,6.791950281211057,FALSE,FALSE
comm_4546,9.416010999,3.0504614665246166,11,5,10.627424721509612,10.62742472150961,FALSE,FALSE
comm_4547,10.63501441877593,3.0504614665246166,10,5,7.804703644959737,7.804703644959736,FALSE,FALSE
comm_4548,9.725063647,3.0504614665246166,10,4,3.4499169812090815,3.4499169812090815,FALSE,FALSE
comm_4549,9.786413598,3.0504614665246166,11,4,2.1992478314056947,2.1992478314056942,FALSE,FALSE
comm_4550,12.67393787950364,3.0504614665246166,8,3,3.720046989,3.7200469888449703,FALSE,FALSE
comm_4551,9.005492208914339,3.0504614665246166,11,4,6.005134991642449,6.005134991642448,FALSE,FALSE
comm_4552,10.199064508818417,3.0504614665246166,12,3,1.399175873518491,1.3991758735184912,FALSE,FALSE
comm_4553,12.297524545584242,3.0504614665246166,9,3,2.4017670452597297,2.4017670452597297,FALSE,FALSE
comm_4554,8.855102083455282,3.0504614665246166,10,5,8.644511592854906,8.644511592854904,FALSE,FALSE
comm_4555,10.020582275028232,3.0504614665246166,11,3,2.326548708071556,2.326548708071557,FALSE,FALSE
comm_4556,10.566299531432016,3.0504614665246166,10,4,2.4584611014954243,2.458461101495424,FALSE,FALSE
comm_4557,9.382547386368469,3.0504614665246166,8,3,4.901813264,4.901813264,FALSE,FALSE
comm_4558,10.257159259060714,3.0504614665246166,11,6,2.784085788191834,2.7840857881918346,FALSE,FALSE
comm_4559,10.022337945572298,3.0504614665246166,9,4,5.340097380180303,5.340097380180304,FALSE,FALSE
comm_4560,9.482533123911317,3.0504614665246166,9,5,6.623565535286279,6.6235655352862794,FALSE,FALSE
comm_4561,12.80981204814593,3.0504614665246166,8,2,2.036543846474721,2.0365438464747205,FALSE,FALSE
comm_4562,8.803173627,3.0504614665246166,8,2,2.1973300606365256,2.1973300606365256,FALSE,FALSE
comm_4563,10.307636837012256,3.0504614665246166,8,4,5.097352859353545,5.097352859353545,FALSE,FALSE
comm_4564,9.329402647,3.0504614665246166,9,2,1.6609199084671178,1.660919908467118,FALSE,FALSE
comm_4565,8.580160602526139,3.0504614665246166,9,3,2.905370635177378,2.905370635177377,FALSE,FALSE
comm_4566,10.07362175855733,3.0504614665246166,10,4,5.3413640100735895,5.3413640100735895,FALSE,FALSE
comm_4567,11.456707497574463,3.0504614665246166,10,5,3.9699475128209016,3.9699475128209016,FALSE,FALSE
comm_4568,9.926346076933893,3.0504614665246166,8,4,2.945138150430763,2.945138150430763,FALSE,FALSE
comm_4569,9.304579426554996,3.0504614665246166,10,3,2.5950300771069483,2.595030077106948,FALSE,FALSE
comm_4570,9.594957821244112,3.0504614665246166,10,3,1.3153604776611418,1.3153604776611418,FALSE,FALSE
comm_4571,9.80793684,3.0504614665246166,9,3,1.4422221447549166,1.4422221447549164,FALSE,FALSE
comm_4572,9.402643295593071,3.0504614665246166,12,7,6.869038121185334,6.869038121185334,FALSE,FALSE
comm_4573,10.039555090671096,3.0504614665246166,12,6,8.661373181009196,8.661373181009196,FALSE,FALSE
comm_4574,11.400380944367264,3.0504614665246166,9,4,4.318764645,4.318764645,FALSE,FALSE
comm_4575,10.700250946883962,3.0504614665246166,10,3,2.752364655907799,2.752364655907799,FALSE,FALSE
comm_4576,9.395778469150615,3.0504614665246166,11,4,2.3592331990808155,2.359233199080815,FALSE,FALSE
comm_4577,11.17671931498154,3.0504614665246166,10,3,1.7266093115676957,1.726609311567696,FALSE,FALSE
comm_4578,9.922500398162608,3.0504614665246166,12,8,7.260372847267289,7.2603728472672895,FALSE,FALSE
comm_4579,11.983083397033862,3.0504614665246166,8,5,6.479464677657173,6.479464677657173,FALSE,FALSE
comm_4580,10.213474737551438,3.0504614665246166,12,4,2.214571037161018,2.2145710371610186,FALSE,FALSE
comm_4581,9.829106641287863,3.0504614665246166,12,5,6.452709451226749,6.452709451226748,FALSE,FALSE
comm_4582,10.814192363715495,3.0504614665246166,8,2,3.831513279484529,3.831513279484528,FALSE,FALSE
comm_4583,10.168540845077274,3.0504614665246166,11,5,5.734162034194208,5.734162034194208,FALSE,FALSE
comm_4584,10.089571487993329,3.0504614665246166,10,5,4.884335699146754,4.884335699146755,FALSE,FALSE
comm_4585,9.346420081,3.0504614665246166,12,6,9.844060187948894,9.844060187948894,FALSE,FALSE
comm_4586,10.622508526060855,3.0504614665246166,11,4,3.870688675940062,3.8706886759400625,FALSE,FALSE
comm_4587,10.322814383695714,3.0504614665246166,11,4,3.286886251470833,3.286886251470833,FALSE,FALSE
comm_4588,9.984360613222565,3.0504614665246166,12,4,5.561371351173264,5.561371351173264,FALSE,FALSE
comm_4589,10.232257062973714,3.0504614665246166,11,6,5.452647676,5.452647675678141,FALSE,FALSE
comm_4590,10.233363856970772,3.0504614665246166,12,4,4.0977330698036685,4.097733069803669,FALSE,FALSE
comm_4591,8.667114389188793,3.0504614665246166,8,4,5.056178128832037,5.056178128832037,FALSE,FALSE
comm_4592,10.097872770713655,3.0504614665246166,12,5,2.7433152646806804,2.743315264680681,FALSE,FALSE
comm_4593,9.656465254,3.0504614665246166,12,5,4.820580674063683,4.820580674063682,FALSE,FALSE
comm_4594,9.85952672,3.0504614665246166,12,5,3.712416640951655,3.712416640951656,FALSE,FALSE
comm_4595,9.825598787,3.0504614665246166,9,4,7.661357785218057,7.661357785218057,FALSE,FALSE
comm_4596,10.174979367640413,3.0504614665246166,11,5,6.233354392700095,6.233354392700096,FALSE,FALSE
comm_4597,10.466032507023565,3.0504614665246166,9,2,3.066198460283121,3.066198460283121,FALSE,FALSE
comm_4598,9.133397213140324,3.0504614665246166,11,7,8.610301119395869,8.610301119395867,FALSE,FALSE
comm_4599,9.650270643831638,3.0504614665246166,9,3,2.853514692,2.853514692,FALSE,FALSE
comm_4600,10.370622683960312,3.0504614665246166,8,3,3.6499241213457103,3.6499241213457103,FALSE,FALSE
comm_4601,12.387548573806251,3.0504614665246166,8,3,2.265495479928327,2.265495479928327,FALSE,FALSE
comm_4602,11.306060858280086,3.0504614665246166,10,5,6.061567241195908,6.061567241195908,FALSE,FALSE
comm_4603,9.938468445986604,3.0504614665246166,10,5,5.268369283497266,5.268369283497266,FALSE,FALSE
comm_4604,9.663093369283647,3.0504614665246166,9,5,4.9049243150617965,4.9049243150617965,FALSE,FALSE
comm_4605,9.914197223,3.0504614665246166,12,7,10.423083939084822,10.42308393908482,FALSE,FALSE
comm_4606,8.258763542,3.0504614665246166,11,4,8.385016630533668,8.385016630533668,FALSE,FALSE
comm_4607,11.760710472600008,3.0504614665246166,9,6,3.4807255802398536,3.4807255802398536,FALSE,FALSE
comm_4608,9.951021699059671,3.0504614665246166,11,6,4.243058957255371,4.243058957255371,FALSE,FALSE
comm_4609,9.286493868739203,3.0504614665246166,11,5,6.301631816864717,6.301631816864715,FALSE,FALSE
comm_4610,9.784332799119833,3.0504614665246166,11,4,4.304463634302593,4.304463634302594,FALSE,FALSE
comm_4611,9.628437264968357,3.0504614665246166,12,4,3.560314199320507,3.560314199320507,FALSE,FALSE
comm_4612,9.465883639363506,3.0504614665246166,8,3,4.007514772593362,4.007514772593362,FALSE,FALSE
comm_4613,10.254552718923506,3.0504614665246166,8,3,4.4589301028850725,4.458930102885073,FALSE,FALSE
comm_4614,10.046534162029648,3.0504614665246166,8,4,6.468087213,6.468087213,FALSE,FALSE
comm_4615,11.921148999595452,3.0504614665246166,10,3,0.653836151,0.653836151,FALSE,FALSE
comm_4616,10.054542719358976,3.0504614665246166,8,1,0.6501962754356061,0.6501962754356062,FALSE,FALSE
comm_4617,10.021823225553844,3.0504614665246166,11,7,9.995363141,9.995363141,FALSE,FALSE
comm_4618,11.83716622090456,3.0504614665246166,11,4,4.346413059297177,4.346413059297177,FALSE,FALSE
comm_4619,10.536064207866874,3.0504614665246166,11,4,3.9763188150995448,3.976318815099544,FALSE,FALSE
comm_4620,10.389603659718755,3.0504614665246166,9,2,5.080757347050655,5.080757347050656,FALSE,FALSE
comm_4621,9.548573635669753,3.0504614665246166,11,5,8.892432866726526,8.892432866726526,FALSE,FALSE
comm_4622,9.646742907981164,3.0504614665246166,12,5,5.508379205469055,5.508379205469056,FALSE,FALSE
comm_4623,8.932735522,3.0504614665246166,11,5,6.070302858862002,6.070302859,FALSE,FALSE
comm_4624,9.482964636869596,3.0504614665246166,11,3,2.230590843670301,2.2305908436703006,FALSE,FALSE
comm_4625,10.546140383096096,3.0504614665246166,9,2,3.864059221,3.864059221215321,FALSE,FALSE
comm_4626,10.540440417287966,3.0504614665246166,8,5,5.875639451380608,5.875639451380607,FALSE,FALSE
comm_4627,8.404071505688643,3.0504614665246166,11,4,5.629583535584839,5.629583535584841,FALSE,FALSE
comm_4628,8.643982777882933,3.0504614665246166,9,3,2.319755328192998,2.3197553281929983,FALSE,FALSE
comm_4629,9.743781779156125,3.0504614665246166,11,7,9.456401616089146,9.456401616089146,FALSE,FALSE
comm_4630,8.801078779667234,3.0504614665246166,8,2,1.8775088069339916,1.8775088069339911,FALSE,FALSE
comm_4631,11.567187050983517,3.0504614665246166,11,3,2.510307406972222,2.510307406972222,FALSE,FALSE
comm_4632,10.188191518488685,3.0504614665246166,11,4,1.6331656333680478,1.6331656333680478,FALSE,FALSE
comm_4633,10.602029901994914,3.0504614665246166,12,6,1.6464665421010054,1.6464665421010052,FALSE,FALSE
comm_4634,9.684216848803906,3.0504614665246166,12,6,4.814625872733452,4.814625872733451,FALSE,FALSE
comm_4635,8.548704354488802,3.0504614665246166,9,5,5.237345637336079,5.237345637336079,FALSE,FALSE
comm_4636,9.889305361088375,3.0504614665246166,11,4,3.577614189118198,3.577614189118198,FALSE,FALSE
comm_4637,10.91588351517962,3.0504614665246166,12,5,4.0747941787757185,4.0747941787757185,FALSE,FALSE
comm_4638,9.950360172698655,3.0504614665246166,8,6,5.7490260661199475,5.749026066119947,FALSE,FALSE
comm_4639,10.009073076159307,3.0504614665246166,10,4,6.503254234536013,6.503254234536011,FALSE,FALSE
comm_4640,8.846613324,3.0504614665246166,9,3,1.557520843887373,1.5575208438873729,FALSE,FALSE
comm_4641,10.403434258798525,3.0504614665246166,9,6,9.821726903,9.821726902682895,FALSE,FALSE
comm_4642,9.701543172656269,3.0504614665246166,8,2,3.6998143741015257,3.6998143741015257,FALSE,FALSE
comm_4643,8.871947478869528,3.0504614665246166,9,3,3.939138843052052,3.939138843052052,FALSE,FALSE
comm_4644,8.546809282696078,3.0504614665246166,11,2,3.3246109869662663,3.324610986966267,FALSE,FALSE
comm_4645,10.315333590031528,3.0504614665246166,8,4,4.185945909721153,4.185945909721154,FALSE,FALSE
comm_4646,9.107004373717963,3.0504614665246166,11,4,6.425431664483382,6.425431664483382,FALSE,FALSE
comm_4647,9.351477305,3.0504614665246166,12,4,4.203365088014315,4.203365088014315,FALSE,FALSE
comm_4648,9.794912203209485,3.0504614665246166,10,3,3.606384454,3.606384454,FALSE,FALSE
comm_4649,8.840553297,3.0504614665246166,12,6,4.990519399724966,4.990519399724966,FALSE,FALSE
comm_4650,10.130175456483268,3.0504614665246166,9,4,6.084298743431523,6.084298743431524,FALSE,FALSE
comm_4651,11.328405887268548,3.0504614665246166,12,4,3.4094958608670676,3.409495860867067,FALSE,FALSE
comm_4652,11.022179806306678,3.0504614665246166,11,5,7.462784007157927,7.462784007157928,FALSE,FALSE
comm_4653,10.360273893466314,3.0504614665246166,8,3,2.880864685786648,2.880864685786649,FALSE,FALSE
comm_4654,10.02780450167878,3.0504614665246166,10,4,3.655889286677033,3.655889286677033,FALSE,FALSE
comm_4655,10.167580438391967,3.0504614665246166,8,4,3.987163909306779,3.987163909306779,FALSE,FALSE
comm_4656,11.655700790940852,3.0504614665246166,9,3,3.614083602262928,3.6140836022629297,FALSE,FALSE
comm_4657,8.946097489959543,3.0504614665246166,12,5,4.325946971293058,4.3259469712930585,FALSE,FALSE
comm_4658,10.116845391906896,3.0504614665246166,11,4,2.5435244733392413,2.543524473339241,FALSE,FALSE
comm_4659,10.262100336508828,3.0504614665246166,8,3,0.8100272792517109,0.8100272792517109,FALSE,FALSE
comm_4660,10.088954213201218,3.0504614665246166,8,2,4.102760623279338,4.102760623279338,FALSE,FALSE
comm_4661,11.37052480048873,3.0504614665246166,9,4,1.937510119,1.937510119,FALSE,FALSE
comm_4662,8.433715080863907,3.0504614665246166,10,2,2.223698162345666,2.223698162345666,FALSE,FALSE
comm_4663,10.60904445,3.0504614665246166,12,4,4.761981154685529,4.761981154685531,FALSE,FALSE
comm_4664,9.587148628865636,3.0504614665246166,11,3,2.571793528301508,2.571793528301508,FALSE,FALSE
comm_4665,9.573146407123089,3.0504614665246166,9,3,5.756069998189448,5.756069998189448,FALSE,FALSE
comm_4666,9.989141185838909,3.0504614665246166,10,6,5.100415788764953,5.100415788764952,FALSE,FALSE
comm_4667,12.365788810958287,3.0504614665246166,11,3,1.8739389342624064,1.8739389342624064,FALSE,FALSE
comm_4668,11.558247944315111,3.0504614665246166,12,4,4.355468898298694,4.355468898298694,FALSE,FALSE
comm_4669,10.40659426,3.0504614665246166,10,5,5.057707839028873,5.057707839028873,FALSE,FALSE
comm_4670,9.092349969840551,3.0504614665246166,10,4,5.356531515147232,5.356531515147232,FALSE,FALSE
comm_4671,9.096412985292448,3.0504614665246166,8,3,2.3433997038874588,2.343399703887459,FALSE,FALSE
comm_4672,9.935492713679878,3.0504614665246166,8,2,2.131592677276065,2.1315926772760654,FALSE,FALSE
comm_4673,9.531664534037446,3.0504614665246166,11,6,9.151522134131614,9.151522134131614,FALSE,FALSE
comm_4674,10.61264230856576,3.0504614665246166,10,3,1.776101023552411,1.7761010235524113,FALSE,FALSE
comm_4675,9.476264041662311,3.0504614665246166,8,2,2.8044738212069276,2.8044738212069276,FALSE,FALSE
comm_4676,9.361417953,3.0504614665246166,10,5,14.855912800527658,14.855912800527658,FALSE,FALSE
comm_4677,11.903333063418431,3.0504614665246166,11,4,3.008559226870784,3.0085592268707844,FALSE,FALSE
comm_4678,9.492744114,3.0504614665246166,12,5,2.6388530669739176,2.6388530669739176,FALSE,FALSE
comm_4679,9.300220168491954,3.0504614665246166,12,4,1.4352725374685529,1.4352725374685529,FALSE,FALSE
comm_4680,10.622435811406548,3.0504614665246166,8,2,2.8000980001290996,2.800098,FALSE,FALSE
comm_4681,13.232249183850143,3.0504614665246166,9,4,4.656965678935195,4.656965678935195,FALSE,FALSE
comm_4682,10.673464932805778,3.0504614665246166,10,5,3.5595273989514364,3.5595273989514364,FALSE,FALSE
comm_4683,9.115727988036449,3.0504614665246166,11,4,3.4367192322740174,3.436719232274017,FALSE,FALSE
comm_4684,9.360232839,3.0504614665246166,8,6,11.351152621439672,11.35115262143967,FALSE,FALSE
comm_4685,11.140895911138973,3.0504614665246166,9,5,6.388222506648004,6.388222506648004,FALSE,FALSE
comm_4686,10.784951603797165,3.0504614665246166,9,3,2.471521356048863,2.4715213560488634,FALSE,FALSE
comm_4687,9.567299000593634,3.0504614665246166,10,4,3.3742672009450474,3.374267200945047,FALSE,FALSE
comm_4688,10.480849653143167,3.0504614665246166,8,3,2.8374928742434236,2.8374928742434236,FALSE,FALSE
comm_4689,11.064824456234884,3.0504614665246166,9,4,4.427118926555096,4.427118926555098,FALSE,FALSE
comm_4690,8.653744453,3.0504614665246166,11,5,9.824029432171017,9.824029432171017,FALSE,FALSE
comm_4691,9.094430494354247,3.0504614665246166,8,2,1.128950740669907,1.1289507406699069,FALSE,FALSE
comm_4692,10.962257143289955,3.0504614665246166,9,4,2.9844030573388354,2.9844030573388354,FALSE,FALSE
comm_4693,10.41103445469294,3.0504614665246166,8,3,3.060035442229695,3.0600354422296947,FALSE,FALSE
comm_4694,9.935280965391923,3.0504614665246166,12,4,2.4626404814170244,2.4626404814170244,FALSE,FALSE
comm_4695,10.190416975301824,3.0504614665246166,11,7,4.278008796540497,4.278008796540497,FALSE,FALSE
comm_4696,10.935338374905395,3.0504614665246166,11,6,5.692570992698414,5.692570992698415,FALSE,FALSE
comm_4697,9.399532232020055,3.0504614665246166,12,4,5.647090292127563,5.647090292127563,FALSE,FALSE
comm_4698,9.827364978562516,3.0504614665246166,11,3,1.972923369948502,1.9729233699485025,FALSE,FALSE
comm_4699,9.031358274752217,3.0504614665246166,11,5,4.854224921547035,4.854224921547036,FALSE,FALSE
comm_4700,10.093190329570346,3.0504614665246166,12,4,2.3624216630434045,2.362421663043405,FALSE,FALSE
comm_4701,12.022372571594596,3.0504614665246166,8,3,4.424790359599697,4.424790359599698,FALSE,FALSE
comm_4702,10.639143216131435,3.0504614665246166,11,3,4.298247379857845,4.298247379857845,FALSE,FALSE
comm_4703,11.735545893083652,3.0504614665246166,8,3,5.2465012150833115,5.246501215083311,FALSE,FALSE
comm_4704,9.389683754199597,3.0504614665246166,11,4,5.378462446506415,5.378462446506415,FALSE,FALSE
comm_4705,9.891730272423237,3.0504614665246166,11,4,5.139959833397022,5.139959833397022,FALSE,FALSE
comm_4706,9.216378233,3.0504614665246166,12,5,4.315885810351235,4.315885810351235,FALSE,FALSE
comm_4707,9.159359001481448,3.0504614665246166,12,5,7.884998121072031,7.884998121072032,FALSE,FALSE
comm_4708,9.064696213064405,3.0504614665246166,9,2,1.6805307414025523,1.6805307414025523,FALSE,FALSE
comm_4709,10.14035302499376,3.0504614665246166,12,6,4.478077937856578,4.478077937856577,FALSE,FALSE
comm_4710,10.634262796196746,3.0504614665246166,11,5,8.225563158871411,8.225563158871411,FALSE,FALSE
comm_4711,9.737854623,3.0504614665246166,10,4,5.891191589939727,5.891191589939728,FALSE,FALSE
comm_4712,10.12348763859077,3.0504614665246166,10,4,2.188823111719909,2.1888231117199095,FALSE,FALSE
comm_4713,8.756879489660413,3.0504614665246166,11,4,5.901270053257784,5.901270053257784,FALSE,FALSE
comm_4714,9.752091229,3.0504614665246166,11,4,4.360606324888685,4.360606324888684,FALSE,FALSE
comm_4715,12.606942931925682,3.0504614665246166,8,4,3.932527099946973,3.932527099946972,FALSE,FALSE
comm_4716,10.03430627652681,3.0504614665246166,10,4,3.918834729346032,3.918834729346031,FALSE,FALSE
comm_4717,11.844880635452466,3.0504614665246166,10,5,5.153155287345737,5.153155287345737,FALSE,FALSE
comm_4718,10.080392739759192,3.0504614665246166,10,4,6.093826952810177,6.093826952810178,FALSE,FALSE
comm_4719,13.35131853409766,3.0504614665246166,11,3,2.1555470493751963,2.1555470493751963,FALSE,FALSE
comm_4720,9.103845256198731,3.0504614665246166,9,3,6.957555380274813,6.957555380274813,FALSE,FALSE
comm_4721,10.936567180517198,3.0504614665246166,10,6,4.519566985471223,4.519566985471224,FALSE,FALSE
comm_4722,12.041896273444037,3.0504614665246166,11,4,4.560504357062824,4.560504357062824,FALSE,FALSE
comm_4723,11.175190904922497,3.0504614665246166,11,4,3.6367234135690265,3.6367234135690256,FALSE,FALSE
comm_4724,10.023412891042325,3.0504614665246166,8,4,4.830585822386313,4.830585822386313,FALSE,FALSE
comm_4725,9.377245765628746,3.0504614665246166,12,6,6.866606236457527,6.866606236457526,FALSE,FALSE
comm_4726,10.062977346709491,3.0504614665246166,10,2,2.7688883120976233,2.768888312097624,FALSE,FALSE
comm_4727,12.825122180214356,3.0504614665246166,8,2,0.5365428556189111,0.536542856,FALSE,FALSE
comm_4728,8.675282059423331,3.0504614665246166,10,4,8.587270971505937,8.587270971505939,FALSE,FALSE
comm_4729,10.135901290198367,3.0504614665246166,9,4,1.2002757332077338,1.2002757332077338,FALSE,FALSE
comm_4730,9.424913235649166,3.0504614665246166,12,5,5.111420149932275,5.111420149932276,FALSE,FALSE
comm_4731,10.267695627150871,3.0504614665246166,12,6,6.278080438803831,6.278080438803831,FALSE,FALSE
comm_4732,10.341233607267622,3.0504614665246166,12,4,1.559175556054962,1.559175556054962,FALSE,FALSE
comm_4733,10.179299663361434,3.0504614665246166,11,5,4.131304838934839,4.131304838934839,FALSE,FALSE
comm_4734,9.920723796,3.0504614665246166,8,2,2.0304512588673074,2.030451258867308,FALSE,FALSE
comm_4735,11.232480412725558,3.0504614665246166,9,4,7.262947893208587,7.262947893208587,FALSE,FALSE
comm_4736,10.07499729947585,3.0504614665246166,8,5,8.391924785465063,8.391924785465063,FALSE,FALSE
comm_4737,11.32405979620354,3.0504614665246166,9,5,7.009557743887257,7.009557743887257,FALSE,FALSE
comm_4738,10.045051688618992,3.0504614665246166,9,2,3.614642540022349,3.614642540022349,FALSE,FALSE
comm_4739,10.496041329120136,3.0504614665246166,8,3,2.3513405750296776,2.351340575029677,FALSE,FALSE
comm_4740,8.945591827198575,3.0504614665246166,8,5,11.16867629632642,11.16867629632642,FALSE,FALSE
comm_4741,10.962253478514402,3.0504614665246166,9,4,2.8782035900521437,2.8782035900521445,FALSE,FALSE
comm_4742,10.955727921085993,3.0504614665246166,12,5,3.0371677786099824,3.0371677786099824,FALSE,FALSE
comm_4743,9.059748985809046,3.0504614665246166,10,5,5.810787436573748,5.810787436573747,FALSE,FALSE
comm_4744,11.390128557932725,3.0504614665246166,10,4,2.8241448207068407,2.8241448207068403,FALSE,FALSE
comm_4745,8.704456424881226,3.0504614665246166,11,3,4.950636611,4.950636611197161,FALSE,FALSE
comm_4746,10.243848101628116,3.0504614665246166,10,4,4.006120618,4.006120618,FALSE,FALSE
comm_4747,10.315031541276277,3.0504614665246166,10,4,4.390738315795184,4.390738315795184,FALSE,FALSE
comm_4748,10.811842787783878,3.0504614665246166,11,4,4.694489284083542,4.6944892840835415,FALSE,FALSE
comm_4749,8.144648152257233,3.0504614665246166,12,6,6.7723576964035646,6.7723576964035646,FALSE,FALSE
comm_4750,8.342755797306506,3.0504614665246166,9,3,4.368750052793681,4.368750052793681,FALSE,FALSE
comm_4751,9.437649353455257,3.0504614665246166,10,3,2.720181649,2.7201816490188704,FALSE,FALSE
comm_4752,10.151431578186152,3.0504614665246166,12,6,6.992231868289192,6.992231868289193,FALSE,FALSE
comm_4753,9.820879813557571,3.0504614665246166,11,7,7.668339598921154,7.668339598921156,FALSE,FALSE
comm_4754,10.18923495386254,3.0504614665246166,9,4,6.5403591386984035,6.5403591386984035,FALSE,FALSE
comm_4755,8.888185134518958,3.0504614665246166,9,2,3.029412757,3.0294127572903307,FALSE,FALSE
comm_4756,9.515652222533538,3.0504614665246166,10,4,5.934455174464442,5.934455174464444,FALSE,FALSE
comm_4757,10.48660146,3.0504614665246166,11,4,1.037535442929426,1.037535442929426,FALSE,FALSE
comm_4758,10.00469747394769,3.0504614665246166,9,5,4.288336214,4.288336213940491,FALSE,FALSE
comm_4759,11.511410602141208,3.0504614665246166,10,4,4.371250465659118,4.371250465659117,FALSE,FALSE
comm_4760,10.842651876426238,3.0504614665246166,11,5,5.127674655167809,5.127674655167809,FALSE,FALSE
comm_4761,9.88685939,3.0504614665246166,12,4,2.818769943960386,2.8187699439603855,FALSE,FALSE
comm_4762,11.198686079902672,3.0504614665246166,9,3,3.6723397481488234,3.672339748148824,FALSE,FALSE
comm_4763,9.256359497024404,3.0504614665246166,9,3,3.2286323869172704,3.228632387,FALSE,FALSE
comm_4764,10.680141223323824,3.0504614665246166,9,4,3.7280278451183655,3.728027845118365,FALSE,FALSE
comm_4765,10.028710182391288,3.0504614665246166,12,5,10.470756848029612,10.470756848029612,FALSE,FALSE
comm_4766,11.448497498755756,3.0504614665246166,11,4,2.3346362083655277,2.334636208365528,FALSE,FALSE
comm_4767,10.602725985027744,3.0504614665246166,9,3,2.110726778,2.1107267775683893,FALSE,FALSE
comm_4768,9.979712787514364,3.0504614665246166,12,4,3.9209267214355505,3.920926721435551,FALSE,FALSE
comm_4769,9.909890959088578,3.0504614665246166,9,5,2.94928337,2.9492833701172003,FALSE,FALSE
comm_4770,10.175647304093902,3.0504614665246166,12,6,6.883209660128088,6.883209660128088,FALSE,FALSE
comm_4771,10.042140702551988,3.0504614665246166,9,4,3.221455511302815,3.2214555113028145,FALSE,FALSE
comm_4772,9.959758217988758,3.0504614665246166,12,6,3.0258777974179303,3.025877797,FALSE,FALSE
comm_4773,10.194728630858034,3.0504614665246166,12,7,5.554653161,5.554653161106429,FALSE,FALSE
comm_4774,8.592729017473221,3.0504614665246166,11,5,11.065581514531695,11.065581514531695,FALSE,FALSE
comm_4775,8.047189185755098,3.0504614665246166,9,3,5.198257685,5.198257684812421,FALSE,FALSE
comm_4776,11.01445719402787,3.0504614665246166,9,4,5.197110119687561,5.1971101196875615,FALSE,FALSE
comm_4777,9.109782634,3.0504614665246166,12,5,8.051543072821078,8.051543072821076,FALSE,FALSE
comm_4778,8.969748958741018,3.0504614665246166,10,4,3.809824615443844,3.809824615443844,FALSE,FALSE
comm_4779,10.53857069155094,3.0504614665246166,12,4,4.073664307045957,4.073664307045957,FALSE,FALSE
comm_4780,12.360797763545571,3.0504614665246166,10,3,2.4920370373179273,2.4920370373179273,FALSE,FALSE
comm_4781,9.973652283,3.0504614665246166,10,2,3.3255566112111277,3.3255566112111277,FALSE,FALSE
comm_4782,10.088643319784492,3.0504614665246166,8,5,5.009266570505751,5.009266571,FALSE,FALSE
comm_4783,11.322626593966488,3.0504614665246166,8,2,0.8600233509296236,0.8600233509296235,FALSE,FALSE
comm_4784,11.278032177119782,3.0504614665246166,10,4,3.2722511267762737,3.272251126776274,FALSE,FALSE
comm_4785,11.068907117480263,3.0504614665246166,11,5,1.8233874818918543,1.8233874818918543,FALSE,FALSE
comm_4786,9.068661725552465,3.0504614665246166,10,4,3.886578525635627,3.886578525635629,FALSE,FALSE
comm_4787,9.492224918,3.0504614665246166,9,4,5.3986112629378065,5.3986112629378065,FALSE,FALSE
comm_4788,9.62315942,3.0504614665246166,12,4,3.931806065507344,3.931806065507344,FALSE,FALSE
comm_4789,10.700061228490409,3.0504614665246166,10,5,5.631380910123035,5.631380910123036,FALSE,FALSE
comm_4790,9.703562329574387,3.0504614665246166,8,5,8.770060981,8.770060981,FALSE,FALSE
comm_4791,11.251526544675444,3.0504614665246166,12,7,3.619353640665402,3.619353640665402,FALSE,FALSE
comm_4792,12.305831550813558,3.0504614665246166,12,7,5.573986915289426,5.573986915289425,FALSE,FALSE
comm_4793,9.564075459863671,3.0504614665246166,11,2,3.1494301630565227,3.1494301630565222,FALSE,FALSE
comm_4794,11.702600986905876,3.0504614665246166,10,2,2.204501725164494,2.204501725164494,FALSE,FALSE
comm_4795,9.148907131805888,3.0504614665246166,12,5,6.199608178198442,6.199608178198441,FALSE,FALSE
comm_4796,11.101054681445492,3.0504614665246166,11,5,1.722289279794088,1.722289279794088,FALSE,FALSE
comm_4797,9.870189453999227,3.0504614665246166,8,2,0.3986840807282689,0.3986840807282689,FALSE,FALSE
comm_4798,9.061173022824727,3.0504614665246166,11,6,5.352542903577983,5.352542903577983,FALSE,FALSE
comm_4799,9.781081167387718,3.0504614665246166,9,5,5.639995640821522,5.639995640821522,FALSE,FALSE
comm_4800,10.089121423029235,3.0504614665246166,11,4,4.895124697154504,4.895124697154503,FALSE,FALSE
comm_4801,9.291189272916167,3.0504614665246166,11,4,4.295757073116428,4.295757073116428,FALSE,FALSE
comm_4802,10.077750051139024,3.0504614665246166,8,4,4.014272975341753,4.014272975341753,FALSE,FALSE
comm_4803,10.32252146333036,3.0504614665246166,11,4,3.906327670880694,3.906327670880694,FALSE,FALSE
comm_4804,10.18669399814244,3.0504614665246166,10,3,1.5186224974343063,1.5186224974343063,FALSE,FALSE
comm_4805,9.684360392835725,3.0504614665246166,8,3,2.0213136785053054,2.0213136785053054,FALSE,FALSE
comm_4806,10.19138603028987,3.0504614665246166,12,6,3.651800281386912,3.651800281386912,FALSE,FALSE
comm_4807,10.948118591762247,3.0504614665246166,9,2,1.6860886766286374,1.6860886766286374,FALSE,FALSE
comm_4808,8.916203361,3.0504614665246166,11,5,4.922268881230053,4.922268881230053,FALSE,FALSE
comm_4809,9.140428773289088,3.0504614665246166,10,4,1.2211871992535066,1.2211871992535066,FALSE,FALSE
comm_4810,10.663854868845348,3.0504614665246166,8,1,1.425586091370211,1.425586091370211,FALSE,FALSE
comm_4811,10.878964114777668,3.0504614665246166,8,4,1.7573262464110202,1.757326246,FALSE,FALSE
comm_4812,11.64850801021157,3.0504614665246166,11,8,7.2324745541525886,7.232474554152588,FALSE,FALSE
comm_4813,9.896360974765404,3.0504614665246166,11,5,3.354042200364899,3.3540422003648995,FALSE,FALSE
comm_4814,10.10395967835379,3.0504614665246166,8,4,3.1298919477246057,3.1298919477246048,FALSE,FALSE
comm_4815,9.442111577223432,3.0504614665246166,10,6,5.801390520537377,5.801390520537377,FALSE,FALSE
comm_4816,10.015420341016368,3.0504614665246166,10,3,5.770759262433822,5.770759262433821,FALSE,FALSE
comm_4817,10.03373955,3.0504614665246166,10,2,4.520168753,4.520168753,FALSE,FALSE
comm_4818,9.576937865689333,3.0504614665246166,8,1,1.6186579475960583,1.6186579475960583,FALSE,FALSE
comm_4819,9.37525806,3.0504614665246166,12,8,4.344743099246431,4.344743099246432,FALSE,FALSE
comm_4820,10.10493309377249,3.0504614665246166,8,2,4.174704383119391,4.174704383119391,FALSE,FALSE
comm_4821,10.014302573777176,3.0504614665246166,10,6,5.446363787660235,5.446363787660236,FALSE,FALSE
comm_4822,12.936441182186847,3.0504614665246166,8,3,2.665602071,2.6656020707701606,FALSE,FALSE
comm_4823,10.384289081537297,3.0504614665246166,12,6,4.409669934859395,4.409669934859395,FALSE,FALSE
comm_4824,11.74084861946274,3.0504614665246166,8,3,3.6568313714929186,3.6568313714929186,FALSE,FALSE
comm_4825,8.420320800003925,3.0504614665246166,10,4,4.319841845680352,4.319841845680353,FALSE,FALSE
comm_4826,10.810683911700943,3.0504614665246166,10,4,3.2113162590911863,3.2113162590911863,FALSE,FALSE
comm_4827,9.633365676067331,3.0504614665246166,12,4,5.36971841,5.369718409565771,FALSE,FALSE
comm_4828,9.356397554,3.0504614665246166,9,3,3.3898100556643076,3.389810055664308,FALSE,FALSE
comm_4829,10.381953564956758,3.0504614665246166,8,4,5.068668561759443,5.068668561759441,FALSE,FALSE
comm_4830,9.073193806471345,3.0504614665246166,8,3,4.071797618,4.071797618,FALSE,FALSE
comm_4831,11.150209906463326,3.0504614665246166,9,5,4.848747105766062,4.848747105766063,FALSE,FALSE
comm_4832,9.037540582383434,3.0504614665246166,12,6,4.698517162480583,4.698517162480582,FALSE,FALSE
comm_4833,10.52776317098555,3.0504614665246166,11,3,1.7385080735605576,1.7385080735605585,FALSE,FALSE
comm_4834,7.994238391878884,3.0504614665246166,11,4,6.825920002901216,6.825920002901215,FALSE,FALSE
comm_4835,11.188020464373864,3.0504614665246166,9,3,3.952283752367916,3.952283752367917,FALSE,FALSE
comm_4836,8.976463979530447,3.0504614665246166,12,3,2.355300345997537,2.355300345997537,FALSE,FALSE
comm_4837,10.157488882818448,3.0504614665246166,11,4,4.598409282356052,4.5984092823560525,FALSE,FALSE
comm_4838,10.773828339010985,3.0504614665246166,9,3,4.6404158111883556,4.640415811188355,FALSE,FALSE
comm_4839,10.13828999932266,3.0504614665246166,8,4,2.4200425015898124,2.4200425015898124,FALSE,FALSE
comm_4840,11.007529526589671,3.0504614665246166,10,5,9.39343926,9.39343926,FALSE,FALSE
comm_4841,9.827237526,3.0504614665246166,10,4,4.545471106,4.545471106,FALSE,FALSE
comm_4842,9.366945802560387,3.0504614665246166,9,4,6.782057946965453,6.782057946965452,FALSE,FALSE
comm_4843,9.600440227597945,3.0504614665246166,12,5,3.4572146609182024,3.4572146609182015,FALSE,FALSE
comm_4844,11.662357403768556,3.0504614665246166,12,5,3.2027938553192947,3.202793855319295,FALSE,FALSE
comm_4845,11.473811945250173,3.0504614665246166,10,5,6.866716139308526,6.866716139308528,FALSE,FALSE
comm_4846,11.12376734425784,3.0504614665246166,10,5,6.089615370125292,6.089615370125293,FALSE,FALSE
comm_4847,11.552186385949875,3.0504614665246166,10,4,5.060561330932279,5.060561330932279,FALSE,FALSE
comm_4848,11.143293683627768,3.0504614665246166,8,2,4.880598630705146,4.880598630705146,FALSE,FALSE
comm_4849,8.810472721,3.0504614665246166,11,4,5.133228271530205,5.133228271530205,FALSE,FALSE
comm_4850,10.034931144257252,3.0504614665246166,10,2,4.872713383192946,4.872713383192946,FALSE,FALSE
comm_4851,11.048029789350352,3.0504614665246166,12,3,4.007687558978335,4.007687558978335,FALSE,FALSE
comm_4852,9.856181951764604,3.0504614665246166,11,4,3.3913061636397615,3.391306163639761,FALSE,FALSE
comm_4853,8.466368656657997,3.0504614665246166,12,3,5.9568578122143006,5.956857812214302,FALSE,FALSE
comm_4854,9.825403102291569,3.0504614665246166,8,4,6.873566158741669,6.873566158741668,FALSE,FALSE
comm_4855,9.942924733262767,3.0504614665246166,11,4,2.2531729045854916,2.253172904585491,FALSE,FALSE
comm_4856,9.951090416062442,3.0504614665246166,10,4,1.2718465994780657,1.2718465994780654,FALSE,FALSE
comm_4857,8.938961221041685,3.0504614665246166,8,1,0.6233754747640509,0.6233754747640509,FALSE,FALSE
comm_4858,9.050779959049956,3.0504614665246166,9,2,2.888031583992679,2.888031583992679,FALSE,FALSE
comm_4859,11.982423315831404,3.0504614665246166,9,6,4.286443926,4.286443926,FALSE,FALSE
comm_4860,9.305027304196106,3.0504614665246166,11,2,4.531991764625767,4.531991764625768,FALSE,FALSE
comm_4861,11.320439337224458,3.0504614665246166,11,4,4.296961738600767,4.296961738600768,FALSE,FALSE
comm_4862,11.191255859160618,3.0504614665246166,8,2,2.0104151007939435,2.0104151007939435,FALSE,FALSE
comm_4863,11.693177330349934,3.0504614665246166,10,5,4.861346333884546,4.861346333884548,FALSE,FALSE
comm_4864,8.728709525390043,3.0504614665246166,10,6,8.052667815750272,8.052667815750272,FALSE,FALSE
comm_4865,9.372813339046012,3.0504614665246166,8,3,4.091320938012212,4.091320938012212,FALSE,FALSE
comm_4866,9.002662532128078,3.0504614665246166,8,2,3.617737352657703,3.617737352657704,FALSE,FALSE
comm_4867,10.59039445768239,3.0504614665246166,9,3,4.620525247239382,4.620525247239382,FALSE,FALSE
comm_4868,9.654011985,3.0504614665246166,10,3,3.1852301452235534,3.1852301452235534,FALSE,FALSE
comm_4869,9.950136556955757,3.0504614665246166,9,7,4.811669067,4.811669066877521,FALSE,FALSE
comm_4870,11.154472628040237,3.0504614665246166,10,5,6.405214716728458,6.405214716728459,FALSE,FALSE
comm_4871,11.137541218875189,3.0504614665246166,8,4,2.8168334253867013,2.816833425386702,FALSE,FALSE
comm_4872,10.671873777478105,3.0504614665246166,8,3,2.535702780709345,2.5357027807093444,FALSE,FALSE
comm_4873,9.016235829134878,3.0504614665246166,11,5,3.8217019036107023,3.8217019036107023,FALSE,FALSE
comm_4874,9.812112261791484,3.0504614665246166,8,3,6.578778718846903,6.578778718846904,FALSE,FALSE
comm_4875,11.137173124077233,3.0504614665246166,10,2,3.825496994725156,3.825496994725156,FALSE,FALSE
comm_4876,10.748619163443465,3.0504614665246166,12,6,3.4420281663719132,3.442028166371913,FALSE,FALSE
comm_4877,10.666639080041286,3.0504614665246166,9,2,1.7577473985353906,1.7577473985353906,FALSE,FALSE
comm_4878,8.675804083530151,3.0504614665246166,9,6,6.348800831154039,6.348800831154036,FALSE,FALSE
comm_4879,10.171091282816237,3.0504614665246166,9,5,6.664399455,6.664399454658682,FALSE,FALSE
comm_4880,10.05489722126974,3.0504614665246166,10,5,7.013566448811223,7.013566448811224,FALSE,FALSE
comm_4881,9.517851529230647,3.0504614665246166,11,4,3.612018465726468,3.612018465726467,FALSE,FALSE
comm_4882,9.509992073965662,3.0504614665246166,11,6,6.9836070765348985,6.983607077,FALSE,FALSE
comm_4883,8.995011990138625,3.0504614665246166,12,5,3.1015734358000175,3.1015734358000175,FALSE,FALSE
comm_4884,9.618489522414244,3.0504614665246166,8,4,2.1251594122211035,2.125159412221104,FALSE,FALSE
comm_4885,11.244314209687603,3.0504614665246166,12,4,1.2450153622307285,1.2450153622307285,FALSE,FALSE
comm_4886,10.06464647,3.0504614665246166,9,4,5.078167428334778,5.078167428334778,FALSE,FALSE
comm_4887,10.327595966179029,3.0504614665246166,8,1,0.98922334,0.9892233402583472,FALSE,FALSE
comm_4888,10.91795175998725,3.0504614665246166,10,4,2.4443353183310284,2.444335318331029,FALSE,FALSE
comm_4889,8.682299179,3.0504614665246166,12,3,5.137647878442478,5.137647878442476,FALSE,FALSE
comm_4890,10.707015990475009,3.0504614665246166,11,1,0.6853440077295591,0.6853440077295591,FALSE,FALSE
comm_4891,9.470703155809796,3.0504614665246166,11,6,11.930242223612982,11.93024222361298,FALSE,FALSE
comm_4892,11.05846789467284,3.0504614665246166,11,6,6.690832942684427,6.690832942684428,FALSE,FALSE
comm_4893,9.109030082331143,3.0504614665246166,12,3,4.116582486,4.116582486,FALSE,FALSE
comm_4894,10.294405445437306,3.0504614665246166,12,5,6.029160940280216,6.029160940280216,FALSE,FALSE
comm_4895,10.329311469687088,3.0504614665246166,8,2,1.3859258553230578,1.3859258553230578,FALSE,FALSE
comm_4896,10.389252827102196,3.0504614665246166,10,3,1.6109819596776636,1.6109819596776631,FALSE,FALSE
comm_4897,12.01269134,3.0504614665246166,9,4,2.089733386616789,2.0897333866167886,FALSE,FALSE
comm_4898,10.35454432191016,3.0504614665246166,9,5,7.577721410418814,7.577721410418814,FALSE,FALSE
comm_4899,12.139783414182965,3.0504614665246166,9,3,1.9376107493492625,1.9376107493492625,FALSE,FALSE
comm_4900,9.602979920807265,3.0504614665246166,11,2,1.071778533017375,1.071778533017375,FALSE,FALSE
comm_4901,9.727355478446452,3.0504614665246166,10,2,1.9043533459238084,1.904353345923808,FALSE,FALSE
comm_4902,10.485266878314814,3.0504614665246166,10,5,4.946146212114164,4.946146212114163,FALSE,FALSE
comm_4903,10.010588717113652,3.0504614665246166,9,3,1.8396851427038552,1.8396851427038552,FALSE,FALSE
comm_4904,10.61551781652077,3.0504614665246166,8,6,9.832473558693174,9.832473558693172,FALSE,FALSE
comm_4905,8.618851464179867,3.0504614665246166,11,5,10.670873320761917,10.670873320761917,FALSE,FALSE
comm_4906,8.974733648235734,3.0504614665246166,11,5,5.218014044381986,5.218014044381986,FALSE,FALSE
comm_4907,10.60007010277188,3.0504614665246166,8,5,7.596512430454403,7.596512430454403,FALSE,FALSE
comm_4908,10.54096877216338,3.0504614665246166,9,4,4.9583949762424275,4.9583949762424275,FALSE,FALSE
comm_4909,9.115745653655214,3.0504614665246166,10,2,3.395283970084857,3.395283970084857,FALSE,FALSE
comm_4910,9.545151775089744,3.0504614665246166,11,4,3.4057350796954218,3.405735079695421,FALSE,FALSE
comm_4911,9.670523051176168,3.0504614665246166,9,6,14.052672812568176,14.052672812568176,FALSE,FALSE
comm_4912,8.658418259499232,3.0504614665246166,12,4,4.796308484,4.7963084842437205,FALSE,FALSE
comm_4913,10.22575578000074,3.0504614665246166,9,2,2.516636100767222,2.516636100767222,FALSE,FALSE
comm_4914,10.25724095,3.0504614665246166,9,4,3.1178546945035768,3.117854694503576,FALSE,FALSE
comm_4915,11.834645233799217,3.0504614665246166,8,4,3.4041791824636967,3.404179182463696,FALSE,FALSE
comm_4916,8.786604172685669,3.0504614665246166,10,5,4.002629880776963,4.002629880776963,FALSE,FALSE
comm_4917,11.200127090062075,3.0504614665246166,8,2,2.6401881035255563,2.6401881035255563,FALSE,FALSE
comm_4918,12.545902545209252,3.0504614665246166,11,4,3.825822875626599,3.825822875626599,FALSE,FALSE
comm_4919,10.518642631244973,3.0504614665246166,8,3,3.1804704089741795,3.1804704089741804,FALSE,FALSE
comm_4920,9.490637663699038,3.0504614665246166,8,2,1.938319705523074,1.938319705523074,FALSE,FALSE
comm_4921,11.218306416888083,3.0504614665246166,12,6,3.9807106898910383,3.9807106898910383,FALSE,FALSE
comm_4922,12.964960466440138,3.0504614665246166,9,5,2.6329561292036954,2.632956129203695,FALSE,FALSE
comm_4923,8.986764634533905,3.0504614665246166,8,4,4.720221215,4.720221215,FALSE,FALSE
comm_4924,10.738966056859214,3.0504614665246166,10,4,3.1816279849226072,3.1816279849226072,FALSE,FALSE
comm_4925,9.757091084812416,3.0504614665246166,9,2,3.062435266062982,3.062435266062982,FALSE,FALSE
comm_4926,12.14140127581408,3.0504614665246166,8,4,5.355743018617251,5.355743018617251,FALSE,FALSE
comm_4927,10.952240049996504,3.0504614665246166,10,2,2.3614366719951576,2.361436671995158,FALSE,FALSE
comm_4928,10.13976214348857,3.0504614665246166,12,6,5.341946559392879,5.341946559392879,FALSE,FALSE
comm_4929,11.012373426262728,3.0504614665246166,9,3,5.024696390283948,5.024696390283948,FALSE,FALSE
comm_4930,10.24698187249525,3.0504614665246166,11,5,5.684647317046154,5.684647317046153,FALSE,FALSE
comm_4931,12.877544894500367,3.0504614665246166,8,4,3.325970299245112,3.325970299245113,FALSE,FALSE
comm_4932,9.819024562286408,3.0504614665246166,8,3,2.002128303202718,2.002128303202718,FALSE,FALSE
comm_4933,13.908026453260833,3.0504614665246166,10,5,3.845028188771721,3.845028188771721,FALSE,FALSE
comm_4934,8.295719331931798,3.0504614665246166,11,4,6.710866280289723,6.710866280289723,FALSE,FALSE
comm_4935,11.75227468122948,3.0504614665246166,8,2,4.240628521,4.240628521132769,FALSE,FALSE
comm_4936,9.106036104288998,3.0504614665246166,11,5,6.332729816111609,6.332729816111609,FALSE,FALSE
comm_4937,10.989823537869905,3.0504614665246166,8,3,4.261336143,4.261336143,FALSE,FALSE
comm_4938,10.429174288321272,3.0504614665246166,8,5,5.858623404337436,5.858623404337437,FALSE,FALSE
comm_4939,10.807354294661076,3.0504614665246166,8,3,2.5368178689230496,2.536817869,FALSE,FALSE
comm_4940,10.456288321493185,3.0504614665246166,9,4,4.372299489278825,4.372299489278825,FALSE,FALSE
comm_4941,8.976269409355423,3.0504614665246166,11,4,2.707735937141946,2.7077359371419454,FALSE,FALSE
comm_4942,9.559083331816831,3.0504614665246166,12,4,3.4738714220086866,3.4738714220086875,FALSE,FALSE
comm_4943,11.762688671915884,3.0504614665246166,12,3,2.796231438066971,2.796231438066971,FALSE,FALSE
comm_4944,9.978560265651756,3.0504614665246166,11,7,5.681244667,5.681244667,FALSE,FALSE
comm_4945,10.334078860964931,3.0504614665246166,12,5,2.667994180540502,2.667994180540502,FALSE,FALSE
comm_4946,9.769877617344196,3.0504614665246166,11,3,4.478086158836187,4.478086158836186,FALSE,FALSE
comm_4947,10.405235991588937,3.0504614665246166,11,5,2.756128565250974,2.756128565250974,FALSE,FALSE
comm_4948,11.007906639608604,3.0504614665246166,8,2,1.8806038921948207,1.880603892194821,FALSE,FALSE
comm_4949,11.057068381174377,3.0504614665246166,9,3,4.615723519247104,4.615723519247104,FALSE,FALSE
comm_4950,9.409106908,3.0504614665246166,11,5,4.969212255018196,4.969212255018194,FALSE,FALSE
comm_4951,9.217628117367822,3.0504614665246166,11,4,5.462505861369482,5.462505861,FALSE,FALSE
comm_4952,11.33890823722336,3.0504614665246166,10,3,4.570290929724411,4.57029093,FALSE,FALSE
comm_4953,9.381176978668671,3.0504614665246166,10,3,3.5390830306478964,3.539083030647897,FALSE,FALSE
comm_4954,8.562004872167577,3.0504614665246166,8,3,2.387325813350517,2.387325813350517,FALSE,FALSE
comm_4955,8.961579546948983,3.0504614665246166,9,4,6.356106471647671,6.3561064716476725,FALSE,FALSE
comm_4956,11.348911749201994,3.0504614665246166,12,3,1.1945958674012114,1.1945958674012112,FALSE,FALSE
comm_4957,10.837659753166548,3.0504614665246166,10,4,4.2379609571725885,4.237960957172589,FALSE,FALSE
comm_4958,8.636808164075152,3.0504614665246166,11,5,4.613657765342209,4.613657765342207,FALSE,FALSE
comm_4959,10.113905969977369,3.0504614665246166,10,2,4.866982916217377,4.866982916217376,FALSE,FALSE
comm_4960,10.150922593888511,3.0504614665246166,9,5,5.646773235313046,5.646773235313047,FALSE,FALSE
comm_4961,8.491876703,3.0504614665246166,12,4,8.246166977768876,8.246166977768876,FALSE,FALSE
comm_4962,10.623414520609929,3.0504614665246166,8,1,1.0569192131516505,1.0569192131516505,FALSE,FALSE
comm_4963,10.49544136872518,3.0504614665246166,10,5,3.383138765,3.383138765,FALSE,FALSE
comm_4964,9.401901256,3.0504614665246166,10,6,8.180131109284236,8.180131109284236,FALSE,FALSE
comm_4965,11.0989346,3.0504614665246166,10,3,3.330335645139403,3.3303356451394026,FALSE,FALSE
comm_4966,11.788902105690513,3.0504614665246166,9,2,2.266760085940828,2.266760085940828,FALSE,FALSE
comm_4967,9.909551032624966,3.0504614665246166,9,5,7.032711863591041,7.0327118635910395,FALSE,FALSE
comm_4968,12.067848370994268,3.0504614665246166,8,2,2.4743476728278053,2.4743476728278058,FALSE,FALSE
comm_4969,11.352534019795645,3.0504614665246166,11,1,0.9118903398180312,0.9118903398180314,FALSE,FALSE
comm_4970,11.195523823161874,3.0504614665246166,11,5,4.521440424691718,4.521440424691718,FALSE,FALSE
comm_4971,7.914188067058932,3.0504614665246166,12,4,8.936362069523273,8.936362069523272,FALSE,FALSE
comm_4972,10.215947033029549,3.0504614665246166,12,5,4.342112662683683,4.342112662683683,FALSE,FALSE
comm_4973,10.767177326337269,3.0504614665246166,8,3,1.7782637862705517,1.778263786270552,FALSE,FALSE
comm_4974,9.898015719,3.0504614665246166,8,3,2.6116676816761357,2.611667681676136,FALSE,FALSE
comm_4975,10.162940159399088,3.0504614665246166,11,3,3.2980958051219487,3.298095805121949,FALSE,FALSE
comm_4976,9.295260174,3.0504614665246166,10,6,12.673317268501751,12.673317268501757,FALSE,FALSE
comm_4977,9.65070336,3.0504614665246166,12,6,8.473537224829702,8.473537224829702,FALSE,FALSE
comm_4978,11.23781054169448,3.0504614665246166,12,4,3.3991594751159258,3.3991594751159253,FALSE,FALSE
comm_4979,10.421885253692878,3.0504614665246166,9,5,3.8156473448145425,3.8156473448145416,FALSE,FALSE
comm_4980,11.704389816577123,3.0504614665246166,8,4,2.3905053039841535,2.390505303984154,FALSE,FALSE
comm_4981,9.509425370658391,3.0504614665246166,11,4,2.491308308796552,2.4913083087965524,FALSE,FALSE
comm_4982,11.552876013002182,3.0504614665246166,9,5,5.924383185556701,5.924383185556702,FALSE,FALSE
comm_4983,9.666074054751189,3.0504614665246166,10,2,0.8388150322688711,0.838815032,FALSE,FALSE
comm_4984,11.637899339449964,3.0504614665246166,8,3,2.6725486675265984,2.6725486675265984,FALSE,FALSE
comm_4985,9.512813575252745,3.0504614665246166,12,7,4.389208555842365,4.389208555842366,FALSE,FALSE
comm_4986,13.63082907847862,3.0504614665246166,12,4,2.880633620343751,2.8806336203437506,FALSE,FALSE
comm_4987,10.40507753733426,3.0504614665246166,9,3,3.409146396449035,3.4091463964490347,FALSE,FALSE
comm_4988,10.167049039615376,3.0504614665246166,11,5,7.1226922195551365,7.122692219555137,FALSE,FALSE
comm_4989,8.592701743109876,3.0504614665246166,11,6,6.967007459643945,6.967007459643945,FALSE,FALSE
comm_4990,8.784145490316188,3.0504614665246166,10,3,2.961428567414591,2.9614285674145906,FALSE,FALSE
comm_4991,12.076916312483483,3.0504614665246166,8,5,4.347721030984091,4.347721031,FALSE,FALSE
comm_4992,8.58874062,3.0504614665246166,8,4,6.882937837869423,6.882937837869424,FALSE,FALSE
comm_4993,10.68370985600261,3.0504614665246166,11,5,4.818419354936443,4.818419354936443,FALSE,FALSE
comm_4994,11.259557179200677,3.0504614665246166,10,6,6.3538886115868545,6.353888611586854,FALSE,FALSE
comm_4995,10.340955272032712,3.0504614665246166,10,4,4.952385045822528,4.952385045822528,FALSE,FALSE
comm_4996,11.263596311112444,3.0504614665246166,12,4,3.5700230724732784,3.570023072473279,FALSE,FALSE
comm_4997,9.379883743,3.0504614665246166,8,1,2.0738962909660734,2.0738962909660734,FALSE,FALSE
comm_4998,12.678961870271904,3.0504614665246166,10,2,1.605122206829411,1.6051222068294118,FALSE,FALSE
comm_4999,9.472449481656964,3.0504614665246166,10,5,4.658394461122567,4.658394461122567,FALSE,FALSE
comm_5000,9.045602539,3.0504614665246166,10,6,8.024979920257456,8.024979920257454,FALSE,FALSE
comm_5001,9.285274452776893,3.0504614665246166,12,5,7.005412173373473,7.005412173373472,FALSE,FALSE
comm_5002,10.73795442666534,3.0504614665246166,9,6,4.523040298765681,4.523040299,FALSE,FALSE
comm_5003,10.68529910746383,3.0504614665246166,8,2,0.8579867318836938,0.8579867318836937,FALSE,FALSE
comm_5004,10.392749326609112,3.0504614665246166,9,4,3.804942390023673,3.804942390023673,FALSE,FALSE
comm_5005,10.410588538838894,3.0504614665246166,11,4,8.607922717501715,8.607922717501719,FALSE,FALSE
comm_5006,10.459672854060738,3.0504614665246166,11,3,2.957114630217716,2.9571146302177156,FALSE,FALSE
comm_5007,10.062253202191943,3.0504614665246166,8,1,3.7398701365432943,3.739870136543294,FALSE,FALSE
comm_5008,10.779534447066528,3.0504614665246166,9,4,4.741815350035856,4.741815350035855,FALSE,FALSE
comm_5009,10.82307707188154,3.0504614665246166,11,5,2.4594018211174244,2.4594018211174244,FALSE,FALSE
comm_5010,9.381224771167773,3.0504614665246166,11,5,3.6004385956599925,3.600438595659991,FALSE,FALSE
comm_5011,9.341284532202836,3.0504614665246166,8,5,4.082894059,4.082894059,FALSE,FALSE
comm_5012,9.64074926,3.0504614665246166,8,3,3.435534317590724,3.435534317590724,FALSE,FALSE
comm_5013,10.68908093412286,3.0504614665246166,9,3,1.8048506571266207,1.8048506571266203,FALSE,FALSE
comm_5014,9.444888979739613,3.0504614665246166,11,3,0.5737364694016569,0.573736469,FALSE,FALSE
comm_5015,12.145273164187612,3.0504614665246166,8,2,1.0353337558268527,1.0353337558268527,FALSE,FALSE
comm_5016,12.03723742672875,3.0504614665246166,10,4,3.2882210423238374,3.2882210423238374,FALSE,FALSE
comm_5017,9.376855335318249,3.0504614665246166,9,5,6.075594746053819,6.075594746053818,FALSE,FALSE
comm_5018,10.039160917951794,3.0504614665246166,11,5,6.423450837645611,6.4234508376456105,FALSE,FALSE
comm_5019,9.922768023820048,3.0504614665246166,12,4,3.1631584336108647,3.1631584336108647,FALSE,FALSE
comm_5020,9.218172476549189,3.0504614665246166,12,5,6.5213982161093735,6.5213982161093735,FALSE,FALSE
comm_5021,11.160441186813449,3.0504614665246166,10,3,4.331255859893615,4.3312558598936155,FALSE,FALSE
comm_5022,12.321479135248437,3.0504614665246166,11,5,3.374109812676606,3.3741098126766063,FALSE,FALSE
comm_5023,10.303518482526412,3.0504614665246166,8,4,3.994116707536392,3.9941167075363926,FALSE,FALSE
comm_5024,10.147264299840137,3.0504614665246166,9,3,4.205693694795161,4.205693694795162,FALSE,FALSE
comm_5025,10.443199352567436,3.0504614665246166,12,7,9.627134605807935,9.627134605807932,FALSE,FALSE
comm_5026,11.99296660253347,3.0504614665246166,8,3,3.4436638256170697,3.4436638256170697,FALSE,FALSE
comm_5027,10.316528078599893,3.0504614665246166,8,4,3.187548193,3.1875481925572005,FALSE,FALSE
comm_5028,10.63986124840231,3.0504614665246166,12,5,3.725161873808421,3.725161873808422,FALSE,FALSE
comm_5029,11.541982826424192,3.0504614665246166,12,3,1.5797278395408356,1.579727839540836,FALSE,FALSE
comm_5030,11.30963775754524,3.0504614665246166,12,6,7.241159517393166,7.241159517393166,FALSE,FALSE
comm_5031,8.939430284,3.0504614665246166,11,7,9.684455234,9.684455234,FALSE,FALSE
comm_5032,10.27935854227142,3.0504614665246166,12,4,4.388206160862269,4.3882061608622696,FALSE,FALSE
comm_5033,12.252741276286237,3.0504614665246166,8,1,1.3686578628135877,1.368657862813588,FALSE,FALSE
comm_5034,10.129584346726505,3.0504614665246166,12,4,3.9451176401149466,3.9451176401149466,FALSE,FALSE
comm_5035,9.573546448,3.0504614665246166,10,3,2.805242706,2.805242706,FALSE,FALSE
comm_5036,9.375353261754409,3.0504614665246166,11,3,3.0909774618413843,3.0909774618413848,FALSE,FALSE
comm_5037,9.598568464274248,3.0504614665246166,12,6,6.634030129841686,6.634030129841686,FALSE,FALSE
comm_5038,9.183768355355822,3.0504614665246166,12,6,9.179551072055176,9.179551072055178,FALSE,FALSE
comm_5039,9.484736578,3.0504614665246166,12,5,4.680956924333703,4.680956924333703,FALSE,FALSE
comm_5040,10.683366271286468,3.0504614665246166,9,3,2.474432790430718,2.4744327904307175,FALSE,FALSE
comm_5041,9.637247272687429,3.0504614665246166,8,2,1.7221301399867408,1.7221301399867406,FALSE,FALSE
comm_5042,10.742001964230395,3.0504614665246166,8,4,4.643958636,4.643958636,FALSE,FALSE
comm_5043,9.744266075,3.0504614665246166,12,6,6.316480853908738,6.316480853908739,FALSE,FALSE
comm_5044,10.398251043029871,3.0504614665246166,10,4,4.248766456618533,4.248766456618533,FALSE,FALSE
comm_5045,10.300868957273712,3.0504614665246166,11,4,2.758395836340938,2.7583958363409384,FALSE,FALSE
comm_5046,9.807913495,3.0504614665246166,8,4,4.654994752471667,4.6549947524716675,FALSE,FALSE
comm_5047,9.501489728610256,3.0504614665246166,9,5,5.117224583361423,5.117224583361423,FALSE,FALSE
comm_5048,9.163655885,3.0504614665246166,12,5,3.6983978422539536,3.698397842253954,FALSE,FALSE
comm_5049,12.23024840080331,3.0504614665246166,8,3,2.823483508980799,2.823483508980799,FALSE,FALSE
comm_5050,11.19233038688205,3.0504614665246166,9,3,1.7091567348813137,1.7091567348813137,FALSE,FALSE
comm_5051,8.809091436603294,3.0504614665246166,11,3,2.6064445859250025,2.6064445859250025,FALSE,FALSE
comm_5052,9.293758753666957,3.0504614665246166,10,5,6.918740949265803,6.918740949265803,FALSE,FALSE
comm_5053,9.237456048392922,3.0504614665246166,11,3,3.210886016128313,3.2108860161283124,FALSE,FALSE
comm_5054,10.134405127149908,3.0504614665246166,11,4,1.5653244378162203,1.565324438,FALSE,FALSE
comm_5055,11.612651817412608,3.0504614665246166,8,3,0.9946780009175508,0.9946780009175504,FALSE,FALSE
comm_5056,10.54400921627636,3.0504614665246166,9,1,0.4905415395615541,0.4905415395615541,FALSE,FALSE
comm_5057,10.520724171298848,3.0504614665246166,9,4,3.138314060938958,3.138314060938958,FALSE,FALSE
comm_5058,10.025314512706656,3.0504614665246166,8,4,3.9927254101281098,3.9927254101281098,FALSE,FALSE
comm_5059,11.187087463478012,3.0504614665246166,12,6,6.817565190969765,6.8175651909697645,FALSE,FALSE
comm_5060,10.284882254459085,3.0504614665246166,10,2,3.4607498507202257,3.4607498507202252,FALSE,FALSE
comm_5061,10.197171967008916,3.0504614665246166,12,4,2.6692066958971403,2.669206696,FALSE,FALSE
comm_5062,9.126385265262574,3.0504614665246166,9,3,4.407924104980791,4.407924104980791,FALSE,FALSE
comm_5063,9.108391792,3.0504614665246166,12,6,6.331495090401936,6.331495090401935,FALSE,FALSE
comm_5064,10.720881598359131,3.0504614665246166,11,6,4.333352662516727,4.333352662516727,FALSE,FALSE
comm_5065,8.874333043906603,3.0504614665246166,11,5,3.934444925940104,3.934444925940104,FALSE,FALSE
comm_5066,11.070328117226692,3.0504614665246166,11,6,3.0580597845783646,3.058059784578365,FALSE,FALSE
comm_5067,9.631680475938442,3.0504614665246166,12,4,3.460919612710203,3.460919612710203,FALSE,FALSE
comm_5068,9.976498105524588,3.0504614665246166,12,7,4.130878943,4.130878943133291,FALSE,FALSE
comm_5069,11.627894380307444,3.0504614665246166,9,3,2.617201274,2.6172012742820305,FALSE,FALSE
comm_5070,10.574520983025138,3.0504614665246166,8,4,4.587343615094379,4.587343615,FALSE,FALSE
comm_5071,9.862864198,3.0504614665246166,11,5,3.6914446596305814,3.6914446596305814,FALSE,FALSE
comm_5072,10.688662844519463,3.0504614665246166,10,3,3.9591165388576703,3.9591165388576703,FALSE,FALSE
comm_5073,9.268820987,3.0504614665246166,12,7,16.609351341074593,16.60935134107459,FALSE,FALSE
comm_5074,9.010478739195428,3.0504614665246166,12,5,9.147353535484482,9.147353535484482,FALSE,FALSE
comm_5075,10.228216206691194,3.0504614665246166,9,4,4.658762077697732,4.658762077697732,FALSE,FALSE
comm_5076,11.036451093563342,3.0504614665246166,8,3,3.774482599936106,3.774482599936106,FALSE,FALSE
comm_5077,9.494262197403742,3.0504614665246166,11,3,2.682045180308451,2.6820451803084504,FALSE,FALSE
comm_5078,9.818319278,3.0504614665246166,10,3,2.4726942390499964,2.4726942390499964,FALSE,FALSE
comm_5079,11.307671798537948,3.0504614665246166,11,2,3.7471727665807824,3.747172766580783,FALSE,FALSE
comm_5080,9.905636775075106,3.0504614665246166,11,5,5.118282011113703,5.1182820111137035,FALSE,FALSE
comm_5081,9.647355494700816,3.0504614665246166,12,4,6.902057140164389,6.902057140164387,FALSE,FALSE
comm_5082,11.12147829987262,3.0504614665246166,12,3,2.7529125863776143,2.7529125863776147,FALSE,FALSE
comm_5083,10.848523377365948,3.0504614665246166,11,4,3.1177109952846913,3.1177109952846913,FALSE,FALSE
comm_5084,8.752483393,3.0504614665246166,11,4,3.349163808657366,3.3491638086573667,FALSE,FALSE
comm_5085,10.131648378595791,3.0504614665246166,11,5,5.666495237093151,5.666495237,FALSE,FALSE
comm_5086,11.272395988817706,3.0504614665246166,12,3,1.4386167016986915,1.438616701698692,FALSE,FALSE
comm_5087,9.563648471955544,3.0504614665246166,11,8,6.568877636575971,6.568877637,FALSE,FALSE
comm_5088,8.655212244427712,3.0504614665246166,10,3,7.103655809061396,7.103655809061397,FALSE,FALSE
comm_5089,10.63803160012072,3.0504614665246166,10,5,6.455920513247893,6.455920513247893,FALSE,FALSE
comm_5090,9.163810752780376,3.0504614665246166,10,6,7.824911125607251,7.824911125607252,FALSE,FALSE
comm_5091,9.977742275616016,3.0504614665246166,10,3,3.489547663593013,3.4895476635930134,FALSE,FALSE
comm_5092,10.336704303002955,3.0504614665246166,12,4,4.486653013285768,4.4866530132857685,FALSE,FALSE
comm_5093,8.757596239784235,3.0504614665246166,8,5,8.005250833535982,8.005250833535982,FALSE,FALSE
comm_5094,9.641018407331153,3.0504614665246166,12,4,6.557531841062822,6.557531841062823,FALSE,FALSE
comm_5095,10.218821456885305,3.0504614665246166,11,4,2.6971440704866474,2.697144070486648,FALSE,FALSE
comm_5096,12.30285582719866,3.0504614665246166,8,4,3.096146156717844,3.096146156717844,FALSE,FALSE
comm_5097,8.734258332137939,3.0504614665246166,11,5,7.000263743582297,7.000263743582298,FALSE,FALSE
comm_5098,9.681666642,3.0504614665246166,11,5,6.297583982,6.297583982,FALSE,FALSE
comm_5099,10.934536635462694,3.0504614665246166,9,4,5.305195433133983,5.305195433133983,FALSE,FALSE
comm_5100,10.009168204827509,3.0504614665246166,12,5,3.9755582521201194,3.9755582521201194,FALSE,FALSE
comm_5101,9.255988416642566,3.0504614665246166,9,5,10.485367181991544,10.485367181991547,FALSE,FALSE
comm_5102,10.078476643347305,3.0504614665246166,10,5,5.752549590127727,5.752549590127728,FALSE,FALSE
comm_5103,10.317649833499832,3.0504614665246166,12,6,3.181289221764736,3.181289221764735,FALSE,FALSE
comm_5104,10.079206358765164,3.0504614665246166,10,4,4.866656559,4.866656559,FALSE,FALSE
comm_5105,10.391446772280569,3.0504614665246166,9,3,4.155040934987898,4.155040935,FALSE,FALSE
comm_5106,9.879234962,3.0504614665246166,11,4,1.1037755734629202,1.103775573,FALSE,FALSE
comm_5107,9.695735419996833,3.0504614665246166,12,5,3.580576996998443,3.580576996998443,FALSE,FALSE
comm_5108,12.25984149135378,3.0504614665246166,11,5,3.593212407,3.5932124074209906,FALSE,FALSE
comm_5109,8.328972155297164,3.0504614665246166,12,6,5.525698985977706,5.525698985977707,FALSE,FALSE
comm_5110,8.840887431161699,3.0504614665246166,12,3,7.305445430742452,7.305445430742452,FALSE,FALSE
comm_5111,12.194310923084464,3.0504614665246166,9,4,2.8599037930025597,2.8599037930025593,FALSE,FALSE
comm_5112,10.932129736887516,3.0504614665246166,11,3,3.5651302597871917,3.5651302597871917,FALSE,FALSE
comm_5113,9.965793163985486,3.0504614665246166,8,3,4.132223176169519,4.132223176169519,FALSE,FALSE
comm_5114,10.124956710765778,3.0504614665246166,10,5,6.0927282915292125,6.0927282915292125,FALSE,FALSE
comm_5115,9.899020823757672,3.0504614665246166,9,4,4.526517804,4.526517804,FALSE,FALSE
comm_5116,9.498927446,3.0504614665246166,9,1,0.5361596145166754,0.5361596145166752,FALSE,FALSE
comm_5117,9.365473566212554,3.0504614665246166,12,5,7.434671384671603,7.434671384671604,FALSE,FALSE
comm_5118,9.207662511441772,3.0504614665246166,10,3,4.786140273586855,4.786140273586855,FALSE,FALSE
comm_5119,8.739301858870377,3.0504614665246166,12,6,8.108939236508897,8.108939236508895,FALSE,FALSE
comm_5120,10.53090684061836,3.0504614665246166,10,5,4.239225726686393,4.239225726686394,FALSE,FALSE
comm_5121,10.043187105771423,3.0504614665246166,10,1,1.1125650981200943,1.1125650981200943,FALSE,FALSE
comm_5122,11.126727835805289,3.0504614665246166,12,8,7.607232118817484,7.6072321188174845,FALSE,FALSE
comm_5123,10.01146317459731,3.0504614665246166,11,5,6.1642328425649655,6.1642328425649655,FALSE,FALSE
comm_5124,8.139540224842522,3.0504614665246166,8,3,2.458159122346956,2.4581591223469563,FALSE,FALSE
comm_5125,9.617834455,3.0504614665246166,8,3,3.008790196163892,3.008790196163892,FALSE,FALSE
comm_5126,8.907196431052666,3.0504614665246166,11,3,1.764592639204511,1.764592639204511,FALSE,FALSE
comm_5127,11.682399624188864,3.0504614665246166,9,4,4.730952505709672,4.730952505709671,FALSE,FALSE
comm_5128,9.339050838664608,3.0504614665246166,12,5,8.891692142773103,8.891692142773099,FALSE,FALSE
comm_5129,9.190785392740274,3.0504614665246166,10,3,6.893836481876679,6.893836481876679,FALSE,FALSE
comm_5130,10.103277053531103,3.0504614665246166,9,3,1.9828552449717909,1.9828552449717909,FALSE,FALSE
comm_5131,10.029155819755674,3.0504614665246166,9,4,10.756316046752197,10.756316046752197,FALSE,FALSE
comm_5132,9.971280114617525,3.0504614665246166,9,4,6.2024518009458784,6.2024518009458784,FALSE,FALSE
comm_5133,11.555763823257902,3.0504614665246166,10,2,1.5189066667135378,1.5189066667135382,FALSE,FALSE
comm_5134,9.704764364843316,3.0504614665246166,9,5,4.176602997872139,4.1766029978721395,FALSE,FALSE
comm_5135,9.592065879932871,3.0504614665246166,10,5,8.757253357335689,8.757253357335687,FALSE,FALSE
comm_5136,13.661631520291706,3.0504614665246166,9,4,2.6738381366096116,2.673838136609612,FALSE,FALSE
comm_5137,8.414133511142618,3.0504614665246166,11,3,1.700189317,1.7001893173723304,FALSE,FALSE
comm_5138,12.253121051812776,3.0504614665246166,9,4,3.456741299446892,3.4567412994468913,FALSE,FALSE
comm_5139,9.281546923,3.0504614665246166,10,2,0.2555062658051517,0.2555062658051517,FALSE,FALSE
comm_5140,9.815912377568532,3.0504614665246166,12,4,2.1469877141367864,2.1469877141367872,FALSE,FALSE
comm_5141,11.920914707692573,3.0504614665246166,8,4,3.5449070564051564,3.5449070564051564,FALSE,FALSE
comm_5142,9.388454289616847,3.0504614665246166,10,6,5.799999440876846,5.799999440876845,FALSE,FALSE
comm_5143,9.352536584035912,3.0504614665246166,10,4,4.568658249604892,4.5686582496048915,FALSE,FALSE
comm_5144,10.563715650746008,3.0504614665246166,8,2,0.909724163,0.909724163,FALSE,FALSE
comm_5145,11.285133152215348,3.0504614665246166,9,4,4.420047890141103,4.420047890141103,FALSE,FALSE
comm_5146,11.98948248390212,3.0504614665246166,8,3,3.948030641664204,3.9480306416642033,FALSE,FALSE
comm_5147,9.653253868,3.0504614665246166,9,3,5.765245944263889,5.765245944263889,FALSE,FALSE
comm_5148,11.19398545638268,3.0504614665246166,9,3,1.7342007976582017,1.7342007976582017,FALSE,FALSE
comm_5149,13.212084806247333,3.0504614665246166,8,1,0.3015405243738896,0.3015405243738896,FALSE,FALSE
comm_5150,10.270859283860878,3.0504614665246166,8,3,2.2099006493830533,2.2099006493830538,FALSE,FALSE
comm_5151,10.01671517826338,3.0504614665246166,11,5,3.1593591925694433,3.159359192569444,FALSE,FALSE
comm_5152,9.731026279493944,3.0504614665246166,10,7,5.139672754982133,5.139672754982134,FALSE,FALSE
comm_5153,10.140101769820328,3.0504614665246166,10,4,3.3702479800397303,3.3702479800397307,FALSE,FALSE
comm_5154,10.059054848476697,3.0504614665246166,10,5,5.911385091609187,5.911385091609188,FALSE,FALSE
comm_5155,12.350166241717224,3.0504614665246166,11,5,2.5343577869181746,2.5343577869181746,FALSE,FALSE
comm_5156,8.660700530232758,3.0504614665246166,9,5,7.181340938663156,7.181340938663155,FALSE,FALSE
comm_5157,10.642762179150088,3.0504614665246166,12,3,4.225058545213003,4.225058545213004,FALSE,FALSE
comm_5158,9.670089500958666,3.0504614665246166,8,4,3.5201852131431526,3.5201852131431517,FALSE,FALSE
comm_5159,9.335861323441437,3.0504614665246166,10,2,4.262212761294733,4.262212761294733,FALSE,FALSE
comm_5160,8.483292076084757,3.0504614665246166,8,1,0.8611375956467581,0.8611375956467583,FALSE,FALSE
comm_5161,9.892685921083904,3.0504614665246166,10,3,4.773745672125413,4.773745672125412,FALSE,FALSE
comm_5162,8.68586267,3.0504614665246166,12,6,6.767094109246176,6.767094109246174,FALSE,FALSE
comm_5163,10.66981385992834,3.0504614665246166,9,6,9.003273252751825,9.003273252751825,FALSE,FALSE
comm_5164,9.015476213126938,3.0504614665246166,12,6,5.85668019,5.856680190243311,FALSE,FALSE
comm_5165,8.318588473,3.0504614665246166,9,4,3.5842094018858615,3.584209401885861,FALSE,FALSE
comm_5166,11.744120078625103,3.0504614665246166,10,6,3.856877041253214,3.856877041253215,FALSE,FALSE
comm_5167,11.113316283857786,3.0504614665246166,12,5,3.972713329,3.9727133286156593,FALSE,FALSE
comm_5168,9.256445279940216,3.0504614665246166,10,4,2.8165112119974056,2.8165112119974056,FALSE,FALSE
comm_5169,10.464366123475092,3.0504614665246166,8,3,4.0674764889144805,4.067476489,FALSE,FALSE
comm_5170,9.862738587714777,3.0504614665246166,12,2,2.2382694600989397,2.2382694600989392,FALSE,FALSE
comm_5171,11.14591952270236,3.0504614665246166,8,4,4.4762977101922585,4.476297710192259,FALSE,FALSE
comm_5172,11.862604807027047,3.0504614665246166,11,6,5.758873295036272,5.758873295036272,FALSE,FALSE
comm_5173,8.54644584,3.0504614665246166,10,4,8.676084625983592,8.676084625983592,FALSE,FALSE
comm_5174,10.187767337885033,3.0504614665246166,8,2,2.99376508,2.9937650795706805,FALSE,FALSE
comm_5175,10.36394025039853,3.0504614665246166,9,4,5.158453856,5.158453856,FALSE,FALSE
comm_5176,9.261513291708477,3.0504614665246166,12,4,2.684205522965396,2.684205522965396,FALSE,FALSE
comm_5177,9.779987562,3.0504614665246166,11,2,0.8635441503609114,0.8635441503609114,FALSE,FALSE
comm_5178,9.743861001733404,3.0504614665246166,9,2,1.9129786972511476,1.9129786972511476,FALSE,FALSE
comm_5179,8.761328861,3.0504614665246166,12,5,5.307849566,5.3078495659132505,FALSE,FALSE
comm_5180,9.491274859808073,3.0504614665246166,8,3,3.1408937799421244,3.1408937799421244,FALSE,FALSE
comm_5181,8.875363634388082,3.0504614665246166,11,5,5.714363687252362,5.714363687252362,FALSE,FALSE
comm_5182,10.873507159129248,3.0504614665246166,8,3,5.208359203214648,5.2083592032146475,FALSE,FALSE
comm_5183,10.38273202426926,3.0504614665246166,8,4,3.934038477920212,3.934038477920213,FALSE,FALSE
comm_5184,8.868105616169215,3.0504614665246166,10,4,3.416569718101917,3.416569718101916,FALSE,FALSE
comm_5185,10.811328912992114,3.0504614665246166,10,3,1.5183874918125269,1.5183874918125273,FALSE,FALSE
comm_5186,9.531437146068066,3.0504614665246166,8,5,10.930899580130218,10.930899580130216,FALSE,FALSE
comm_5187,9.001114094810534,3.0504614665246166,10,4,2.8303208375401723,2.8303208375401723,FALSE,FALSE
comm_5188,8.691779204868707,3.0504614665246166,10,1,0.6127633833623848,0.6127633833623848,FALSE,FALSE
comm_5189,9.123986970053428,3.0504614665246166,12,5,7.042977813,7.042977812680829,FALSE,FALSE
comm_5190,9.371532092145111,3.0504614665246166,12,7,5.950937735563565,5.950937735563565,FALSE,FALSE
comm_5191,10.236623756624669,3.0504614665246166,11,6,5.929908915356128,5.929908915356128,FALSE,FALSE
comm_5192,8.824220459389544,3.0504614665246166,12,5,3.909682246314451,3.909682246314452,FALSE,FALSE
comm_5193,8.691487983502654,3.0504614665246166,11,3,2.5334757713744285,2.533475771374429,FALSE,FALSE
comm_5194,9.906740112050338,3.0504614665246166,9,4,2.750602660981708,2.750602660981708,FALSE,FALSE
comm_5195,10.942361451737808,3.0504614665246166,11,5,6.668668645571982,6.668668645571981,FALSE,FALSE
comm_5196,8.676908442121196,3.0504614665246166,8,1,1.1975012254514288,1.1975012254514286,FALSE,FALSE
comm_5197,9.988297821098952,3.0504614665246166,12,5,5.035431861239381,5.035431861239381,FALSE,FALSE
comm_5198,9.069552783491709,3.0504614665246166,12,5,4.487426864239006,4.487426864239006,FALSE,FALSE
comm_5199,13.755932521192769,3.0504614665246166,8,3,5.059251903475978,5.059251903475978,FALSE,FALSE
comm_5200,9.333849119,3.0504614665246166,8,3,1.7546432906261054,1.7546432906261054,FALSE,FALSE
comm_5201,10.513775275404576,3.0504614665246166,12,5,8.481916331214677,8.481916331214675,FALSE,FALSE
comm_5202,9.331464665358803,3.0504614665246166,11,2,0.157026791,0.157026791,FALSE,FALSE
comm_5203,9.240571203,3.0504614665246166,8,4,5.199922243440614,5.199922243440614,FALSE,FALSE
comm_5204,9.598646643,3.0504614665246166,11,5,8.463875962273665,8.463875962273667,FALSE,FALSE
comm_5205,10.95696974,3.0504614665246166,9,5,3.993591391697291,3.993591391697291,FALSE,FALSE
comm_5206,9.963331321517808,3.0504614665246166,11,2,2.8919351738964902,2.8919351738964907,FALSE,FALSE
comm_5207,9.652677718117934,3.0504614665246166,12,5,2.566787011868691,2.566787011868691,FALSE,FALSE
comm_5208,8.580784503941754,3.0504614665246166,11,4,6.078246091429625,6.078246091429625,FALSE,FALSE
comm_5209,9.872561526053529,3.0504614665246166,12,5,6.079350736580091,6.079350736580091,FALSE,FALSE
comm_5210,11.381322124550527,3.0504614665246166,9,4,5.943070811400703,5.943070811400702,FALSE,FALSE
comm_5211,9.277096432565878,3.0504614665246166,11,4,3.709004572706513,3.7090045727065135,FALSE,FALSE
comm_5212,10.597004347899958,3.0504614665246166,8,4,8.339504707933685,8.339504707933683,FALSE,FALSE
comm_5213,9.185139215843623,3.0504614665246166,10,5,7.350900429000648,7.350900429000649,FALSE,FALSE
comm_5214,9.576833172157414,3.0504614665246166,12,6,5.370485555576698,5.370485555576698,FALSE,FALSE
comm_5215,9.342032159,3.0504614665246166,12,3,1.3330273372196857,1.3330273372196852,FALSE,FALSE
comm_5216,11.054037018185424,3.0504614665246166,12,6,4.911575863909286,4.911575863909286,FALSE,FALSE
comm_5217,8.983584429444265,3.0504614665246166,8,3,2.059151821714954,2.059151821714953,FALSE,FALSE
comm_5218,9.596554566,3.0504614665246166,9,4,4.56021869,4.56021869,FALSE,FALSE
comm_5219,9.880852097,3.0504614665246166,11,4,4.134333348223768,4.134333348223768,FALSE,FALSE
comm_5220,11.140007940762631,3.0504614665246166,8,2,2.305185173873861,2.305185173873861,FALSE,FALSE
comm_5221,10.27593071825781,3.0504614665246166,10,2,4.003286778733787,4.003286778733787,FALSE,FALSE
comm_5222,9.978265808459192,3.0504614665246166,12,7,5.885323310165704,5.885323310165704,FALSE,FALSE
comm_5223,10.930168223679493,3.0504614665246166,10,5,7.118431760715111,7.1184317607151115,FALSE,FALSE
comm_5224,11.715907870549648,3.0504614665246166,8,1,2.5285724464294157,2.5285724464294157,FALSE,FALSE
comm_5225,9.327760236403943,3.0504614665246166,8,4,3.900580434244491,3.9005804342444903,FALSE,FALSE
comm_5226,10.363026297227709,3.0504614665246166,12,5,9.265371612172078,9.265371612172078,FALSE,FALSE
comm_5227,9.634781233058614,3.0504614665246166,9,5,8.016505635,8.016505635470118,FALSE,FALSE
comm_5228,8.798422947657093,3.0504614665246166,10,4,3.1599711986426087,3.1599711986426087,FALSE,FALSE
comm_5229,9.959456251824058,3.0504614665246166,11,5,7.622495200688549,7.622495200688548,FALSE,FALSE
comm_5230,10.146606047236844,3.0504614665246166,12,7,6.677854190016597,6.677854190016598,FALSE,FALSE
comm_5231,8.557910944,3.0504614665246166,11,4,5.176071437597841,5.176071437597841,FALSE,FALSE
comm_5232,9.652667221123444,3.0504614665246166,8,4,3.708956132764333,3.7089561327643334,FALSE,FALSE
comm_5233,10.89083972608022,3.0504614665246166,9,4,5.078022906516414,5.078022906516414,FALSE,FALSE
comm_5234,9.951132548948266,3.0504614665246166,12,4,8.215647502,8.215647502,FALSE,FALSE
comm_5235,10.070544290703069,3.0504614665246166,9,3,5.6028299795398055,5.6028299795398055,FALSE,FALSE
comm_5236,10.56610857171663,3.0504614665246166,9,5,2.482691223,2.482691223,FALSE,FALSE
comm_5237,10.088331853927896,3.0504614665246166,11,2,3.4709997801924697,3.47099978,FALSE,FALSE
comm_5238,9.350226295,3.0504614665246166,12,3,1.4211756044529675,1.4211756044529675,FALSE,FALSE
comm_5239,12.276033989592886,3.0504614665246166,11,5,2.831927103226773,2.831927103226773,FALSE,FALSE
comm_5240,10.116657259884647,3.0504614665246166,9,5,7.3851271964608145,7.3851271964608145,FALSE,FALSE
comm_5241,9.327631994,3.0504614665246166,11,5,5.267384761548717,5.267384761548717,FALSE,FALSE
comm_5242,11.429813194169236,3.0504614665246166,11,4,4.040054916732106,4.040054916732106,FALSE,FALSE
comm_5243,10.02222828383826,3.0504614665246166,9,5,5.703673934189691,5.703673934189692,FALSE,FALSE
comm_5244,12.658020595670964,3.0504614665246166,9,3,2.5558398701017886,2.5558398701017895,FALSE,FALSE
comm_5245,10.144398715474445,3.0504614665246166,9,2,1.1220031366533214,1.1220031366533214,FALSE,FALSE
comm_5246,10.949050101943866,3.0504614665246166,10,3,2.076540081541128,2.0765400815411277,FALSE,FALSE
comm_5247,9.11380569,3.0504614665246166,10,3,6.371995913761354,6.371995913761353,FALSE,FALSE
comm_5248,13.004328294689476,3.0504614665246166,9,3,0.9002129477145306,0.9002129477145305,FALSE,FALSE
comm_5249,9.995778816235417,3.0504614665246166,10,6,6.832434308411369,6.832434308411368,FALSE,FALSE
comm_5250,9.854988282707712,3.0504614665246166,9,3,3.341025192192423,3.341025192192423,FALSE,FALSE
comm_5251,8.689615687951203,3.0504614665246166,12,5,4.350770835368841,4.350770835368841,FALSE,FALSE
comm_5252,9.929389396173926,3.0504614665246166,11,4,7.458453062816409,7.458453062816409,FALSE,FALSE
comm_5253,10.510236839436208,3.0504614665246166,8,3,5.919495339559559,5.919495339559559,FALSE,FALSE
comm_5254,10.785908446348522,3.0504614665246166,8,4,3.9798139054803983,3.979813905480399,FALSE,FALSE
comm_5255,9.041626256014492,3.0504614665246166,10,6,12.284537651057928,12.284537651057928,FALSE,FALSE
comm_5256,9.321961151701416,3.0504614665246166,10,6,8.165191953421457,8.165191953,FALSE,FALSE
comm_5257,8.322294343141287,3.0504614665246166,9,2,2.018297974894993,2.018297974894993,FALSE,FALSE
comm_5258,10.445978757662372,3.0504614665246166,10,5,5.616551198242382,5.616551198242382,FALSE,FALSE
comm_5259,9.609651837770286,3.0504614665246166,10,4,1.3179770741086183,1.3179770741086183,FALSE,FALSE
comm_5260,11.13895412040362,3.0504614665246166,9,4,2.248889603076426,2.248889603076426,FALSE,FALSE
comm_5261,10.213885052176318,3.0504614665246166,11,4,1.9086983801227553,1.9086983801227555,FALSE,FALSE
comm_5262,11.569811579364366,3.0504614665246166,9,3,3.782044445482066,3.782044445482066,FALSE,FALSE
comm_5263,11.155998428019831,3.0504614665246166,10,5,5.383755802265087,5.383755802265087,FALSE,FALSE
comm_5264,9.663121145804254,3.0504614665246166,11,6,2.6296942174973186,2.6296942174973195,FALSE,FALSE
comm_5265,9.439892332197248,3.0504614665246166,11,4,6.385939757216331,6.385939757216332,FALSE,FALSE
comm_5266,9.220962326581688,3.0504614665246166,10,3,4.709987487252993,4.7099874872529925,FALSE,FALSE
comm_5267,11.086769557979984,3.0504614665246166,8,2,1.012365621595805,1.012365621595805,FALSE,FALSE
comm_5268,9.320680985131842,3.0504614665246166,8,5,3.9116203417045265,3.911620341704527,FALSE,FALSE
comm_5269,12.903244466703576,3.0504614665246166,8,2,0.7568108936067943,0.7568108936067943,FALSE,FALSE
comm_5270,10.22174212,3.0504614665246166,8,3,4.170183788256165,4.170183788256166,FALSE,FALSE
comm_5271,9.818382189619454,3.0504614665246166,8,2,2.641039871780693,2.6410398717806935,FALSE,FALSE
comm_5272,11.05200658152702,3.0504614665246166,9,2,1.7953171063681854,1.7953171063681854,FALSE,FALSE
comm_5273,10.232128958697826,3.0504614665246166,10,3,4.847563973,4.847563972804829,FALSE,FALSE
comm_5274,10.074471455701357,3.0504614665246166,9,3,1.911964681243117,1.911964681243117,FALSE,FALSE
comm_5275,9.681110589643769,3.0504614665246166,9,2,2.3768409569104985,2.3768409569104985,FALSE,FALSE
comm_5276,10.057537656153428,3.0504614665246166,8,4,4.990086786089375,4.990086786089375,FALSE,FALSE
comm_5277,11.959800018728156,3.0504614665246166,9,3,0.8961758517719485,0.8961758517719486,FALSE,FALSE
comm_5278,12.14221823007015,3.0504614665246166,9,3,4.721320120835673,4.7213201208356725,FALSE,FALSE
comm_5279,11.179574079320702,3.0504614665246166,8,2,2.579997243455646,2.5799972434556464,FALSE,FALSE
comm_5280,8.591100599711778,3.0504614665246166,12,7,10.54233880205026,10.54233880205026,FALSE,FALSE
comm_5281,9.964056106,3.0504614665246166,11,5,3.7295359918255695,3.7295359918255695,FALSE,FALSE
comm_5282,10.657431941242525,3.0504614665246166,8,4,1.6849967627486535,1.6849967627486533,FALSE,FALSE
comm_5283,9.873561899919665,3.0504614665246166,8,2,2.622119012488108,2.6221190124881084,FALSE,FALSE
comm_5284,10.988232298252065,3.0504614665246166,8,2,3.246904030081962,3.2469040300819625,FALSE,FALSE
comm_5285,10.79188765226268,3.0504614665246166,8,5,2.996355127797478,2.996355127797478,FALSE,FALSE
comm_5286,10.037207128477814,3.0504614665246166,12,4,2.460514400722346,2.460514400722346,FALSE,FALSE
comm_5287,8.693737360184226,3.0504614665246166,9,2,2.6970254602527226,2.6970254602527226,FALSE,FALSE
comm_5288,10.896214846468888,3.0504614665246166,10,4,3.752950635326232,3.7529506353262327,FALSE,FALSE
comm_5289,9.399865503618754,3.0504614665246166,12,7,5.481365866764556,5.481365866764557,FALSE,FALSE
comm_5290,8.777827380974918,3.0504614665246166,12,6,7.140857837906434,7.140857837906433,FALSE,FALSE
comm_5291,10.67081671494156,3.0504614665246166,10,3,3.9303160929700978,3.930316092970097,FALSE,FALSE
comm_5292,10.403282530161205,3.0504614665246166,9,3,0.7100954584880033,0.7100954584880034,FALSE,FALSE
comm_5293,9.661136654086084,3.0504614665246166,9,4,4.74717108,4.747171079655649,FALSE,FALSE
comm_5294,11.303786169645598,3.0504614665246166,8,2,0.8499460325696527,0.8499460325696526,FALSE,FALSE
comm_5295,9.440468786212346,3.0504614665246166,11,3,1.2822500511182504,1.2822500511182502,FALSE,FALSE
comm_5296,9.497460586065849,3.0504614665246166,11,3,2.4575703422195327,2.457570342219533,FALSE,FALSE
comm_5297,9.628324151496912,3.0504614665246166,12,4,4.851777771152379,4.851777771152379,FALSE,FALSE
comm_5298,10.969859039433004,3.0504614665246166,9,4,1.8626508224251004,1.862650822,FALSE,FALSE
comm_5299,10.876255244759802,3.0504614665246166,9,3,2.154087888375986,2.1540878883759857,FALSE,FALSE
comm_5300,10.173876013572665,3.0504614665246166,11,4,2.999962776417572,2.9999627764175725,FALSE,FALSE
comm_5301,9.918678395,3.0504614665246166,11,4,0.4095750301880717,0.4095750301880717,FALSE,FALSE
comm_5302,9.420199172246276,3.0504614665246166,11,5,5.446892273,5.446892273,FALSE,FALSE
comm_5303,11.08418212415364,3.0504614665246166,12,5,7.413500341104285,7.413500341104286,FALSE,FALSE
comm_5304,9.015274364746508,3.0504614665246166,8,4,5.320768050568239,5.320768051,FALSE,FALSE
comm_5305,10.029336834408523,3.0504614665246166,12,8,7.246333820981937,7.246333820981937,FALSE,FALSE
comm_5306,14.87198492,3.0504614665246166,8,4,3.71710019,3.717100189899901,FALSE,FALSE
comm_5307,11.155268267460896,3.0504614665246166,12,6,3.330429809037936,3.3304298090379354,FALSE,FALSE
comm_5308,9.690513304,3.0504614665246166,12,4,7.308146477237524,7.308146477237524,FALSE,FALSE
comm_5309,9.195718644532215,3.0504614665246166,11,3,7.857069933551312,7.857069933551312,FALSE,FALSE
comm_5310,11.591316871602364,3.0504614665246166,11,6,5.282982974622855,5.282982974622856,FALSE,FALSE
comm_5311,10.158880396642871,3.0504614665246166,12,3,1.4916819577267253,1.4916819577267255,FALSE,FALSE
comm_5312,10.342675940054162,3.0504614665246166,10,5,6.487404126490391,6.487404126,FALSE,FALSE
comm_5313,9.652419884605605,3.0504614665246166,10,5,5.320169743566023,5.320169743566024,FALSE,FALSE
comm_5314,11.15869465613561,3.0504614665246166,8,4,5.291541061892976,5.291541061892976,FALSE,FALSE
comm_5315,9.127348746519504,3.0504614665246166,10,3,4.617079719474761,4.617079719,FALSE,FALSE
comm_5316,9.677202554539072,3.0504614665246166,11,3,4.144721576218744,4.144721576218745,FALSE,FALSE
comm_5317,9.864649920720725,3.0504614665246166,9,4,3.240868851359247,3.2408688513592465,FALSE,FALSE
comm_5318,10.701830145211533,3.0504614665246166,8,3,3.864432299396407,3.864432299396407,FALSE,FALSE
comm_5319,11.007845833973516,3.0504614665246166,10,3,3.175098225174552,3.175098225174552,FALSE,FALSE
comm_5320,9.208717838429855,3.0504614665246166,9,6,12.553755896140173,12.553755896140167,FALSE,FALSE
comm_5321,9.100101881218366,3.0504614665246166,12,4,4.680999035,4.680999035,FALSE,FALSE
comm_5322,9.831394124796905,3.0504614665246166,9,3,1.7362083352737463,1.7362083352737463,FALSE,FALSE
comm_5323,10.646210026823992,3.0504614665246166,8,3,4.861968132975456,4.861968132975456,FALSE,FALSE
comm_5324,11.733951720520714,3.0504614665246166,9,4,3.5221958721641533,3.522195872164153,FALSE,FALSE
comm_5325,10.471400137335122,3.0504614665246166,12,7,4.146017779742564,4.146017779742564,FALSE,FALSE
comm_5326,10.153394791947663,3.0504614665246166,11,4,3.168120995963489,3.1681209959634895,FALSE,FALSE
comm_5327,9.524128752,3.0504614665246166,12,7,12.337454031621132,12.337454031621132,FALSE,FALSE
comm_5328,8.856434863598086,3.0504614665246166,12,6,7.950273659861632,7.950273659861632,FALSE,FALSE
comm_5329,9.91392935,3.0504614665246166,12,5,2.892417334051399,2.892417334051399,FALSE,FALSE
comm_5330,11.251872077930054,3.0504614665246166,8,3,4.163004490902169,4.163004490902169,FALSE,FALSE
comm_5331,9.665536327722698,3.0504614665246166,10,4,2.5797798745130045,2.5797798745130045,FALSE,FALSE
comm_5332,10.114148501488728,3.0504614665246166,9,3,6.029404458468235,6.029404458468235,FALSE,FALSE
comm_5333,10.090278685244474,3.0504614665246166,12,4,4.978197232253122,4.978197232253122,FALSE,FALSE
comm_5334,11.56495953618444,3.0504614665246166,11,5,1.9862738922280208,1.986273892228021,FALSE,FALSE
comm_5335,9.239403914367836,3.0504614665246166,12,6,3.778529573756984,3.778529573756984,FALSE,FALSE
comm_5336,8.919107558264853,3.0504614665246166,10,4,7.886613237392421,7.886613237392419,FALSE,FALSE
comm_5337,11.42087936823846,3.0504614665246166,9,4,2.583320669662207,2.583320669662207,FALSE,FALSE
comm_5338,11.805485744028992,3.0504614665246166,12,5,3.6529734380775416,3.6529734380775416,FALSE,FALSE
comm_5339,10.140200033561351,3.0504614665246166,8,2,5.264165253830951,5.264165254,FALSE,FALSE
comm_5340,10.630819979064682,3.0504614665246166,12,6,5.443870760851157,5.443870760851157,FALSE,FALSE
comm_5341,11.91142617370133,3.0504614665246166,9,1,0.2317386281813801,0.231738628,FALSE,FALSE
comm_5342,10.015468280686902,3.0504614665246166,9,5,7.1151026340804195,7.115102634080419,FALSE,FALSE
comm_5343,9.186373477,3.0504614665246166,9,5,9.131497777075923,9.131497777075923,FALSE,FALSE
comm_5344,9.338021970037346,3.0504614665246166,12,3,7.43782015,7.437820149548361,FALSE,FALSE
comm_5345,10.703392070218548,3.0504614665246166,10,4,4.521253430439525,4.5212534304395255,FALSE,FALSE
comm_5346,11.490475269613007,3.0504614665246166,10,4,2.900000542778584,2.900000542778584,FALSE,FALSE
comm_5347,9.339251944009124,3.0504614665246166,10,5,6.648312834201441,6.648312834201441,FALSE,FALSE
comm_5348,9.926346165830696,3.0504614665246166,11,4,9.394258448,9.394258448,FALSE,FALSE
comm_5349,13.39867770317674,3.0504614665246166,8,4,2.824477822209005,2.824477822209005,FALSE,FALSE
comm_5350,9.606263964438387,3.0504614665246166,10,4,4.1803301222016955,4.1803301222016955,FALSE,FALSE
comm_5351,9.267339350973236,3.0504614665246166,8,4,3.4951645225110735,3.495164522511074,FALSE,FALSE
comm_5352,9.038052544859898,3.0504614665246166,10,4,2.3991442004607837,2.3991442004607837,FALSE,FALSE
comm_5353,9.506403193,3.0504614665246166,11,6,5.880092531664081,5.880092531664081,FALSE,FALSE
comm_5354,9.744971542028676,3.0504614665246166,11,6,5.585528550850624,5.585528550850624,FALSE,FALSE
comm_5355,8.242638218,3.0504614665246166,9,4,4.629069794707204,4.629069794707204,FALSE,FALSE
comm_5356,9.533361781341338,3.0504614665246166,12,7,9.086093518958624,9.086093518958624,FALSE,FALSE
comm_5357,8.994489716322601,3.0504614665246166,8,3,3.4773603906175294,3.477360390617529,FALSE,FALSE
comm_5358,9.559523617,3.0504614665246166,8,2,4.447207295513433,4.447207295513433,FALSE,FALSE
comm_5359,8.879633292411024,3.0504614665246166,9,3,2.0036199604365814,2.003619960436582,FALSE,FALSE
comm_5360,12.844517029592843,3.0504614665246166,9,3,2.610965458832762,2.6109654588327613,FALSE,FALSE
comm_5361,9.896991510491551,3.0504614665246166,10,5,4.803107125,4.803107125142721,FALSE,FALSE
comm_5362,9.937362539269046,3.0504614665246166,10,4,3.5288112802303377,3.528811280230338,FALSE,FALSE
comm_5363,9.970244961878755,3.0504614665246166,8,2,2.912435254597314,2.9124352545973142,FALSE,FALSE
comm_5364,11.51160767,3.0504614665246166,8,5,4.708867001435423,4.708867001435424,FALSE,FALSE
comm_5365,9.168289591889652,3.0504614665246166,8,4,5.189177805912444,5.189177805912445,FALSE,FALSE
comm_5366,10.037194713874738,3.0504614665246166,8,2,2.7649706185082317,2.764970618508232,FALSE,FALSE
comm_5367,9.860848762400384,3.0504614665246166,8,3,3.894061475801083,3.8940614758010823,FALSE,FALSE
comm_5368,9.626569650115432,3.0504614665246166,11,5,3.931269706636464,3.9312697066364657,FALSE,FALSE
comm_5369,9.815266764623576,3.0504614665246166,9,4,3.242926173431436,3.2429261734314365,FALSE,FALSE
comm_5370,8.961226179407209,3.0504614665246166,12,5,5.683032133832942,5.683032133832943,FALSE,FALSE
comm_5371,9.390229761,3.0504614665246166,8,4,2.174684010370262,2.174684010370262,FALSE,FALSE
comm_5372,10.470293768858594,3.0504614665246166,10,5,3.9628082602143926,3.9628082602143926,FALSE,FALSE
comm_5373,10.862651486680347,3.0504614665246166,9,3,1.5955013346171132,1.5955013346171132,FALSE,FALSE
comm_5374,9.575355664313356,3.0504614665246166,8,3,1.915865306120472,1.915865306120472,FALSE,FALSE
comm_5375,10.314679713797144,3.0504614665246166,8,4,4.421815407412393,4.421815407412392,FALSE,FALSE
comm_5376,9.752467356,3.0504614665246166,8,3,2.1574352291843044,2.1574352291843044,FALSE,FALSE
comm_5377,9.467834217380236,3.0504614665246166,10,4,2.6371604750811697,2.6371604750811697,FALSE,FALSE
comm_5378,9.786380531971773,3.0504614665246166,9,1,0.9305966175965256,0.9305966175965252,FALSE,FALSE
comm_5379,9.288131597099104,3.0504614665246166,9,4,5.563104470674375,5.563104470674375,FALSE,FALSE
comm_5380,9.885639624874358,3.0504614665246166,12,5,14.188406886162916,14.188406886162916,FALSE,FALSE
comm_5381,9.745552832516836,3.0504614665246166,12,4,6.358277887295102,6.358277887295101,FALSE,FALSE
comm_5382,10.123750118328038,3.0504614665246166,10,3,1.9261213659986616,1.926121365998662,FALSE,FALSE
comm_5383,9.915379791238816,3.0504614665246166,10,5,3.484236802115005,3.484236802115005,FALSE,FALSE
comm_5384,10.007165914159566,3.0504614665246166,8,4,6.808515894,6.8085158944555495,FALSE,FALSE
comm_5385,9.403271267838152,3.0504614665246166,12,4,4.684308643889416,4.684308643889415,FALSE,FALSE
comm_5386,10.508478544532014,3.0504614665246166,9,2,1.0509659216721483,1.0509659216721483,FALSE,FALSE
comm_5387,10.160321172833694,3.0504614665246166,9,2,0.691099536,0.6910995360147089,FALSE,FALSE
comm_5388,9.366033065625787,3.0504614665246166,11,6,5.711787803859948,5.7117878038599486,FALSE,FALSE
comm_5389,10.579662906668174,3.0504614665246166,11,7,5.751141940691948,5.751141940691948,FALSE,FALSE
comm_5390,9.514155146824905,3.0504614665246166,10,7,7.120349473180928,7.120349473180927,FALSE,FALSE
comm_5391,11.286930867505871,3.0504614665246166,8,2,2.1555108377857275,2.1555108377857275,FALSE,FALSE
comm_5392,10.890146455252902,3.0504614665246166,8,1,0.734912141,0.734912141,FALSE,FALSE
comm_5393,10.812981459317909,3.0504614665246166,11,3,2.1623201941521613,2.1623201941521617,FALSE,FALSE
comm_5394,11.371458536155618,3.0504614665246166,11,3,1.313392273603071,1.3133922736030712,FALSE,FALSE
comm_5395,8.962901158924677,3.0504614665246166,12,4,2.6790977500745727,2.679097750074573,FALSE,FALSE
comm_5396,9.025354962,3.0504614665246166,11,4,5.706891565449197,5.7068915654491965,FALSE,FALSE
comm_5397,10.580509297892633,3.0504614665246166,11,2,1.626119148675761,1.626119148675761,FALSE,FALSE
comm_5398,9.970876411306463,3.0504614665246166,8,3,3.1246708459030335,3.124670845903033,FALSE,FALSE
comm_5399,9.818431584,3.0504614665246166,12,3,3.190766762310949,3.190766762310949,FALSE,FALSE
comm_5400,10.96799275867557,3.0504614665246166,8,3,5.278345437,5.278345437,FALSE,FALSE
comm_5401,9.159360395,3.0504614665246166,8,4,5.059986664,5.059986664,FALSE,FALSE
comm_5402,11.371334662979828,3.0504614665246166,12,5,5.331018613383399,5.3310186133833986,FALSE,FALSE
comm_5403,9.130932502736616,3.0504614665246166,8,3,3.969772379471299,3.969772379471299,FALSE,FALSE
comm_5404,11.267137206290975,3.0504614665246166,9,3,3.1970480471371414,3.1970480471371414,FALSE,FALSE
comm_5405,12.768356030122217,3.0504614665246166,8,2,2.619517093229301,2.619517093229301,FALSE,FALSE
comm_5406,11.21451718277688,3.0504614665246166,11,5,4.683243889224001,4.683243889,FALSE,FALSE
comm_5407,10.252667812570111,3.0504614665246166,8,4,3.0590668487999397,3.0590668487999393,FALSE,FALSE
comm_5408,9.947076373504968,3.0504614665246166,11,4,3.358869173278716,3.358869173278716,FALSE,FALSE
comm_5409,9.525554085959223,3.0504614665246166,11,5,4.991023939928943,4.991023939928943,FALSE,FALSE
comm_5410,10.524812917250998,3.0504614665246166,11,3,1.5435603995670153,1.543560399567015,FALSE,FALSE
comm_5411,10.126306567608635,3.0504614665246166,9,3,5.3568470344857175,5.356847034485719,FALSE,FALSE
comm_5412,8.922607673,3.0504614665246166,9,5,6.724533882436815,6.724533882436814,FALSE,FALSE
comm_5413,8.387583984281033,3.0504614665246166,11,3,2.547424359338593,2.547424359338593,FALSE,FALSE
comm_5414,8.502778193357603,3.0504614665246166,10,4,6.643199904664774,6.643199904664774,FALSE,FALSE
comm_5415,9.455063900283053,3.0504614665246166,10,6,6.116492742704926,6.116492742704924,FALSE,FALSE
comm_5416,8.661682454967794,3.0504614665246166,11,2,3.399090551,3.3990905510139497,FALSE,FALSE
comm_5417,9.782128414201344,3.0504614665246166,12,3,3.205500914604488,3.2055009146044875,FALSE,FALSE
comm_5418,10.95258517833848,3.0504614665246166,9,2,0.8273915388932115,0.8273915388932115,FALSE,FALSE
comm_5419,10.68387181335656,3.0504614665246166,12,2,1.350763052168005,1.3507630521680047,FALSE,FALSE
comm_5420,10.085605517018966,3.0504614665246166,9,4,2.040509194044345,2.040509194044345,FALSE,FALSE
comm_5421,11.616039740461142,3.0504614665246166,12,2,1.692115303348951,1.692115303348951,FALSE,FALSE
comm_5422,9.514273788967031,3.0504614665246166,9,5,4.115944972600111,4.115944972600111,FALSE,FALSE
comm_5423,9.621530331729756,3.0504614665246166,11,6,7.707694183065405,7.707694183065403,FALSE,FALSE
comm_5424,12.04145892860611,3.0504614665246166,11,5,3.867512656660595,3.867512656660595,FALSE,FALSE
comm_5425,9.725170022490785,3.0504614665246166,9,5,5.608765419456733,5.6087654194567325,FALSE,FALSE
comm_5426,11.059916809955142,3.0504614665246166,12,3,3.1844294907831765,3.1844294907831765,FALSE,FALSE
comm_5427,9.897073164326429,3.0504614665246166,9,4,5.943048986835954,5.943048986835954,FALSE,FALSE
comm_5428,10.746342386397558,3.0504614665246166,9,0,0,0,FALSE,FALSE
comm_5429,11.111445138993608,3.0504614665246166,9,2,2.235159518844118,2.235159518844118,FALSE,FALSE
comm_5430,10.101387489780764,3.0504614665246166,10,4,4.571074557753899,4.571074557753899,FALSE,FALSE
comm_5431,11.62577858528753,3.0504614665246166,11,2,1.1171617176144393,1.1171617176144395,FALSE,FALSE
comm_5432,8.950154411090356,3.0504614665246166,9,4,3.1341540455848973,3.1341540455848973,FALSE,FALSE
comm_5433,9.409817991169392,3.0504614665246166,11,5,3.1841151703584556,3.1841151703584556,FALSE,FALSE
comm_5434,9.962364819308194,3.0504614665246166,9,3,3.878741221016941,3.878741221,FALSE,FALSE
comm_5435,9.076121296,3.0504614665246166,10,6,10.771286587731415,10.771286587731415,FALSE,FALSE
comm_5436,9.177232965402212,3.0504614665246166,9,6,5.345047256991314,5.345047256991314,FALSE,FALSE
comm_5437,11.283108980100751,3.0504614665246166,11,4,6.313772255234193,6.313772255234191,FALSE,FALSE
comm_5438,10.08315770096316,3.0504614665246166,12,9,7.336313368898759,7.336313368898757,FALSE,FALSE
comm_5439,9.326192169183932,3.0504614665246166,12,5,12.072060412036372,12.072060412036372,FALSE,FALSE
comm_5440,9.811510039,3.0504614665246166,9,2,4.335426119876654,4.3354261198766535,FALSE,FALSE
comm_5441,9.042682282469382,3.0504614665246166,9,3,1.4483527373623712,1.4483527373623712,FALSE,FALSE
comm_5442,12.248348921068215,3.0504614665246166,9,3,1.8229814475159187,1.8229814475159187,FALSE,FALSE
comm_5443,10.19496234227127,3.0504614665246166,10,5,5.372424134587128,5.372424134587129,FALSE,FALSE
comm_5444,10.964212230667457,3.0504614665246166,12,6,5.805029530068884,5.805029530068884,FALSE,FALSE
comm_5445,10.468115841387055,3.0504614665246166,9,3,3.366356085909101,3.366356085909101,FALSE,FALSE
comm_5446,9.833107896,3.0504614665246166,10,6,5.145706923044196,5.145706923044195,FALSE,FALSE
comm_5447,11.949613607250347,3.0504614665246166,10,5,4.456643777018859,4.456643777018858,FALSE,FALSE
comm_5448,9.049541067026524,3.0504614665246166,9,3,3.673571446846708,3.673571446846708,FALSE,FALSE
comm_5449,10.195218205615356,3.0504614665246166,11,5,5.993247885334663,5.993247885334665,FALSE,FALSE
comm_5450,9.383504734467593,3.0504614665246166,10,5,6.541845658782893,6.541845658782892,FALSE,FALSE
comm_5451,10.919129961398662,3.0504614665246166,10,3,4.720137089615458,4.7201370896154575,FALSE,FALSE
comm_5452,11.496075161351154,3.0504614665246166,8,4,2.536836256488514,2.536836256488515,FALSE,FALSE
comm_5453,10.088374831444444,3.0504614665246166,12,6,5.323630000113857,5.323630000113857,FALSE,FALSE
comm_5454,9.226923362313176,3.0504614665246166,11,5,6.344413231161605,6.344413231161606,FALSE,FALSE
comm_5455,10.21693168,3.0504614665246166,11,3,2.9181310430384917,2.9181310430384917,FALSE,FALSE
comm_5456,10.662572109105446,3.0504614665246166,8,3,1.2150927496647004,1.2150927496647004,FALSE,FALSE
comm_5457,10.734947404413573,3.0504614665246166,11,4,1.5788839475536784,1.5788839475536784,FALSE,FALSE
comm_5458,9.613290228042828,3.0504614665246166,8,3,2.397488616609168,2.397488616609168,FALSE,FALSE
comm_5459,9.334389116,3.0504614665246166,10,4,4.960843801005691,4.960843801005691,FALSE,FALSE
comm_5460,10.982216683513112,3.0504614665246166,10,5,2.943196891305357,2.9431968913053574,FALSE,FALSE
comm_5461,10.622139594231095,3.0504614665246166,8,4,3.4255569944758864,3.4255569944758864,FALSE,FALSE
comm_5462,10.347070661423812,3.0504614665246166,8,1,2.443245537471769,2.443245537471769,FALSE,FALSE
comm_5463,10.77489713790971,3.0504614665246166,9,4,3.3389293666169797,3.338929367,FALSE,FALSE
comm_5464,9.536340412340545,3.0504614665246166,10,5,5.785823936623077,5.785823936623077,FALSE,FALSE
comm_5465,10.773299303859488,3.0504614665246166,12,4,3.543551662655835,3.543551662655835,FALSE,FALSE
comm_5466,11.18664054771743,3.0504614665246166,8,1,0.8998524507379082,0.8998524507379081,FALSE,FALSE
comm_5467,10.78671815793906,3.0504614665246166,12,4,3.912001138,3.9120011383290696,FALSE,FALSE
comm_5468,9.837598871223822,3.0504614665246166,9,2,1.2527533263961348,1.252753326396135,FALSE,FALSE
comm_5469,10.349431142620558,3.0504614665246166,10,5,6.684452496,6.684452496144579,FALSE,FALSE
comm_5470,10.280094434596707,3.0504614665246166,9,6,8.220981038226988,8.220981038226988,FALSE,FALSE
comm_5471,10.083292206141545,3.0504614665246166,10,5,5.372059107947706,5.372059107947706,FALSE,FALSE
comm_5472,10.326720071846776,3.0504614665246166,9,2,2.8526309259123743,2.852630925912374,FALSE,FALSE
comm_5473,12.84528124192022,3.0504614665246166,12,7,3.3440309536879527,3.3440309536879527,FALSE,FALSE
comm_5474,8.640230407722106,3.0504614665246166,9,4,6.5323909782891745,6.532390978289174,FALSE,FALSE
comm_5475,8.510211914466037,3.0504614665246166,11,3,5.489009517483197,5.489009517483198,FALSE,FALSE
comm_5476,9.893733308847308,3.0504614665246166,10,5,7.245657686039581,7.245657686039581,FALSE,FALSE
comm_5477,11.590648456056815,3.0504614665246166,11,4,3.6127455237269377,3.612745523726937,FALSE,FALSE
comm_5478,8.675251259807787,3.0504614665246166,9,2,2.4142039632202543,2.4142039632202548,FALSE,FALSE
comm_5479,9.887257181,3.0504614665246166,11,5,5.126338457,5.126338457,FALSE,FALSE
comm_5480,11.083333234906767,3.0504614665246166,8,4,4.3838580147455595,4.383858014745559,FALSE,FALSE
comm_5481,10.559634140431063,3.0504614665246166,9,4,3.007937896457409,3.0079378964574097,FALSE,FALSE
comm_5482,11.226150343892192,3.0504614665246166,10,4,4.309235237061711,4.309235237061711,FALSE,FALSE
comm_5483,11.438108392569648,3.0504614665246166,9,4,5.376425991464397,5.376425991464396,FALSE,FALSE
comm_5484,11.09180038539634,3.0504614665246166,12,6,5.280210201104088,5.280210201104088,FALSE,FALSE
comm_5485,10.007710475766158,3.0504614665246166,12,4,2.386183256071141,2.386183256071141,FALSE,FALSE
comm_5486,10.723895943572176,3.0504614665246166,9,4,5.100672730024756,5.100672730024756,FALSE,FALSE
comm_5487,11.603478480881735,3.0504614665246166,8,3,1.2193909040573914,1.2193909040573914,FALSE,FALSE
comm_5488,9.002184396628666,3.0504614665246166,9,3,4.9924310553283275,4.9924310553283275,FALSE,FALSE
comm_5489,8.980835795655265,3.0504614665246166,8,2,3.287814021883016,3.2878140218830163,FALSE,FALSE
comm_5490,9.491836381208136,3.0504614665246166,9,3,6.388936129615176,6.388936129615178,FALSE,FALSE
comm_5491,9.759449280913486,3.0504614665246166,8,3,5.340757915423478,5.340757915423477,FALSE,FALSE
comm_5492,9.491958896606006,3.0504614665246166,10,4,4.390438221370533,4.390438221370534,FALSE,FALSE
comm_5493,11.701534520032302,3.0504614665246166,9,1,0.076801117,0.076801117,FALSE,FALSE
comm_5494,9.816428765162716,3.0504614665246166,12,4,3.264916117641715,3.264916117641715,FALSE,FALSE
comm_5495,9.873731137991602,3.0504614665246166,10,4,1.8366950816441872,1.8366950816441872,FALSE,FALSE
comm_5496,10.62542070052524,3.0504614665246166,10,4,2.7708452101412857,2.770845210141286,FALSE,FALSE
comm_5497,10.545594161907418,3.0504614665246166,8,5,4.231235639890556,4.231235639890556,FALSE,FALSE
comm_5498,9.871330232560132,3.0504614665246166,9,2,0.9244810428415016,0.9244810428415016,FALSE,FALSE
comm_5499,8.677279981257987,3.0504614665246166,12,5,6.388183062626112,6.388183062626112,FALSE,FALSE
comm_5500,9.44078526,3.0504614665246166,12,3,4.049761277160986,4.049761277160986,FALSE,FALSE
comm_5501,10.419307504805127,3.0504614665246166,11,4,3.136654491744823,3.136654491744823,FALSE,FALSE
comm_5502,10.712952520244588,3.0504614665246166,9,4,3.1603719566019537,3.1603719566019537,FALSE,FALSE
comm_5503,10.181711052313622,3.0504614665246166,9,4,8.239150541412661,8.239150541412663,FALSE,FALSE
comm_5504,9.569072817991708,3.0504614665246166,11,6,7.352113029,7.352113028933029,FALSE,FALSE
comm_5505,9.496469731589787,3.0504614665246166,8,3,4.918075966307239,4.918075966307239,FALSE,FALSE
comm_5506,10.062174286344874,3.0504614665246166,10,5,4.992167755637494,4.992167755637492,FALSE,FALSE
comm_5507,9.164182572913374,3.0504614665246166,8,3,5.579753139316582,5.5797531393165825,FALSE,FALSE
comm_5508,10.005772006364497,3.0504614665246166,12,6,8.945056384238306,8.945056384238306,FALSE,FALSE
comm_5509,9.409750528836833,3.0504614665246166,10,4,4.684386657797859,4.684386658,FALSE,FALSE
comm_5510,11.081746127910469,3.0504614665246166,12,5,4.899950435731597,4.899950435731596,FALSE,FALSE
comm_5511,10.393327780981242,3.0504614665246166,9,3,0.8415678034951031,0.8415678034951031,FALSE,FALSE
comm_5512,9.670573361159002,3.0504614665246166,10,3,2.7507987848506885,2.7507987848506885,FALSE,FALSE
comm_5513,10.979076811211195,3.0504614665246166,11,4,4.238594360855356,4.238594360855357,FALSE,FALSE
comm_5514,10.183317429116624,3.0504614665246166,9,6,7.210252618099628,7.210252618099629,FALSE,FALSE
comm_5515,10.05240584,3.0504614665246166,9,3,3.191261657245745,3.191261657245745,FALSE,FALSE
comm_5516,11.739212719031125,3.0504614665246166,10,3,2.6477228946717593,2.6477228946717593,FALSE,FALSE
comm_5517,9.468966626316938,3.0504614665246166,12,5,8.151548771236872,8.151548771,FALSE,FALSE
comm_5518,9.205130421480217,3.0504614665246166,10,6,8.277622708965596,8.277622708965598,FALSE,FALSE
comm_5519,9.298550794456863,3.0504614665246166,11,3,3.6481727038149727,3.6481727038149727,FALSE,FALSE
comm_5520,9.345582104765608,3.0504614665246166,9,4,7.437943167500094,7.437943167500093,FALSE,FALSE
comm_5521,9.531603485,3.0504614665246166,8,2,3.5574968349646534,3.5574968349646534,FALSE,FALSE
comm_5522,12.071660117605566,3.0504614665246166,11,6,4.558880001,4.558880001139321,FALSE,FALSE
comm_5523,9.107380684,3.0504614665246166,10,3,3.799076353620632,3.799076353620632,FALSE,FALSE
comm_5524,8.963451649671834,3.0504614665246166,9,4,3.8688710426345345,3.8688710426345345,FALSE,FALSE
comm_5525,9.342052843,3.0504614665246166,12,4,3.981416415898362,3.981416415898361,FALSE,FALSE
comm_5526,9.191459312491435,3.0504614665246166,11,6,9.996975193866524,9.996975193866524,FALSE,FALSE
comm_5527,11.986113987364137,3.0504614665246166,8,3,3.193859128634264,3.1938591286342644,FALSE,FALSE
comm_5528,9.030634759676923,3.0504614665246166,10,4,5.047584459253979,5.0475844592539785,FALSE,FALSE
comm_5529,11.559837126438028,3.0504614665246166,9,7,7.281936946528941,7.281936946528941,FALSE,FALSE
comm_5530,9.499860949806042,3.0504614665246166,11,5,8.326383929461294,8.326383929461294,FALSE,FALSE
comm_5531,8.812656431906978,3.0504614665246166,12,3,4.677107443493238,4.677107443493237,FALSE,FALSE
comm_5532,11.480755112601376,3.0504614665246166,12,3,2.882820777947766,2.8828207779477655,FALSE,FALSE
comm_5533,10.065437963132831,3.0504614665246166,11,5,5.5285786623358595,5.528578662335859,FALSE,FALSE
comm_5534,11.594949501373534,3.0504614665246166,12,4,2.840675444695086,2.8406754446950857,FALSE,FALSE
comm_5535,10.273260065313329,3.0504614665246166,11,6,4.257684910233433,4.257684910233433,FALSE,FALSE
comm_5536,10.465583147839292,3.0504614665246166,12,4,3.0027641238132565,3.0027641238132565,FALSE,FALSE
comm_5537,11.041235235581668,3.0504614665246166,11,2,1.5924776423827192,1.5924776423827196,FALSE,FALSE
comm_5538,10.193221998439816,3.0504614665246166,9,4,6.329898519,6.329898519,FALSE,FALSE
comm_5539,10.31683958282164,3.0504614665246166,12,6,4.196052960844507,4.196052960844506,FALSE,FALSE
comm_5540,10.40461414200118,3.0504614665246166,11,4,4.873481890052356,4.873481890052356,FALSE,FALSE
comm_5541,9.863781266132492,3.0504614665246166,12,6,6.634754171515155,6.634754171515154,FALSE,FALSE
comm_5542,10.14971323646142,3.0504614665246166,10,5,7.481073212086471,7.481073212086471,FALSE,FALSE
comm_5543,10.535446594093507,3.0504614665246166,12,4,1.0107440507260923,1.010744050726092,FALSE,FALSE
comm_5544,12.307447981977212,3.0504614665246166,8,0,0,0,FALSE,FALSE
comm_5545,10.470386633583924,3.0504614665246166,8,1,0.61541877,0.6154187698069709,FALSE,FALSE
comm_5546,8.980222155219925,3.0504614665246166,11,5,4.563175954284713,4.563175954284713,FALSE,FALSE
comm_5547,8.802796145116032,3.0504614665246166,10,4,3.855729131851075,3.855729131851075,FALSE,FALSE
comm_5548,10.929680148289744,3.0504614665246166,8,1,0.1076432629393733,0.1076432629393733,FALSE,FALSE
comm_5549,11.710633739930216,3.0504614665246166,9,4,5.234322596740577,5.234322596740576,FALSE,FALSE
comm_5550,10.426115891630236,3.0504614665246166,12,5,4.840195596216973,4.840195596216972,FALSE,FALSE
comm_5551,11.954013570054949,3.0504614665246166,9,4,1.118652468757136,1.118652468757136,FALSE,FALSE
comm_5552,8.934022624685458,3.0504614665246166,9,3,3.161134159691314,3.161134159691314,FALSE,FALSE
comm_5553,8.162396037055323,3.0504614665246166,8,3,3.630069752195567,3.630069752195567,FALSE,FALSE
comm_5554,9.041476998541494,3.0504614665246166,10,3,2.841842626137495,2.841842626137495,FALSE,FALSE
comm_5555,9.125440892,3.0504614665246166,12,4,4.87455408,4.874554080189211,FALSE,FALSE
comm_5556,9.300551349238868,3.0504614665246166,12,7,7.583793823023468,7.583793823023467,FALSE,FALSE
comm_5557,10.735215999943009,3.0504614665246166,9,6,5.673585594,5.673585593731392,FALSE,FALSE
comm_5558,10.995365638360976,3.0504614665246166,12,5,4.0316179830978465,4.031617983097847,FALSE,FALSE
comm_5559,12.500460286392736,3.0504614665246166,8,4,5.6604421648421255,5.660442164842126,FALSE,FALSE
comm_5560,9.448954088414157,3.0504614665246166,12,4,5.258436658209742,5.258436658209742,FALSE,FALSE
comm_5561,10.816193545841475,3.0504614665246166,8,1,2.3851414505516164,2.385141450551616,FALSE,FALSE
comm_5562,11.974256389495828,3.0504614665246166,11,2,2.2645947095688523,2.264594709568853,FALSE,FALSE
comm_5563,9.685358831736744,3.0504614665246166,12,5,4.884847149486422,4.884847149486423,FALSE,FALSE
comm_5564,10.312698227443146,3.0504614665246166,12,4,3.1150766194113686,3.1150766194113686,FALSE,FALSE
comm_5565,11.786077505004286,3.0504614665246166,8,2,3.869939895824931,3.869939895824931,FALSE,FALSE
comm_5566,10.278641254535552,3.0504614665246166,10,3,4.631942419,4.631942419,FALSE,FALSE
comm_5567,9.445697797,3.0504614665246166,8,3,7.424120477532089,7.424120477532087,FALSE,FALSE
comm_5568,8.084977180732375,3.0504614665246166,12,5,5.884613811925387,5.884613811925387,FALSE,FALSE
comm_5569,9.427811871564414,3.0504614665246166,8,3,2.2681165164014447,2.268116516401445,FALSE,FALSE
comm_5570,10.07741901537706,3.0504614665246166,10,4,1.9832749097503035,1.9832749097503035,FALSE,FALSE
comm_5571,10.30142766759812,3.0504614665246166,11,3,3.2693067253073624,3.2693067253073615,FALSE,FALSE
comm_5572,9.711408534056504,3.0504614665246166,8,4,5.619728660520903,5.619728660520904,FALSE,FALSE
comm_5573,11.100293504218133,3.0504614665246166,12,3,0.9831891639257276,0.9831891639257276,FALSE,FALSE
comm_5574,11.46582915632815,3.0504614665246166,8,5,4.537163787568468,4.537163787568467,FALSE,FALSE
comm_5575,9.567398845,3.0504614665246166,9,4,4.482975063972263,4.482975063972263,FALSE,FALSE
comm_5576,9.757739973520632,3.0504614665246166,11,3,3.330588217995575,3.330588217995575,FALSE,FALSE
comm_5577,9.254746336696162,3.0504614665246166,11,5,9.485226552,9.485226552,FALSE,FALSE
comm_5578,9.790071197613624,3.0504614665246166,9,1,2.6180187971310955,2.618018797131096,FALSE,FALSE
comm_5579,10.164024073418243,3.0504614665246166,9,4,5.954706815205282,5.954706815205282,FALSE,FALSE
comm_5580,11.219660698984123,3.0504614665246166,10,4,7.400436786211883,7.400436786,FALSE,FALSE
comm_5581,11.052775685012394,3.0504614665246166,9,5,5.856862946703824,5.856862946703824,FALSE,FALSE
comm_5582,10.474771655829802,3.0504614665246166,10,6,4.289459474725725,4.289459474725725,FALSE,FALSE
comm_5583,9.379638583031698,3.0504614665246166,10,4,3.677303868293347,3.677303868293348,FALSE,FALSE
comm_5584,9.911294422,3.0504614665246166,9,7,8.921255777381718,8.921255777381718,FALSE,FALSE
comm_5585,9.721651917610862,3.0504614665246166,12,6,2.8111118645579447,2.8111118645579447,FALSE,FALSE
comm_5586,10.432764893517245,3.0504614665246166,8,3,1.5207689563250433,1.5207689563250428,FALSE,FALSE
comm_5587,9.723949283399987,3.0504614665246166,8,3,2.1243879223504623,2.1243879223504627,FALSE,FALSE
comm_5588,10.12678624225747,3.0504614665246166,11,4,1.7003381580382066,1.7003381580382069,FALSE,FALSE
comm_5589,10.85134890887676,3.0504614665246166,9,3,4.113002058642463,4.113002058642464,FALSE,FALSE
comm_5590,10.307993596340443,3.0504614665246166,8,4,5.938369805641365,5.938369805641366,FALSE,FALSE
comm_5591,10.513133425157069,3.0504614665246166,10,5,5.800451878779395,5.800451878779394,FALSE,FALSE
comm_5592,10.270915157831404,3.0504614665246166,8,1,0.2920186380517159,0.2920186380517159,FALSE,FALSE
comm_5593,11.040470692952786,3.0504614665246166,8,2,0.7183379121873321,0.7183379121873322,FALSE,FALSE
comm_5594,10.196332605761135,3.0504614665246166,9,2,3.2609276157912075,3.260927615791208,FALSE,FALSE
comm_5595,9.508295450367202,3.0504614665246166,9,5,8.919120028065999,8.919120028065997,FALSE,FALSE
comm_5596,8.769178314,3.0504614665246166,11,5,4.193292784143625,4.193292784143624,FALSE,FALSE
comm_5597,8.706576914749093,3.0504614665246166,8,3,2.4827537373005852,2.4827537373005852,FALSE,FALSE
comm_5598,9.612688388177672,3.0504614665246166,10,4,6.967113333739023,6.967113333739024,FALSE,FALSE
comm_5599,10.033522238265514,3.0504614665246166,11,4,7.040695555694995,7.040695555694994,FALSE,FALSE
comm_5600,8.886770838,3.0504614665246166,9,2,1.3325635773220108,1.3325635773220108,FALSE,FALSE
comm_5601,10.64974461469666,3.0504614665246166,9,4,6.978148082191604,6.978148082191604,FALSE,FALSE
comm_5602,8.356586962200632,3.0504614665246166,12,4,2.7843447140963997,2.784344714096399,FALSE,FALSE
comm_5603,11.214959551624329,3.0504614665246166,11,5,3.3103641096674172,3.310364109667417,FALSE,FALSE
comm_5604,9.579960717782203,3.0504614665246166,11,5,5.8648076266805305,5.864807626680532,FALSE,FALSE
comm_5605,10.067659972772034,3.0504614665246166,9,4,12.23715862790898,12.237158627908984,FALSE,FALSE
comm_5606,11.365108775038212,3.0504614665246166,11,4,3.1051749264675337,3.1051749264675337,FALSE,FALSE
comm_5607,11.511510139586186,3.0504614665246166,11,4,3.358760130262972,3.358760130262972,FALSE,FALSE
comm_5608,9.290333774974371,3.0504614665246166,12,3,3.800664225619958,3.8006642256199576,FALSE,FALSE
comm_5609,9.407998937063956,3.0504614665246166,11,5,4.804387332230381,4.804387332,FALSE,FALSE
comm_5610,10.56797937408475,3.0504614665246166,10,5,7.056750374594117,7.056750374594115,FALSE,FALSE
comm_5611,10.07119343655054,3.0504614665246166,9,5,3.379630823314375,3.379630823314374,FALSE,FALSE
comm_5612,11.229780130147931,3.0504614665246166,9,4,4.699544368646845,4.699544368646846,FALSE,FALSE
comm_5613,11.681154714545633,3.0504614665246166,8,5,4.148801688769913,4.148801688769913,FALSE,FALSE
comm_5614,10.303878208912984,3.0504614665246166,12,3,4.162891219330572,4.162891219330572,FALSE,FALSE
comm_5615,8.987769716168941,3.0504614665246166,8,1,0.5219631383187712,0.5219631383187712,FALSE,FALSE
comm_5616,8.727858835372224,3.0504614665246166,11,5,2.6036737697479113,2.603673769747911,FALSE,FALSE
comm_5617,10.511443037347382,3.0504614665246166,9,5,2.5702683260290193,2.570268326,FALSE,FALSE
comm_5618,10.384580268982852,3.0504614665246166,12,5,5.063582660498889,5.06358266,FALSE,FALSE
comm_5619,12.089310540575546,3.0504614665246166,8,3,3.733631695822467,3.733631695822467,FALSE,FALSE
comm_5620,9.549371865058133,3.0504614665246166,11,6,7.395831692635442,7.395831692635442,FALSE,FALSE
comm_5621,10.78297591,3.0504614665246166,9,5,5.552658342926515,5.552658342926514,FALSE,FALSE
comm_5622,9.690664946,3.0504614665246166,12,4,1.9144456014456976,1.914445601445697,FALSE,FALSE
comm_5623,8.392080276621197,3.0504614665246166,11,5,6.081563739762027,6.081563739762026,FALSE,FALSE
comm_5624,13.668610752567634,3.0504614665246166,8,2,0.485414986,0.4854149858960142,FALSE,FALSE
comm_5625,8.375454954458522,3.0504614665246166,12,5,8.359822610437755,8.359822610437757,FALSE,FALSE
comm_5626,9.865512710001338,3.0504614665246166,12,5,7.9790354490248525,7.9790354490248525,FALSE,FALSE
comm_5627,9.266793203509089,3.0504614665246166,11,3,3.9199646748630546,3.919964674863055,FALSE,FALSE
comm_5628,10.256891017664731,3.0504614665246166,12,4,2.213636294543342,2.2136362945433423,FALSE,FALSE
comm_5629,11.205984291221496,3.0504614665246166,11,3,2.224271427675912,2.2242714276759115,FALSE,FALSE
comm_5630,9.729177841429118,3.0504614665246166,9,3,4.800108366334351,4.800108366334351,FALSE,FALSE
comm_5631,11.395481266701143,3.0504614665246166,9,4,0.90102445,0.90102445,FALSE,FALSE
comm_5632,12.65715884857764,3.0504614665246166,9,4,1.9811015960226463,1.9811015960226463,FALSE,FALSE
comm_5633,10.171820295920316,3.0504614665246166,11,8,8.883970529002557,8.883970529002559,FALSE,FALSE
comm_5634,8.495998467435427,3.0504614665246166,11,5,9.576570707186786,9.576570707186786,FALSE,FALSE
comm_5635,11.058195630530742,3.0504614665246166,8,3,5.407305061187392,5.407305061187392,FALSE,FALSE
comm_5636,9.403036480767147,3.0504614665246166,10,3,0.967028073,0.9670280731731888,FALSE,FALSE
comm_5637,10.093053025679447,3.0504614665246166,8,3,2.503461995021431,2.5034619950214307,FALSE,FALSE
comm_5638,8.568846908567377,3.0504614665246166,12,5,4.641566058120498,4.641566058120498,FALSE,FALSE
comm_5639,10.01390806,3.0504614665246166,12,5,3.536912392628125,3.5369123926281243,FALSE,FALSE
comm_5640,9.773757024359028,3.0504614665246166,10,5,7.877360186635164,7.877360186635163,FALSE,FALSE
comm_5641,10.67573361889962,3.0504614665246166,8,5,6.568092442581559,6.568092442581558,FALSE,FALSE
comm_5642,14.084358984288244,3.0504614665246166,8,4,4.291349677323433,4.291349677323433,FALSE,FALSE
comm_5643,9.719858446903505,3.0504614665246166,10,5,7.931234023664695,7.931234023664695,FALSE,FALSE
comm_5644,9.686501435775977,3.0504614665246166,9,6,9.063997006031531,9.063997006031531,FALSE,FALSE
comm_5645,9.920475919883089,3.0504614665246166,12,1,1.3349832703869349,1.3349832703869349,FALSE,FALSE
comm_5646,9.125136159002064,3.0504614665246166,12,5,4.095336241016025,4.095336241016024,FALSE,FALSE
comm_5647,11.014693581694877,3.0504614665246166,8,1,1.038746242144931,1.038746242144931,FALSE,FALSE
comm_5648,11.544922708113418,3.0504614665246166,8,2,3.673099383999734,3.6730993839997335,FALSE,FALSE
comm_5649,9.187671205136615,3.0504614665246166,10,7,13.546190969154043,13.54619096915404,FALSE,FALSE
comm_5650,10.088718176380416,3.0504614665246166,12,5,6.285632416521329,6.285632416521329,FALSE,FALSE
comm_5651,9.735643801951609,3.0504614665246166,11,6,6.725742829733423,6.725742829733424,FALSE,FALSE
comm_5652,8.764706403260886,3.0504614665246166,9,4,7.257894191,7.257894190575251,FALSE,FALSE
comm_5653,9.370135289171326,3.0504614665246166,12,4,4.939912029,4.939912029,FALSE,FALSE
comm_5654,11.35852343132538,3.0504614665246166,12,6,4.353848739,4.353848739,FALSE,FALSE
comm_5655,9.515075003,3.0504614665246166,12,4,9.508722193586864,9.508722193586864,FALSE,FALSE
comm_5656,9.992960086180792,3.0504614665246166,9,2,0.968181565,0.9681815647054038,FALSE,FALSE
comm_5657,9.148467378,3.0504614665246166,9,3,5.706666780748924,5.706666780748924,FALSE,FALSE
comm_5658,9.103097991067928,3.0504614665246166,11,3,3.723737673777652,3.7237376737776513,FALSE,FALSE
comm_5659,9.822389807820617,3.0504614665246166,9,3,4.103371497990548,4.103371497990548,FALSE,FALSE
comm_5660,9.310544940878485,3.0504614665246166,9,4,5.966933742736305,5.966933742736306,FALSE,FALSE
comm_5661,9.091556451,3.0504614665246166,8,2,4.341079184953891,4.341079184953891,FALSE,FALSE
comm_5662,12.067991235647629,3.0504614665246166,9,6,2.1980116553429636,2.198011655342963,FALSE,FALSE
comm_5663,10.145516268290596,3.0504614665246166,10,3,4.1536274476357145,4.1536274476357145,FALSE,FALSE
comm_5664,10.164791188912682,3.0504614665246166,12,6,8.946760416666642,8.946760416666644,FALSE,FALSE
comm_5665,11.19271997105415,3.0504614665246166,12,3,3.531855064,3.5318550639110393,FALSE,FALSE
comm_5666,11.087998669995212,3.0504614665246166,11,5,3.6283909611313647,3.628390961131364,FALSE,FALSE
comm_5667,11.146577455273473,3.0504614665246166,11,3,3.8472828070570895,3.8472828070570895,FALSE,FALSE
comm_5668,7.901588438,3.0504614665246166,10,3,5.322898128792357,5.322898128792358,FALSE,FALSE
comm_5669,9.982023752407322,3.0504614665246166,11,4,4.516625549933983,4.516625549933983,FALSE,FALSE
comm_5670,10.265428140305945,3.0504614665246166,8,3,3.0105354147121446,3.010535414712144,FALSE,FALSE
comm_5671,9.177066840949308,3.0504614665246166,10,5,6.767892066600432,6.767892066600432,FALSE,FALSE
comm_5672,9.070433145813272,3.0504614665246166,10,6,9.356373939,9.356373939,FALSE,FALSE
comm_5673,10.450931823307304,3.0504614665246166,12,7,6.707200236843071,6.707200236843071,FALSE,FALSE
comm_5674,10.04376222356567,3.0504614665246166,12,3,7.1164461862154615,7.1164461862154615,FALSE,FALSE
comm_5675,9.669727079723096,3.0504614665246166,12,7,6.621815422018603,6.621815422018603,FALSE,FALSE
comm_5676,9.096749610110445,3.0504614665246166,10,4,4.944875358335143,4.944875358335142,FALSE,FALSE
comm_5677,10.360692816784436,3.0504614665246166,12,6,6.606309809934963,6.606309809934962,FALSE,FALSE
comm_5678,8.725924219936847,3.0504614665246166,12,6,10.079089877190356,10.079089877190356,FALSE,FALSE
comm_5679,10.237036234690024,3.0504614665246166,9,4,4.763489713188705,4.763489713188704,FALSE,FALSE
comm_5680,9.770569343,3.0504614665246166,12,7,14.604437704954906,14.604437704954902,FALSE,FALSE
comm_5681,8.062479918,3.0504614665246166,8,4,9.861812501424946,9.861812501424945,FALSE,FALSE
comm_5682,9.127414762483252,3.0504614665246166,10,4,2.941646403708499,2.941646403708499,FALSE,FALSE
comm_5683,10.66356253242353,3.0504614665246166,9,2,2.2037105363906053,2.203710536390605,FALSE,FALSE
comm_5684,12.87019148,3.0504614665246166,8,5,3.4568344596851612,3.4568344596851612,FALSE,FALSE
comm_5685,12.100092048223864,3.0504614665246166,10,4,2.9011072743258612,2.9011072743258612,FALSE,FALSE
comm_5686,9.400471934775368,3.0504614665246166,12,6,4.442573083641719,4.442573083641719,FALSE,FALSE
comm_5687,8.505758877958733,3.0504614665246166,10,5,10.865880863244444,10.865880863244444,FALSE,FALSE
comm_5688,9.864162514014064,3.0504614665246166,10,3,3.214865783509665,3.2148657835096643,FALSE,FALSE
comm_5689,8.858846503146442,3.0504614665246166,12,4,3.502387043724198,3.502387043724198,FALSE,FALSE
comm_5690,8.230303573052817,3.0504614665246166,11,4,5.723854466,5.723854465807008,FALSE,FALSE
comm_5691,10.807142320486776,3.0504614665246166,8,4,4.755486379457082,4.755486379457082,FALSE,FALSE
comm_5692,9.189560123389334,3.0504614665246166,11,6,5.4451522281640035,5.445152228164003,FALSE,FALSE
comm_5693,10.870980256599568,3.0504614665246166,8,3,3.514106624910141,3.514106624910141,FALSE,FALSE
comm_5694,9.526127098001126,3.0504614665246166,10,4,7.720333225017022,7.720333225017023,FALSE,FALSE
comm_5695,8.854284641334216,3.0504614665246166,11,5,5.0095877057004525,5.009587705700453,FALSE,FALSE
comm_5696,10.115529329299546,3.0504614665246166,9,5,9.779060838,9.779060838,FALSE,FALSE
comm_5697,11.301502185646182,3.0504614665246166,9,3,3.5328091412702767,3.5328091412702767,FALSE,FALSE
comm_5698,10.533147779480116,3.0504614665246166,10,1,0.4828357550558234,0.4828357550558234,FALSE,FALSE
comm_5699,9.747641989,3.0504614665246166,12,4,2.8915140298584783,2.8915140298584783,FALSE,FALSE
comm_5700,13.21874988573723,3.0504614665246166,8,4,2.9243869110927134,2.9243869110927134,FALSE,FALSE
comm_5701,13.093727440030271,3.0504614665246166,11,4,2.034112876837985,2.034112876837985,FALSE,FALSE
comm_5702,8.292560497011396,3.0504614665246166,10,3,4.377474993081103,4.377474993081102,FALSE,FALSE
comm_5703,10.750517415989794,3.0504614665246166,9,5,5.614899078917832,5.614899078917832,FALSE,FALSE
comm_5704,8.685911363805884,3.0504614665246166,12,4,5.692032222079951,5.692032222079952,FALSE,FALSE
comm_5705,10.06551679405389,3.0504614665246166,11,3,3.362180617485138,3.3621806174851385,FALSE,FALSE
comm_5706,13.737253383338796,3.0504614665246166,10,5,3.058764625113263,3.058764625113263,FALSE,FALSE
comm_5707,10.221771827805576,3.0504614665246166,12,2,2.5910873914565675,2.591087391456568,FALSE,FALSE
comm_5708,11.085869883568462,3.0504614665246166,8,4,4.851570946922782,4.851570946922782,FALSE,FALSE
comm_5709,11.317958186396616,3.0504614665246166,9,3,4.0018065277931845,4.0018065277931845,FALSE,FALSE
comm_5710,13.356267009001446,3.0504614665246166,9,4,4.337216138607313,4.337216138607313,FALSE,FALSE
comm_5711,10.68955078410599,3.0504614665246166,10,1,0.1999975413637556,0.1999975413637556,FALSE,FALSE
comm_5712,11.74633886937618,3.0504614665246166,9,3,2.812892675823102,2.812892675823103,FALSE,FALSE
comm_5713,10.507019940595075,3.0504614665246166,11,4,4.1420652677083485,4.142065267708349,FALSE,FALSE
comm_5714,10.21581481918487,3.0504614665246166,10,4,3.2931483182778765,3.2931483182778765,FALSE,FALSE
comm_5715,12.175894099186502,3.0504614665246166,10,5,5.260927814845077,5.260927814845076,FALSE,FALSE
comm_5716,9.059055166118664,3.0504614665246166,9,2,2.5957938967189276,2.595793896718927,FALSE,FALSE
comm_5717,9.935723330530106,3.0504614665246166,11,3,2.7997095151764824,2.7997095151764815,FALSE,FALSE
comm_5718,9.390002562264629,3.0504614665246166,11,5,6.803593115016317,6.803593115016316,FALSE,FALSE
comm_5719,10.561098974762194,3.0504614665246166,8,3,5.761933683283509,5.761933683,FALSE,FALSE
comm_5720,10.58085989508888,3.0504614665246166,11,3,1.799121895316323,1.7991218953163228,FALSE,FALSE
comm_5721,8.402832206,3.0504614665246166,11,5,5.990480831569628,5.990480831569629,FALSE,FALSE
comm_5722,14.44905357751718,3.0504614665246166,8,4,2.648681695186133,2.648681695186133,FALSE,FALSE
comm_5723,12.91343679572918,3.0504614665246166,9,1,0.3186183498523722,0.3186183498523722,FALSE,FALSE
comm_5724,12.428246664055663,3.0504614665246166,10,5,3.6763481413910544,3.6763481413910544,FALSE,FALSE
comm_5725,8.195223170008537,3.0504614665246166,12,7,12.427107798461815,12.427107798461815,FALSE,FALSE
comm_5726,9.663010536024563,3.0504614665246166,10,3,1.4067055365696963,1.406705536569696,FALSE,FALSE
comm_5727,9.949997744456288,3.0504614665246166,9,3,0.9418932969619056,0.9418932969619056,FALSE,FALSE
comm_5728,9.898426813878991,3.0504614665246166,12,6,6.952370130528795,6.952370130528794,FALSE,FALSE
comm_5729,9.482402959523172,3.0504614665246166,11,4,3.170801540014811,3.1708015400148115,FALSE,FALSE
comm_5730,10.929359175994326,3.0504614665246166,11,4,4.398676574949938,4.398676574949938,FALSE,FALSE
comm_5731,11.646154220122678,3.0504614665246166,12,4,4.837253206867073,4.837253206867073,FALSE,FALSE
comm_5732,11.368339902219615,3.0504614665246166,9,3,4.659328497398687,4.659328497398687,FALSE,FALSE
comm_5733,10.71989449461174,3.0504614665246166,10,4,2.9290807877475817,2.9290807877475817,FALSE,FALSE
comm_5734,8.817631789832333,3.0504614665246166,11,2,1.8927601461261565,1.8927601461261567,FALSE,FALSE
comm_5735,10.046685995641342,3.0504614665246166,11,5,4.780294342056743,4.7802943420567425,FALSE,FALSE
comm_5736,10.230459514453502,3.0504614665246166,8,5,14.316013525139397,14.31601353,FALSE,FALSE
comm_5737,9.918332396159292,3.0504614665246166,8,2,1.4657080704376402,1.4657080704376404,FALSE,FALSE
comm_5738,11.175061378080994,3.0504614665246166,12,6,8.722533642813042,8.722533642813042,FALSE,FALSE
comm_5739,10.119141058928792,3.0504614665246166,11,6,5.997333380228337,5.997333380228337,FALSE,FALSE
comm_5740,8.801164978387327,3.0504614665246166,12,6,5.899513701106619,5.8995137011066205,FALSE,FALSE
comm_5741,9.668246972330191,3.0504614665246166,11,4,7.030695616330717,7.030695616330718,FALSE,FALSE
comm_5742,9.576710918,3.0504614665246166,8,2,2.7585555118567298,2.758555511856729,FALSE,FALSE
comm_5743,9.971415148231712,3.0504614665246166,12,4,1.826093071890461,1.826093071890461,FALSE,FALSE
comm_5744,10.099339746066509,3.0504614665246166,10,5,7.878291840094576,7.878291840094577,FALSE,FALSE
comm_5745,10.200507940806222,3.0504614665246166,9,5,4.407247205809283,4.407247205809284,FALSE,FALSE
comm_5746,9.021558972755836,3.0504614665246166,10,3,6.42095004,6.42095004,FALSE,FALSE
comm_5747,10.516709011514465,3.0504614665246166,10,2,1.9965056222505384,1.9965056222505384,FALSE,FALSE
comm_5748,10.197157558833792,3.0504614665246166,10,4,5.6141328316038255,5.6141328316038255,FALSE,FALSE
comm_5749,12.20476363128926,3.0504614665246166,8,3,3.240181046824831,3.240181046824831,FALSE,FALSE
comm_5750,10.042094928289467,3.0504614665246166,8,3,3.875373140769337,3.8753731407693377,FALSE,FALSE
comm_5751,11.018460741564356,3.0504614665246166,9,4,2.461184523332967,2.461184523332967,FALSE,FALSE
comm_5752,9.958902522131623,3.0504614665246166,10,4,2.542701443759286,2.5427014437592854,FALSE,FALSE
comm_5753,9.826989863907652,3.0504614665246166,12,5,3.914647685753134,3.914647685753134,FALSE,FALSE
comm_5754,9.642158898706803,3.0504614665246166,12,4,4.637241613248411,4.637241613248411,FALSE,FALSE
comm_5755,9.297894408701747,3.0504614665246166,10,4,2.762842444320473,2.762842444320473,FALSE,FALSE
comm_5756,10.594382356722134,3.0504614665246166,9,2,1.096073409,1.096073409,FALSE,FALSE
comm_5757,14.541635174419216,3.0504614665246166,12,3,0.9068578144422303,0.9068578144422306,FALSE,FALSE
comm_5758,9.327089486989715,3.0504614665246166,12,4,6.500467075746848,6.500467075746849,FALSE,FALSE
comm_5759,11.197742170916246,3.0504614665246166,10,7,5.410549844,5.410549843865582,FALSE,FALSE
comm_5760,9.063139057110146,3.0504614665246166,12,5,7.024050952846723,7.024050952846723,FALSE,FALSE
comm_5761,10.442626096760396,3.0504614665246166,12,4,4.1072061321812825,4.107206132181283,FALSE,FALSE
comm_5762,9.802107815,3.0504614665246166,11,2,0.9453824524862212,0.9453824524862212,FALSE,FALSE
comm_5763,9.382831231878647,3.0504614665246166,11,4,3.718961638719232,3.718961638719232,FALSE,FALSE
comm_5764,9.373074902102564,3.0504614665246166,12,6,8.182724044384974,8.182724044384974,FALSE,FALSE
comm_5765,10.157984188813272,3.0504614665246166,8,2,0.997315247,0.997315247,FALSE,FALSE
comm_5766,9.662254080287374,3.0504614665246166,12,4,3.2027818504584156,3.2027818504584156,FALSE,FALSE
comm_5767,11.20976551545435,3.0504614665246166,9,4,5.133962437216188,5.133962437216187,FALSE,FALSE
comm_5768,8.996960960251936,3.0504614665246166,11,4,7.133594870203856,7.133594870203856,FALSE,FALSE
comm_5769,9.470545769572052,3.0504614665246166,11,3,2.634100787109472,2.634100787109472,FALSE,FALSE
comm_5770,8.420020100440532,3.0504614665246166,8,4,6.7412871910427885,6.7412871910427885,FALSE,FALSE
comm_5771,9.716857403,3.0504614665246166,11,3,3.582774375527128,3.582774375527128,FALSE,FALSE
comm_5772,13.73178346861226,3.0504614665246166,10,3,3.5705705320650907,3.5705705320650907,FALSE,FALSE
comm_5773,9.095361725510296,3.0504614665246166,11,4,3.9415675518745226,3.941567551874523,FALSE,FALSE
comm_5774,9.642415142920294,3.0504614665246166,10,5,5.862002054301421,5.862002054301421,FALSE,FALSE
comm_5775,10.287913397220494,3.0504614665246166,12,5,1.360406286570036,1.360406286570036,FALSE,FALSE
comm_5776,11.121047079477522,3.0504614665246166,10,5,4.9503521086634805,4.950352108663481,FALSE,FALSE
comm_5777,9.793694650713183,3.0504614665246166,12,3,8.078071809530638,8.078071809530638,FALSE,FALSE
comm_5778,9.785863257836356,3.0504614665246166,10,5,3.789829492031944,3.789829492031944,FALSE,FALSE
comm_5779,9.867369539357034,3.0504614665246166,10,5,5.8403170216803275,5.840317021680328,FALSE,FALSE
comm_5780,8.979454100711727,3.0504614665246166,12,5,2.4537999257973655,2.4537999257973655,FALSE,FALSE
comm_5781,9.032445452,3.0504614665246166,9,2,1.5016969367309212,1.5016969367309216,FALSE,FALSE
comm_5782,11.706279972598978,3.0504614665246166,8,3,2.2668551629806557,2.2668551629806557,FALSE,FALSE
comm_5783,8.421618030139335,3.0504614665246166,12,7,5.600451514639576,5.600451514639575,FALSE,FALSE
comm_5784,10.115908789300466,3.0504614665246166,12,2,1.9598265845906504,1.9598265845906508,FALSE,FALSE
comm_5785,9.382504103165004,3.0504614665246166,9,4,5.859715770468535,5.859715770468535,FALSE,FALSE
comm_5786,9.484503709594316,3.0504614665246166,9,2,1.7573946186762717,1.757394618676272,FALSE,FALSE
comm_5787,9.131996326515416,3.0504614665246166,10,3,3.712164896591357,3.712164896591357,FALSE,FALSE
comm_5788,12.768977952044729,3.0504614665246166,8,3,2.237082302,2.237082302,FALSE,FALSE
comm_5789,9.870996110849472,3.0504614665246166,9,5,6.117438063010517,6.117438063010516,FALSE,FALSE
comm_5790,9.874282719203348,3.0504614665246166,8,2,3.049563171952908,3.0495631719529084,FALSE,FALSE
comm_5791,11.09432915,3.0504614665246166,8,6,5.8147900955895375,5.814790095589538,FALSE,FALSE
comm_5792,9.523201207444874,3.0504614665246166,12,4,3.701657417444837,3.701657417444837,FALSE,FALSE
comm_5793,8.437204729902628,3.0504614665246166,8,3,4.171641739516955,4.171641739516955,FALSE,FALSE
comm_5794,9.671293005,3.0504614665246166,9,3,2.2697056398960194,2.2697056398960194,FALSE,FALSE
comm_5795,9.382738120957564,3.0504614665246166,8,4,6.634419527386249,6.634419527,FALSE,FALSE
comm_5796,9.565903099868056,3.0504614665246166,8,2,1.580050064053169,1.580050064053169,FALSE,FALSE
comm_5797,9.516329176364348,3.0504614665246166,8,2,0.3740390606724629,0.3740390606724629,FALSE,FALSE
comm_5798,9.816236367967775,3.0504614665246166,10,4,7.6740395146876175,7.6740395146876175,FALSE,FALSE
comm_5799,9.861050201833304,3.0504614665246166,9,3,2.036647805103919,2.036647805103919,FALSE,FALSE
comm_5800,9.722676470479374,3.0504614665246166,12,6,6.915658379881262,6.915658379881263,FALSE,FALSE
comm_5801,10.45629907,3.0504614665246166,12,5,4.146103232623211,4.146103232623211,FALSE,FALSE
comm_5802,11.573495104611393,3.0504614665246166,11,4,3.5448773738967896,3.5448773738967896,FALSE,FALSE
comm_5803,9.232943379401473,3.0504614665246166,9,5,7.060477315485437,7.060477315485439,FALSE,FALSE
comm_5804,9.458529879,3.0504614665246166,9,4,4.449105338561569,4.449105338561569,FALSE,FALSE
comm_5805,10.068745623925372,3.0504614665246166,11,4,5.473187304589315,5.473187304589315,FALSE,FALSE
comm_5806,10.16281969376366,3.0504614665246166,8,5,3.946006070640185,3.946006070640184,FALSE,FALSE
comm_5807,10.426123426838094,3.0504614665246166,9,5,5.790598002792881,5.790598003,FALSE,FALSE
comm_5808,9.23912777,3.0504614665246166,11,5,5.064619754417217,5.064619754417219,FALSE,FALSE
comm_5809,9.577547695,3.0504614665246166,10,4,5.406757942355358,5.406757942355357,FALSE,FALSE
comm_5810,9.435905995,3.0504614665246166,8,5,10.779972037537537,10.779972037537537,FALSE,FALSE
comm_5811,9.199731573078449,3.0504614665246166,11,5,7.862503246901074,7.862503246901073,FALSE,FALSE
comm_5812,10.18998934133448,3.0504614665246166,8,3,3.536349940573765,3.536349940573765,FALSE,FALSE
comm_5813,11.628166056283524,3.0504614665246166,10,5,3.9017245390532658,3.901724539053265,FALSE,FALSE
comm_5814,9.450544165421183,3.0504614665246166,10,5,4.372759546641009,4.372759546641008,FALSE,FALSE
comm_5815,9.634748312973612,3.0504614665246166,9,5,2.874021294964261,2.874021294964261,FALSE,FALSE
comm_5816,12.094189852306725,3.0504614665246166,9,3,2.9740248385739294,2.9740248385739294,FALSE,FALSE
comm_5817,8.025816328,3.0504614665246166,12,5,7.691257561056972,7.691257561056973,FALSE,FALSE
comm_5818,10.193409717581575,3.0504614665246166,8,3,2.4153939842058185,2.415393984205818,FALSE,FALSE
comm_5819,9.553673690655373,3.0504614665246166,10,5,7.759518900058918,7.759518900058918,FALSE,FALSE
comm_5820,9.828233075300933,3.0504614665246166,10,4,3.3587631833666136,3.358763183366614,FALSE,FALSE
comm_5821,12.628618262243249,3.0504614665246166,8,4,4.626345489996834,4.626345489996835,FALSE,FALSE
comm_5822,8.807026614536356,3.0504614665246166,8,2,2.9764321053559075,2.9764321053559075,FALSE,FALSE
comm_5823,8.878343928583423,3.0504614665246166,10,1,1.7318050407291312,1.7318050407291308,FALSE,FALSE
comm_5824,9.505179925,3.0504614665246166,10,5,4.072626175058067,4.072626175058067,FALSE,FALSE
comm_5825,9.312335257,3.0504614665246166,12,5,5.9759048393895675,5.9759048393895675,FALSE,FALSE
comm_5826,8.485201495280444,3.0504614665246166,11,5,8.265735655074836,8.265735655074836,FALSE,FALSE
comm_5827,9.386218923,3.0504614665246166,11,4,9.318541611776668,9.318541611776665,FALSE,FALSE
comm_5828,10.060403913499307,3.0504614665246166,12,4,2.6713425700447835,2.671342570044784,FALSE,FALSE
comm_5829,10.002097758795465,3.0504614665246166,8,3,1.9210803599289392,1.9210803599289392,FALSE,FALSE
comm_5830,8.653704516883868,3.0504614665246166,9,4,2.7270448785708523,2.7270448785708523,FALSE,FALSE
comm_5831,9.659288915,3.0504614665246166,8,2,5.056533399365876,5.056533399365876,FALSE,FALSE
comm_5832,9.634068330990653,3.0504614665246166,12,4,4.4523958871093825,4.452395887109381,FALSE,FALSE
comm_5833,10.547960847492742,3.0504614665246166,10,5,4.857393123760107,4.857393123760107,FALSE,FALSE
comm_5834,8.794904871926173,3.0504614665246166,10,3,3.206694399269787,3.2066943992697876,FALSE,FALSE
comm_5835,9.597443979864495,3.0504614665246166,10,3,1.1087515651735025,1.1087515651735025,FALSE,FALSE
comm_5836,10.080512106224392,3.0504614665246166,11,3,2.892997962847843,2.8929979628478426,FALSE,FALSE
comm_5837,11.413702675964874,3.0504614665246166,8,5,5.547044928672768,5.547044928672767,FALSE,FALSE
comm_5838,10.043267758424069,3.0504614665246166,9,4,5.578496470846222,5.578496470846222,FALSE,FALSE
comm_5839,8.501446899672839,3.0504614665246166,9,2,1.4395555348491915,1.4395555348491915,FALSE,FALSE
comm_5840,10.069511191753216,3.0504614665246166,10,3,3.596863563108932,3.5968635631089314,FALSE,FALSE
comm_5841,8.710462109316985,3.0504614665246166,12,4,5.708494670470258,5.708494670470259,FALSE,FALSE
comm_5842,10.34429542999148,3.0504614665246166,12,7,6.076085988424376,6.076085988424379,FALSE,FALSE
comm_5843,8.939444256201757,3.0504614665246166,10,2,2.7050111835339834,2.7050111835339834,FALSE,FALSE
comm_5844,9.818265613,3.0504614665246166,8,3,5.4604971031425995,5.4604971031425995,FALSE,FALSE
comm_5845,10.242043438184831,3.0504614665246166,9,5,5.811726507052759,5.811726507052758,FALSE,FALSE
comm_5846,9.457236224,3.0504614665246166,9,2,3.225075729596474,3.225075729596474,FALSE,FALSE
comm_5847,10.825189769770478,3.0504614665246166,10,4,4.962827258987077,4.962827258987077,FALSE,FALSE
comm_5848,9.731126716087983,3.0504614665246166,11,5,3.2168490190631496,3.2168490190631496,FALSE,FALSE
comm_5849,9.353911392903807,3.0504614665246166,12,6,7.522418754319275,7.522418754319273,FALSE,FALSE
comm_5850,9.180409354484954,3.0504614665246166,11,5,10.054324877639656,10.054324877639656,FALSE,FALSE
comm_5851,11.41301214405402,3.0504614665246166,11,6,6.0783144167862755,6.078314416786275,FALSE,FALSE
comm_5852,10.851258157227068,3.0504614665246166,10,3,1.126260264705439,1.126260264705439,FALSE,FALSE
comm_5853,9.002878832147761,3.0504614665246166,9,3,4.069298565038174,4.069298565038173,FALSE,FALSE
comm_5854,9.837246127821093,3.0504614665246166,8,5,5.2702424836246005,5.270242483624601,FALSE,FALSE
comm_5855,11.02881397202512,3.0504614665246166,12,7,7.107183701122856,7.107183701122856,FALSE,FALSE
comm_5856,10.089405175813374,3.0504614665246166,10,3,2.8752894733489365,2.875289473348937,FALSE,FALSE
comm_5857,8.291546954392361,3.0504614665246166,8,1,1.6036366564858529,1.6036366564858529,FALSE,FALSE
comm_5858,9.921650403202031,3.0504614665246166,12,4,7.444668227800947,7.444668227800948,FALSE,FALSE
comm_5859,10.35674822608068,3.0504614665246166,11,5,4.476408329740437,4.476408329740437,FALSE,FALSE
comm_5860,11.499833674013097,3.0504614665246166,10,5,6.373975615,6.373975615,FALSE,FALSE
comm_5861,8.589618151,3.0504614665246166,10,3,1.6955735845346975,1.6955735845346978,FALSE,FALSE
comm_5862,9.771586605,3.0504614665246166,9,4,2.7318662122388297,2.731866212,FALSE,FALSE
comm_5863,9.221056127138798,3.0504614665246166,8,2,1.563978066361894,1.5639780663618936,FALSE,FALSE
comm_5864,9.521415429981998,3.0504614665246166,12,6,4.449664727024945,4.4496647270249445,FALSE,FALSE
comm_5865,10.26853667262643,3.0504614665246166,12,5,2.8694670800429236,2.8694670800429236,FALSE,FALSE
comm_5866,8.806867180310974,3.0504614665246166,8,5,12.439589099466602,12.439589099466604,FALSE,FALSE
comm_5867,10.839354769847947,3.0504614665246166,10,4,4.887060563348024,4.887060563348025,FALSE,FALSE
comm_5868,10.397931644657676,3.0504614665246166,8,4,5.686235378975106,5.6862353789751054,FALSE,FALSE
comm_5869,9.027264796258558,3.0504614665246166,9,5,6.723063938134081,6.723063938,FALSE,FALSE
comm_5870,9.619342539561307,3.0504614665246166,11,5,3.7733272216107423,3.7733272216107423,FALSE,FALSE
comm_5871,9.826254726201196,3.0504614665246166,12,5,3.932341565347672,3.932341565347671,FALSE,FALSE
comm_5872,10.058537296585277,3.0504614665246166,12,5,4.188110166404422,4.188110166404422,FALSE,FALSE
comm_5873,11.027275796615188,3.0504614665246166,8,5,6.173542414592206,6.173542414592205,FALSE,FALSE
comm_5874,11.011826170458948,3.0504614665246166,11,2,0.9733685967613128,0.9733685967613128,FALSE,FALSE
comm_5875,10.77694762050818,3.0504614665246166,10,6,4.611834544645025,4.611834544645026,FALSE,FALSE
comm_5876,10.710603898443267,3.0504614665246166,10,3,7.424978119271828,7.424978119271831,FALSE,FALSE
comm_5877,9.596264665169858,3.0504614665246166,10,6,6.433798996511398,6.433798996511398,FALSE,FALSE
comm_5878,10.539786533069176,3.0504614665246166,10,2,2.791302745312255,2.7913027453122554,FALSE,FALSE
comm_5879,9.562840627658412,3.0504614665246166,11,2,2.377343790636055,2.377343790636055,FALSE,FALSE
comm_5880,9.689287503279546,3.0504614665246166,8,3,3.643436460126544,3.643436460126544,FALSE,FALSE
comm_5881,10.463801639959428,3.0504614665246166,8,4,4.723970482568364,4.723970482568364,FALSE,FALSE
comm_5882,9.732160652123804,3.0504614665246166,11,6,3.2614675204230164,3.261467520423017,FALSE,FALSE
comm_5883,10.753437340086323,3.0504614665246166,11,3,3.0889133392688217,3.0889133392688217,FALSE,FALSE
comm_5884,9.990064616,3.0504614665246166,8,2,1.6795137905363595,1.6795137905363595,FALSE,FALSE
comm_5885,8.961028653947487,3.0504614665246166,11,4,6.515674912,6.515674912172339,FALSE,FALSE
comm_5886,8.744136994332877,3.0504614665246166,12,5,8.341468526049159,8.341468526049159,FALSE,FALSE
comm_5887,9.329236533903398,3.0504614665246166,11,3,3.380936979,3.380936979,FALSE,FALSE
comm_5888,9.751081090267345,3.0504614665246166,9,5,4.544130144273387,4.544130144273388,FALSE,FALSE
comm_5889,8.720368728483638,3.0504614665246166,11,5,5.198803959232212,5.198803959232211,FALSE,FALSE
comm_5890,9.083385341625936,3.0504614665246166,8,4,4.979784654094995,4.9797846540949955,FALSE,FALSE
comm_5891,10.625116476883708,3.0504614665246166,10,6,6.651850843180266,6.6518508431802665,FALSE,FALSE
comm_5892,11.063091859686486,3.0504614665246166,8,4,1.0489019526857366,1.0489019526857368,FALSE,FALSE
comm_5893,10.310775645812951,3.0504614665246166,8,2,1.4130305094995737,1.4130305094995737,FALSE,FALSE
comm_5894,10.027377845305477,3.0504614665246166,12,6,8.618916004,8.618916004467088,FALSE,FALSE
comm_5895,9.719406198860176,3.0504614665246166,8,3,7.158153566441484,7.158153566441484,FALSE,FALSE
comm_5896,10.231225321654534,3.0504614665246166,8,4,4.279903323116468,4.279903323116468,FALSE,FALSE
comm_5897,10.04323194279556,3.0504614665246166,10,4,4.343694503981643,4.343694503981642,FALSE,FALSE
comm_5898,8.883543029,3.0504614665246166,10,5,10.64913712021504,10.649137120215045,FALSE,FALSE
comm_5899,10.79911006076562,3.0504614665246166,8,3,2.348629060466586,2.348629060466586,FALSE,FALSE
comm_5900,12.909510651317156,3.0504614665246166,10,5,3.097490176730411,3.0974901767304113,FALSE,FALSE
comm_5901,10.154085298921148,3.0504614665246166,9,3,3.6223606481457753,3.622360648145775,FALSE,FALSE
comm_5902,10.33702418159507,3.0504614665246166,12,4,3.5406782349701422,3.5406782349701422,FALSE,FALSE
comm_5903,8.392319516877537,3.0504614665246166,9,3,5.408498066411833,5.408498066411832,FALSE,FALSE
comm_5904,11.478838641687734,3.0504614665246166,8,2,1.9933130014416536,1.993313001441654,FALSE,FALSE
comm_5905,9.537087161388284,3.0504614665246166,12,5,2.9872968149127517,2.987296814912752,FALSE,FALSE
comm_5906,10.97734861908041,3.0504614665246166,8,3,1.424319421380545,1.4243194213805452,FALSE,FALSE
comm_5907,10.170438680496334,3.0504614665246166,8,3,3.550426891032517,3.550426891032517,FALSE,FALSE
comm_5908,9.392013955,3.0504614665246166,9,4,7.046967417986094,7.046967417986096,FALSE,FALSE
comm_5909,11.397059226776443,3.0504614665246166,9,4,6.0172433913624745,6.0172433913624745,FALSE,FALSE
comm_5910,8.702095793644064,3.0504614665246166,12,4,4.030466438008851,4.030466438008851,FALSE,FALSE
comm_5911,9.753877681568198,3.0504614665246166,10,2,1.8165625931373557,1.8165625931373557,FALSE,FALSE
comm_5912,9.838754302943537,3.0504614665246166,12,4,3.076904645678052,3.0769046456780513,FALSE,FALSE
comm_5913,9.984743680560712,3.0504614665246166,10,3,1.8661146225208989,1.8661146225208984,FALSE,FALSE
comm_5914,8.948833281,3.0504614665246166,9,6,4.1320275312610715,4.1320275312610715,FALSE,FALSE
comm_5915,9.089173795941043,3.0504614665246166,11,4,4.568679584456289,4.568679584456289,FALSE,FALSE
comm_5916,9.533507918666087,3.0504614665246166,10,3,2.628661547466389,2.6286615474663892,FALSE,FALSE
comm_5917,9.928533343124688,3.0504614665246166,10,3,2.633935611999137,2.6339356119991377,FALSE,FALSE
comm_5918,9.360726562,3.0504614665246166,8,3,3.657626901923451,3.657626902,FALSE,FALSE
comm_5919,9.001293977872185,3.0504614665246166,12,4,4.144396964618194,4.144396964618194,FALSE,FALSE
comm_5920,10.600211254492502,3.0504614665246166,9,4,3.266671474940085,3.2666714749400847,FALSE,FALSE
comm_5921,9.709263793099517,3.0504614665246166,9,4,1.176237333944986,1.1762373339449863,FALSE,FALSE
comm_5922,9.475484387451129,3.0504614665246166,12,5,5.156363358671235,5.156363358671236,FALSE,FALSE
comm_5923,9.126440643,3.0504614665246166,9,4,2.898374679295612,2.8983746792956127,FALSE,FALSE
comm_5924,12.375358989708449,3.0504614665246166,9,2,2.4649567563126182,2.4649567563126182,FALSE,FALSE
comm_5925,8.756276239209763,3.0504614665246166,11,4,6.379640581273513,6.379640581273513,FALSE,FALSE
comm_5926,10.341680385470925,3.0504614665246166,8,5,6.204867436025538,6.204867436025538,FALSE,FALSE
comm_5927,10.713233404731564,3.0504614665246166,8,3,2.621297588280628,2.6212975882806284,FALSE,FALSE
comm_5928,9.235151399330023,3.0504614665246166,10,6,6.739943193773019,6.739943193773018,FALSE,FALSE
comm_5929,9.50625071,3.0504614665246166,12,4,1.645403385417679,1.645403385417679,FALSE,FALSE
comm_5930,10.14664892,3.0504614665246166,8,4,2.244283829190988,2.244283829190988,FALSE,FALSE
comm_5931,8.167976281944394,3.0504614665246166,8,1,0.1378552440023753,0.1378552440023753,FALSE,FALSE
comm_5932,9.584569046539844,3.0504614665246166,9,4,5.6501451545209065,5.6501451545209065,FALSE,FALSE
comm_5933,9.916331942703582,3.0504614665246166,9,3,4.735392352500276,4.735392352500277,FALSE,FALSE
comm_5934,8.891614121310553,3.0504614665246166,9,3,2.0409641428042757,2.0409641428042753,FALSE,FALSE
comm_5935,9.963639777830911,3.0504614665246166,12,5,3.350582982033245,3.350582982033244,FALSE,FALSE
comm_5936,11.626784607564243,3.0504614665246166,8,2,2.0557708358390183,2.0557708358390183,FALSE,FALSE
comm_5937,9.844038772546838,3.0504614665246166,10,4,5.847722117823421,5.8477221178234196,FALSE,FALSE
comm_5938,9.88592812,3.0504614665246166,12,6,7.133051593749773,7.133051593749773,FALSE,FALSE
comm_5939,11.364925106508336,3.0504614665246166,9,3,3.961687000604003,3.9616870006040026,FALSE,FALSE
comm_5940,9.384929513786217,3.0504614665246166,12,6,5.689019504341851,5.689019504341851,FALSE,FALSE
comm_5941,9.329958801452396,3.0504614665246166,8,4,4.515398574538435,4.515398574538434,FALSE,FALSE
comm_5942,11.677768666950842,3.0504614665246166,9,4,1.266658246619857,1.266658246619857,FALSE,FALSE
comm_5943,9.986203341,3.0504614665246166,8,1,0.2103383455239511,0.2103383455239511,FALSE,FALSE
comm_5944,9.418657244957071,3.0504614665246166,9,3,2.631484802297723,2.6314848022977224,FALSE,FALSE
comm_5945,8.680137268840681,3.0504614665246166,12,4,1.3967114967118677,1.3967114967118677,FALSE,FALSE
comm_5946,9.095743143,3.0504614665246166,12,4,4.865121377850433,4.865121377850433,FALSE,FALSE
comm_5947,10.034821385351442,3.0504614665246166,10,2,0.9970847248812827,0.9970847248812827,FALSE,FALSE
comm_5948,10.678378421358218,3.0504614665246166,12,4,3.792619929347292,3.792619929347292,FALSE,FALSE
comm_5949,10.808314213449286,3.0504614665246166,10,3,1.874932893184194,1.8749328931841944,FALSE,FALSE
comm_5950,10.609116196854728,3.0504614665246166,9,2,3.058580736956577,3.0585807369565776,FALSE,FALSE
comm_5951,10.08401652056628,3.0504614665246166,11,4,4.176512081164274,4.176512081164274,FALSE,FALSE
comm_5952,9.895028937693985,3.0504614665246166,12,4,4.088993178919514,4.088993178919514,FALSE,FALSE
comm_5953,9.125437058,3.0504614665246166,12,5,10.747038672079151,10.747038672079151,FALSE,FALSE
comm_5954,8.627670549733796,3.0504614665246166,11,4,4.630882526463323,4.630882526463322,FALSE,FALSE
comm_5955,11.098423505485131,3.0504614665246166,10,5,3.602907945828168,3.602907945828168,FALSE,FALSE
comm_5956,10.006257945987729,3.0504614665246166,12,6,7.020990158935224,7.020990158935226,FALSE,FALSE
comm_5957,9.913935938676495,3.0504614665246166,12,4,2.0503510462391135,2.050351046239113,FALSE,FALSE
comm_5958,9.294690647995838,3.0504614665246166,12,5,5.636175667523416,5.636175667523416,FALSE,FALSE
comm_5959,9.491214361177908,3.0504614665246166,8,3,2.9301056018793172,2.9301056018793177,FALSE,FALSE
comm_5960,9.001139096715594,3.0504614665246166,9,3,4.941581928620423,4.941581928620423,FALSE,FALSE
comm_5961,9.650086131,3.0504614665246166,8,4,4.832738051172345,4.8327380511723455,FALSE,FALSE
comm_5962,9.122166326331458,3.0504614665246166,12,5,6.660417105902139,6.660417105902138,FALSE,FALSE
comm_5963,9.711987827688382,3.0504614665246166,11,4,6.716439860112907,6.716439860112907,FALSE,FALSE
comm_5964,9.650424119358933,3.0504614665246166,11,6,9.519965743650358,9.519965743650356,FALSE,FALSE
comm_5965,10.12295970957853,3.0504614665246166,11,5,3.904347634113544,3.904347634113544,FALSE,FALSE
comm_5966,8.718248800744401,3.0504614665246166,8,2,2.7661222163859818,2.766122216385982,FALSE,FALSE
comm_5967,10.42835855494492,3.0504614665246166,12,3,1.7827915756547137,1.7827915756547137,FALSE,FALSE
comm_5968,9.872962441,3.0504614665246166,12,6,5.611012863766265,5.611012863766264,FALSE,FALSE
comm_5969,9.371869693960852,3.0504614665246166,10,2,3.899643856185336,3.899643856185336,FALSE,FALSE
comm_5970,10.176423942873384,3.0504614665246166,12,7,10.613831280517124,10.613831280517124,FALSE,FALSE
comm_5971,9.108758853277616,3.0504614665246166,11,5,8.574767340936072,8.574767340936072,FALSE,FALSE
comm_5972,10.006727560693951,3.0504614665246166,12,3,1.4467677344905416,1.4467677344905416,FALSE,FALSE
comm_5973,10.11269122673448,3.0504614665246166,12,6,3.4750218989746373,3.475021898974637,FALSE,FALSE
comm_5974,10.38577455040195,3.0504614665246166,9,1,1.5954866691949696,1.5954866691949698,FALSE,FALSE
comm_5975,9.075040544458894,3.0504614665246166,8,1,1.381380640825892,1.3813806408258915,FALSE,FALSE
comm_5976,10.823215888490358,3.0504614665246166,11,5,4.892898038034331,4.892898038034331,FALSE,FALSE
comm_5977,9.043497518007714,3.0504614665246166,9,2,3.961691659683823,3.9616916596838223,FALSE,FALSE
comm_5978,8.765992911298117,3.0504614665246166,12,5,4.853400049839373,4.853400049839373,FALSE,FALSE
comm_5979,10.824722500051603,3.0504614665246166,8,3,5.998997453740349,5.998997453740348,FALSE,FALSE
comm_5980,8.772769636,3.0504614665246166,10,5,9.656578221973913,9.656578221973913,FALSE,FALSE
comm_5981,10.320539860584192,3.0504614665246166,12,4,2.233611620063849,2.233611620063849,FALSE,FALSE
comm_5982,10.13256037564119,3.0504614665246166,8,4,5.100012000845843,5.100012000845843,FALSE,FALSE
comm_5983,9.013165330919318,3.0504614665246166,10,4,4.797433954045712,4.7974339540457125,FALSE,FALSE
comm_5984,10.407003666721447,3.0504614665246166,10,2,0.861902927,0.8619029269371927,FALSE,FALSE
comm_5985,8.671535441160154,3.0504614665246166,11,3,2.601494225283468,2.601494225283468,FALSE,FALSE
comm_5986,9.804311023674073,3.0504614665246166,8,4,4.227789314271535,4.2277893142715355,FALSE,FALSE
comm_5987,10.52351237963324,3.0504614665246166,9,4,2.692644410152063,2.6926444101520635,FALSE,FALSE
comm_5988,9.046949210997765,3.0504614665246166,8,3,3.5132962304279296,3.5132962304279296,FALSE,FALSE
comm_5989,9.65013868,3.0504614665246166,12,4,6.041385881502604,6.041385881502605,FALSE,FALSE
comm_5990,9.142178152340655,3.0504614665246166,11,4,7.090972079083922,7.090972079083922,FALSE,FALSE
comm_5991,11.303318564249102,3.0504614665246166,8,3,4.573434127177203,4.573434127177201,FALSE,FALSE
comm_5992,9.211159907,3.0504614665246166,11,4,4.042841940232549,4.042841940232549,FALSE,FALSE
comm_5993,9.80286351,3.0504614665246166,9,4,3.614338178575635,3.614338178575635,FALSE,FALSE
comm_5994,9.758423882421209,3.0504614665246166,8,3,2.5469059453703613,2.546905945370362,FALSE,FALSE
comm_5995,9.714629082,3.0504614665246166,10,5,7.4441175814980305,7.444117581498029,FALSE,FALSE
comm_5996,10.661330404446922,3.0504614665246166,10,3,1.957680639457388,1.957680639457388,FALSE,FALSE
comm_5997,9.943086551064171,3.0504614665246166,12,5,7.021562439227649,7.021562439227651,FALSE,FALSE
comm_5998,10.778595133014832,3.0504614665246166,9,3,2.362212980526724,2.362212980526724,FALSE,FALSE
comm_5999,9.827944256959936,3.0504614665246166,9,4,3.701503188670957,3.701503188670956,FALSE,FALSE
comm_6000,10.085127500029346,3.0504614665246166,8,3,3.0687669,3.0687669,FALSE,FALSE
comm_6001,11.48386134,3.0504614665246166,10,5,4.557622863419792,4.557622863419792,FALSE,FALSE
comm_6002,9.886829544,3.0504614665246166,11,7,9.039265064,9.039265064057608,FALSE,FALSE
comm_6003,10.050433438669838,3.0504614665246166,10,6,3.721647334645975,3.721647334645974,FALSE,FALSE
comm_6004,11.080417049596774,3.0504614665246166,9,5,3.406541127,3.4065411272729405,FALSE,FALSE
comm_6005,11.49338015195064,3.0504614665246166,11,3,2.0570944353802885,2.057094435380288,FALSE,FALSE
comm_6006,10.490707614896865,3.0504614665246166,10,3,3.744575043398833,3.7445750433988336,FALSE,FALSE
comm_6007,10.152624410371883,3.0504614665246166,11,4,3.325550551101242,3.325550551101242,FALSE,FALSE
comm_6008,8.939004599148177,3.0504614665246166,8,3,3.322767737478459,3.322767737478459,FALSE,FALSE
comm_6009,10.456003633291976,3.0504614665246166,8,3,6.137831170246189,6.137831170246189,FALSE,FALSE
comm_6010,10.705305908502318,3.0504614665246166,9,4,4.208707366016939,4.208707366016938,FALSE,FALSE
comm_6011,10.053498710807212,3.0504614665246166,8,1,1.379359039987383,1.379359039987383,FALSE,FALSE
comm_6012,11.268021889296758,3.0504614665246166,8,5,4.839453902945443,4.839453902945443,FALSE,FALSE
comm_6013,9.263839835,3.0504614665246166,12,6,8.902923950794705,8.902923950794703,FALSE,FALSE
comm_6014,8.685264814,3.0504614665246166,11,5,4.891846721684013,4.891846721684013,FALSE,FALSE
comm_6015,10.205677092834156,3.0504614665246166,12,6,4.360584574081785,4.360584574081785,FALSE,FALSE
comm_6016,9.341196503,3.0504614665246166,9,4,4.181892677147851,4.181892677147851,FALSE,FALSE
comm_6017,9.686562864677075,3.0504614665246166,10,3,1.9308996059486865,1.9308996059486865,FALSE,FALSE
comm_6018,9.908841567216296,3.0504614665246166,11,4,3.4856470785509424,3.485647078550943,FALSE,FALSE
comm_6019,9.454073621334713,3.0504614665246166,8,3,2.778314125609823,2.7783141256098225,FALSE,FALSE
comm_6020,10.114669393437817,3.0504614665246166,10,5,4.038901684788122,4.038901684788123,FALSE,FALSE
comm_6021,10.832166621186786,3.0504614665246166,10,3,3.983325799298237,3.9833257992982367,FALSE,FALSE
comm_6022,12.390411693910403,3.0504614665246166,9,3,4.597175332686067,4.597175332686066,FALSE,FALSE
comm_6023,9.418486509,3.0504614665246166,11,4,5.354223191996496,5.354223191996495,FALSE,FALSE
comm_6024,9.783869333792664,3.0504614665246166,12,5,3.3345706248036633,3.3345706248036624,FALSE,FALSE
comm_6025,12.151698557829842,3.0504614665246166,9,4,2.168428313888263,2.168428313888263,FALSE,FALSE
comm_6026,12.77420163439047,3.0504614665246166,10,5,2.8535401861702554,2.8535401861702554,FALSE,FALSE
comm_6027,12.494817885000144,3.0504614665246166,8,2,2.3244474923913394,2.3244474923913394,FALSE,FALSE
comm_6028,10.147094660613098,3.0504614665246166,11,4,2.869806478121866,2.8698064781218666,FALSE,FALSE
comm_6029,11.866243279842529,3.0504614665246166,8,5,3.589731802632973,3.5897318026329734,FALSE,FALSE
comm_6030,9.580603618542444,3.0504614665246166,8,2,6.007077646618175,6.007077646618175,FALSE,FALSE
comm_6031,11.896958016920117,3.0504614665246166,12,4,2.994774235327859,2.9947742353278595,FALSE,FALSE
comm_6032,10.42919243808132,3.0504614665246166,12,6,6.395578554782292,6.3955785547822925,FALSE,FALSE
comm_6033,9.878657902067676,3.0504614665246166,9,2,2.608852536607773,2.6088525366077726,FALSE,FALSE
comm_6034,9.326447816013976,3.0504614665246166,12,5,6.279521920903602,6.279521920903601,FALSE,FALSE
comm_6035,9.259319593,3.0504614665246166,11,4,4.891648440035436,4.891648440035435,FALSE,FALSE
comm_6036,9.459021601151068,3.0504614665246166,10,4,6.508064315227678,6.508064315227679,FALSE,FALSE
comm_6037,9.646440980698348,3.0504614665246166,9,4,4.150874650467517,4.150874650467518,FALSE,FALSE
comm_6038,9.656979275327828,3.0504614665246166,8,2,2.451344836989791,2.451344836989791,FALSE,FALSE
comm_6039,10.33413192635925,3.0504614665246166,12,5,2.6575716656203325,2.657571665620333,FALSE,FALSE
comm_6040,9.821063046815606,3.0504614665246166,9,4,3.631394007488258,3.631394007488257,FALSE,FALSE
comm_6041,9.834239138373924,3.0504614665246166,9,3,1.6666350087913813,1.6666350087913815,FALSE,FALSE
comm_6042,8.802128765452881,3.0504614665246166,12,6,5.886136236751679,5.886136236751677,FALSE,FALSE
comm_6043,11.18575908590647,3.0504614665246166,10,3,0.4712787988751855,0.4712787988751854,FALSE,FALSE
comm_6044,11.549673165141789,3.0504614665246166,9,4,3.385211812440221,3.3852118124402213,FALSE,FALSE
comm_6045,10.46070940954604,3.0504614665246166,9,4,4.676288798464549,4.676288798464549,FALSE,FALSE
comm_6046,10.711949520077823,3.0504614665246166,12,4,4.215100924469303,4.215100924469303,FALSE,FALSE
comm_6047,10.078413542290038,3.0504614665246166,10,5,5.874224139717949,5.87422414,FALSE,FALSE
comm_6048,10.810985564260324,3.0504614665246166,11,3,1.6713024798259648,1.6713024798259646,FALSE,FALSE
comm_6049,9.707857949095455,3.0504614665246166,10,4,3.319316828993548,3.3193168289935477,FALSE,FALSE
comm_6050,11.09685429537488,3.0504614665246166,10,6,6.603653062280482,6.603653062280482,FALSE,FALSE
comm_6051,12.04832317483035,3.0504614665246166,9,4,3.306755547174512,3.3067555471745123,FALSE,FALSE
comm_6052,10.439128603810415,3.0504614665246166,11,4,3.637139986,3.6371399864275897,FALSE,FALSE
comm_6053,10.011660989978076,3.0504614665246166,10,5,4.331304696696034,4.331304696696034,FALSE,FALSE
comm_6054,8.921076873097057,3.0504614665246166,12,6,5.494046693228489,5.494046693228489,FALSE,FALSE
comm_6055,9.259417709323186,3.0504614665246166,12,3,2.9636579110628225,2.9636579110628234,FALSE,FALSE
comm_6056,9.549644463415085,3.0504614665246166,9,5,4.584548795,4.5845487945055705,FALSE,FALSE
comm_6057,10.217276137245277,3.0504614665246166,11,5,4.732720850553422,4.732720850553422,FALSE,FALSE
comm_6058,11.595970621282078,3.0504614665246166,8,3,1.481919684765594,1.481919684765594,FALSE,FALSE
comm_6059,11.582911627277433,3.0504614665246166,8,1,0.4406433013206224,0.4406433013206224,FALSE,FALSE
comm_6060,10.712977699999431,3.0504614665246166,10,5,4.702445276509786,4.702445276509786,FALSE,FALSE
comm_6061,10.172744206984886,3.0504614665246166,9,1,1.3423558934417177,1.3423558934417172,FALSE,FALSE
comm_6062,10.120288171548594,3.0504614665246166,11,2,1.7972094885369296,1.7972094885369296,FALSE,FALSE
comm_6063,10.764319965850545,3.0504614665246166,12,7,6.4362243326976465,6.436224332697647,FALSE,FALSE
comm_6064,9.586017672585298,3.0504614665246166,8,2,3.278768735001946,3.278768735001945,FALSE,FALSE
comm_6065,10.922457665534584,3.0504614665246166,12,4,1.719205923865112,1.719205923865112,FALSE,FALSE
comm_6066,10.263499994058291,3.0504614665246166,12,5,6.282695570865231,6.282695570865231,FALSE,FALSE
comm_6067,10.950769762958815,3.0504614665246166,11,4,5.487135809896988,5.487135809896987,FALSE,FALSE
comm_6068,10.444719341524191,3.0504614665246166,10,6,9.32351991,9.323519910198709,FALSE,FALSE
comm_6069,10.239375351642694,3.0504614665246166,11,3,4.6920891276269945,4.692089127626994,FALSE,FALSE
comm_6070,10.921645735446216,3.0504614665246166,8,5,9.503792662698991,9.503792663,FALSE,FALSE
comm_6071,8.440708067774679,3.0504614665246166,12,3,2.5660954206598054,2.566095420659806,FALSE,FALSE
comm_6072,10.728479021073326,3.0504614665246166,11,5,3.992724654319608,3.992724654319608,FALSE,FALSE
comm_6073,11.604912151583653,3.0504614665246166,12,5,3.989173772268856,3.989173772268855,FALSE,FALSE
comm_6074,9.722171939,3.0504614665246166,9,1,2.3168632629121313,2.316863262912132,FALSE,FALSE
comm_6075,10.136830940016427,3.0504614665246166,11,7,5.326647258044334,5.326647258044334,FALSE,FALSE
comm_6076,9.831820034721437,3.0504614665246166,8,3,1.7944633752222126,1.7944633752222123,FALSE,FALSE
comm_6077,9.611587305573323,3.0504614665246166,12,5,6.892861808589372,6.892861808589374,FALSE,FALSE
comm_6078,10.833035381760446,3.0504614665246166,12,4,4.3252827387172825,4.325282738717283,FALSE,FALSE
comm_6079,9.061212273426031,3.0504614665246166,11,5,6.996064130762188,6.996064130762187,FALSE,FALSE
comm_6080,9.187680318142524,3.0504614665246166,12,6,9.720749023,9.720749023,FALSE,FALSE
comm_6081,9.110567547930414,3.0504614665246166,11,5,8.396463645314197,8.396463645314196,FALSE,FALSE
comm_6082,10.073610930283913,3.0504614665246166,8,3,2.3897142427996583,2.3897142427996583,FALSE,FALSE
comm_6083,10.518215323925473,3.0504614665246166,10,5,7.915648320757192,7.915648320757192,FALSE,FALSE
comm_6084,9.652139824491226,3.0504614665246166,12,5,3.767989518168824,3.7679895181688248,FALSE,FALSE
comm_6085,10.961683791340723,3.0504614665246166,10,5,2.347546782981265,2.347546782981265,FALSE,FALSE
comm_6086,10.887241641910528,3.0504614665246166,11,5,4.129197138161975,4.129197138161976,FALSE,FALSE
comm_6087,9.938088398968972,3.0504614665246166,10,5,2.9446829458819455,2.9446829458819455,FALSE,FALSE
comm_6088,9.279226646,3.0504614665246166,11,4,3.8276554877232702,3.827655488,FALSE,FALSE
comm_6089,14.505129807175786,3.0504614665246166,8,3,2.297646266261026,2.297646266261027,FALSE,FALSE
comm_6090,10.249847358709346,3.0504614665246166,8,4,4.330320510747542,4.3303205107475415,FALSE,FALSE
comm_6091,11.139100602942236,3.0504614665246166,9,5,4.498409862260572,4.498409862260572,FALSE,FALSE
comm_6092,10.674157403996062,3.0504614665246166,10,2,2.881003440634875,2.881003440634875,FALSE,FALSE
comm_6093,9.956099737731916,3.0504614665246166,10,4,5.877096454496914,5.877096454496915,FALSE,FALSE
comm_6094,11.184048156621053,3.0504614665246166,11,3,2.2600557546534636,2.2600557546534636,FALSE,FALSE
comm_6095,8.878428829087504,3.0504614665246166,12,5,11.728875871627755,11.728875871627755,FALSE,FALSE
comm_6096,9.890245947374996,3.0504614665246166,9,4,3.5392160528201084,3.539216052820108,FALSE,FALSE
comm_6097,10.33285309,3.0504614665246166,10,3,2.840799434899298,2.8407994348992975,FALSE,FALSE
comm_6098,9.241177799622426,3.0504614665246166,12,5,5.967158375724076,5.967158375724075,FALSE,FALSE
comm_6099,12.29286573877692,3.0504614665246166,11,6,4.723115290703764,4.723115290703764,FALSE,FALSE
comm_6100,10.09248260301522,3.0504614665246166,12,4,3.3404371784123756,3.3404371784123756,FALSE,FALSE
comm_6101,11.938559710496172,3.0504614665246166,9,2,3.1753383645287787,3.1753383645287783,FALSE,FALSE
comm_6102,9.661045493510672,3.0504614665246166,11,4,2.6736031404218004,2.67360314,FALSE,FALSE
comm_6103,8.785336823,3.0504614665246166,9,2,0.8731674886728001,0.8731674886728003,FALSE,FALSE
comm_6104,9.208468942,3.0504614665246166,9,3,2.215670929,2.2156709291578807,FALSE,FALSE
comm_6105,10.436055809583998,3.0504614665246166,11,4,6.791824727514148,6.791824727514146,FALSE,FALSE
comm_6106,9.111972459496505,3.0504614665246166,10,3,7.262451921465337,7.262451921465336,FALSE,FALSE
comm_6107,9.064524093677194,3.0504614665246166,12,4,6.193061532705302,6.193061532705302,FALSE,FALSE
comm_6108,8.119590208,3.0504614665246166,11,6,4.247215020266539,4.247215020266539,FALSE,FALSE
comm_6109,11.294472558543395,3.0504614665246166,8,4,4.129665105411565,4.129665105411566,FALSE,FALSE
comm_6110,10.415566836007711,3.0504614665246166,9,2,3.505533291388527,3.505533291388527,FALSE,FALSE
comm_6111,10.001941031286655,3.0504614665246166,8,4,3.328214225182045,3.3282142251820455,FALSE,FALSE
comm_6112,10.295425257558977,3.0504614665246166,10,2,3.0391715159230612,3.0391715159230612,FALSE,FALSE
comm_6113,9.843606303514107,3.0504614665246166,10,4,3.1454305686619053,3.1454305686619057,FALSE,FALSE
comm_6114,8.691126325485724,3.0504614665246166,11,4,3.749764126834605,3.749764126834605,FALSE,FALSE
comm_6115,9.26852598,3.0504614665246166,12,4,2.8458890025907557,2.8458890025907557,FALSE,FALSE
comm_6116,8.769139018698159,3.0504614665246166,10,5,5.899099178102707,5.899099178102707,FALSE,FALSE
comm_6117,11.105854977124244,3.0504614665246166,11,4,4.124025279334537,4.124025279334537,FALSE,FALSE
comm_6118,9.304324622,3.0504614665246166,12,4,5.502046505556855,5.502046505556855,FALSE,FALSE
comm_6119,10.604015251673372,3.0504614665246166,8,2,3.268771400525864,3.268771400525865,FALSE,FALSE
comm_6120,10.528024009052654,3.0504614665246166,10,4,5.003704534345896,5.0037045343458955,FALSE,FALSE
comm_6121,9.764830619629816,3.0504614665246166,12,3,5.560428085579876,5.560428085579876,FALSE,FALSE
comm_6122,9.343240435723192,3.0504614665246166,10,2,4.855781265239135,4.855781265239136,FALSE,FALSE
comm_6123,11.569369141750942,3.0504614665246166,8,3,3.311270410750613,3.311270410750613,FALSE,FALSE
comm_6124,8.940732871438229,3.0504614665246166,11,6,6.442439699809636,6.442439699809635,FALSE,FALSE
comm_6125,8.698254566013667,3.0504614665246166,9,3,4.254373121,4.254373121,FALSE,FALSE
comm_6126,11.958861055526302,3.0504614665246166,9,6,4.547090406199355,4.547090406199355,FALSE,FALSE
comm_6127,11.476342158286853,3.0504614665246166,10,5,3.1023165709557685,3.102316570955768,FALSE,FALSE
comm_6128,8.330519875,3.0504614665246166,10,6,11.49198042591529,11.49198042591529,FALSE,FALSE
comm_6129,9.451996344,3.0504614665246166,11,3,2.050538574791781,2.0505385747917804,FALSE,FALSE
comm_6130,13.61291784332333,3.0504614665246166,8,3,2.558456746247247,2.5584567462472476,FALSE,FALSE
comm_6131,11.373491515312978,3.0504614665246166,9,4,5.366888999065921,5.366888999065923,FALSE,FALSE
comm_6132,9.118009747,3.0504614665246166,11,4,2.0922605887041965,2.0922605887041965,FALSE,FALSE
comm_6133,9.399485898,3.0504614665246166,10,2,2.2680857585416456,2.2680857585416456,FALSE,FALSE
comm_6134,11.64906329860248,3.0504614665246166,11,4,2.269208404089665,2.2692084040896656,FALSE,FALSE
comm_6135,10.212013665715356,3.0504614665246166,12,6,4.194347865776919,4.194347866,FALSE,FALSE
comm_6136,9.918373031499137,3.0504614665246166,10,5,5.424330096445706,5.424330096445706,FALSE,FALSE
comm_6137,9.703347872,3.0504614665246166,8,4,4.571598797767958,4.571598797767958,FALSE,FALSE
comm_6138,9.711543056,3.0504614665246166,9,3,4.008249019412943,4.008249019412944,FALSE,FALSE
comm_6139,10.074929942321846,3.0504614665246166,11,3,2.484769073045799,2.484769073045799,FALSE,FALSE
comm_6140,10.653552595985362,3.0504614665246166,9,1,0.8875271344123666,0.8875271344123666,FALSE,FALSE
comm_6141,10.429417484035374,3.0504614665246166,9,3,2.1774481754450417,2.177448175445042,FALSE,FALSE
comm_6142,9.683675233356617,3.0504614665246166,9,5,3.572656505454076,3.572656505454076,FALSE,FALSE
comm_6143,8.730458457,3.0504614665246166,12,5,5.043027516949323,5.043027516949324,FALSE,FALSE
comm_6144,9.745454091926172,3.0504614665246166,11,5,4.695277724,4.695277723580979,FALSE,FALSE
comm_6145,10.943915783675582,3.0504614665246166,9,5,1.969065912973728,1.969065912973728,FALSE,FALSE
comm_6146,8.792548471020856,3.0504614665246166,8,3,3.2744219856464403,3.2744219856464403,FALSE,FALSE
comm_6147,9.679779255,3.0504614665246166,9,3,5.188046338033841,5.188046338033842,FALSE,FALSE
comm_6148,9.252679521,3.0504614665246166,12,5,6.960394677697943,6.960394677697941,FALSE,FALSE
comm_6149,10.826687865814222,3.0504614665246166,8,4,2.7696050563103634,2.769605056310364,FALSE,FALSE
comm_6150,8.599696960175399,3.0504614665246166,10,4,4.911257865492829,4.911257865492829,FALSE,FALSE
comm_6151,9.909237613478384,3.0504614665246166,12,5,2.334314677647609,2.334314677647609,FALSE,FALSE
comm_6152,10.36220937698281,3.0504614665246166,10,5,2.948861074,2.948861074,FALSE,FALSE
comm_6153,9.270571132541209,3.0504614665246166,11,4,5.540900853803502,5.540900853803502,FALSE,FALSE
comm_6154,10.96740907092492,3.0504614665246166,12,4,1.388858083156454,1.388858083156454,FALSE,FALSE
comm_6155,10.53262552130878,3.0504614665246166,12,4,2.2625195457290523,2.2625195457290532,FALSE,FALSE
comm_6156,9.858345913677214,3.0504614665246166,10,2,1.5001169571110309,1.5001169571110309,FALSE,FALSE
comm_6157,8.998261712929796,3.0504614665246166,9,4,4.793346482916263,4.793346482916263,FALSE,FALSE
comm_6158,9.503639767572857,3.0504614665246166,12,4,7.093816032717649,7.093816032717648,FALSE,FALSE
comm_6159,10.695580404510018,3.0504614665246166,12,5,2.5853311216048955,2.585331121604895,FALSE,FALSE
comm_6160,8.959853333299845,3.0504614665246166,12,6,6.959220446927463,6.959220446927464,FALSE,FALSE
comm_6161,10.392803534873872,3.0504614665246166,11,4,4.169205009,4.169205008814401,FALSE,FALSE
comm_6162,9.806214659068218,3.0504614665246166,11,3,3.972320906888752,3.972320906888752,FALSE,FALSE
comm_6163,9.873630275706184,3.0504614665246166,12,5,7.077740235,7.077740235,FALSE,FALSE
comm_6164,10.021713039384483,3.0504614665246166,8,3,2.1976212700230655,2.1976212700230655,FALSE,FALSE
comm_6165,10.623251314791812,3.0504614665246166,11,5,2.3711848367187853,2.3711848367187853,FALSE,FALSE
comm_6166,11.256952997348249,3.0504614665246166,8,2,4.458503631668904,4.458503631668904,FALSE,FALSE
comm_6167,9.565549677338597,3.0504614665246166,9,4,3.917152090007164,3.917152090007164,FALSE,FALSE
comm_6168,9.161061386544093,3.0504614665246166,10,5,6.139938402643071,6.139938402643071,FALSE,FALSE
comm_6169,9.715513019283229,3.0504614665246166,11,4,8.201621931213763,8.201621931213763,FALSE,FALSE
comm_6170,10.112201799757177,3.0504614665246166,8,5,9.505186356497942,9.505186356497942,FALSE,FALSE
comm_6171,8.859431473,3.0504614665246166,11,5,3.4874468073872187,3.4874468073872187,FALSE,FALSE
comm_6172,8.658851424610534,3.0504614665246166,8,3,2.688359926,2.6883599256974495,FALSE,FALSE
comm_6173,9.760794786695856,3.0504614665246166,10,4,3.427341238365169,3.4273412383651696,FALSE,FALSE
comm_6174,10.138903112259229,3.0504614665246166,12,4,4.630627814468895,4.630627814468895,FALSE,FALSE
comm_6175,10.030485105743963,3.0504614665246166,11,4,7.293668587008229,7.293668587008227,FALSE,FALSE
comm_6176,10.670875944718862,3.0504614665246166,12,7,6.193651957624914,6.193651957624914,FALSE,FALSE
comm_6177,10.250537408157385,3.0504614665246166,9,5,5.381914749467354,5.381914749467352,FALSE,FALSE
comm_6178,10.48659638915272,3.0504614665246166,11,3,0.782659937,0.7826599367651249,FALSE,FALSE
comm_6179,10.551072333836617,3.0504614665246166,12,6,4.0859809875770505,4.085980987577051,FALSE,FALSE
comm_6180,12.696758545307128,3.0504614665246166,11,7,4.926747274,4.926747274357549,FALSE,FALSE
comm_6181,9.885047762096988,3.0504614665246166,12,4,7.294012598379688,7.294012598379688,FALSE,FALSE
comm_6182,9.798234888331669,3.0504614665246166,11,3,6.482122338996659,6.482122338996657,FALSE,FALSE
comm_6183,9.552858699335886,3.0504614665246166,9,2,0.7723823481536811,0.7723823481536812,FALSE,FALSE
comm_6184,11.686009150099473,3.0504614665246166,9,2,3.3188000625625684,3.318800062562569,FALSE,FALSE
comm_6185,9.315240272006989,3.0504614665246166,12,5,4.423943064625766,4.4239430646257665,FALSE,FALSE
comm_6186,9.599392426,3.0504614665246166,11,7,10.171178019088778,10.171178019088778,FALSE,FALSE
comm_6187,10.644644351934014,3.0504614665246166,9,4,6.581460654195814,6.581460654195813,FALSE,FALSE
comm_6188,10.848926141390589,3.0504614665246166,10,6,4.996195738833073,4.996195738833073,FALSE,FALSE
comm_6189,8.110330430542831,3.0504614665246166,10,3,3.021042286217882,3.0210422862178814,FALSE,FALSE
comm_6190,10.803581269504706,3.0504614665246166,11,4,6.1022340963846995,6.1022340963846995,FALSE,FALSE
comm_6191,8.797825927,3.0504614665246166,9,4,5.809590369,5.8095903690696815,FALSE,FALSE
comm_6192,10.871571476391196,3.0504614665246166,12,3,2.983031725162069,2.983031725,FALSE,FALSE
comm_6193,12.32583674,3.0504614665246166,9,4,2.595771361,2.595771361,FALSE,FALSE
comm_6194,10.484079362541063,3.0504614665246166,10,4,3.6625263330540414,3.662526333054042,FALSE,FALSE
comm_6195,9.829048237076028,3.0504614665246166,12,4,4.283722358993258,4.283722358993259,FALSE,FALSE
comm_6196,9.928959110232542,3.0504614665246166,9,3,6.9051958605680275,6.905195860568029,FALSE,FALSE
comm_6197,11.39898130375846,3.0504614665246166,9,4,4.2087159106957595,4.2087159106957595,FALSE,FALSE
comm_6198,9.145427892634949,3.0504614665246166,10,6,3.2779111020096616,3.277911102009661,FALSE,FALSE
comm_6199,8.745915039437048,3.0504614665246166,10,3,1.687012172294621,1.6870121722946212,FALSE,FALSE
comm_6200,10.348957835848932,3.0504614665246166,11,5,2.971083199189956,2.971083199189956,FALSE,FALSE
comm_6201,10.674911025886557,3.0504614665246166,11,5,5.143487110929723,5.143487110929722,FALSE,FALSE
comm_6202,7.746302312169789,3.0504614665246166,8,3,3.1574932265984708,3.157493226598471,FALSE,FALSE
comm_6203,9.985295802891216,3.0504614665246166,11,4,1.2857323297641663,1.2857323297641663,FALSE,FALSE
comm_6204,8.081058073731695,3.0504614665246166,8,2,2.3682073074342136,2.3682073074342136,FALSE,FALSE
comm_6205,9.429212898364264,3.0504614665246166,8,3,3.223109419764491,3.2231094197644916,FALSE,FALSE
comm_6206,12.082053245584824,3.0504614665246166,8,4,7.142077191463676,7.1420771914636765,FALSE,FALSE
comm_6207,9.393864358370234,3.0504614665246166,11,3,6.758018008659576,6.758018008659576,FALSE,FALSE
comm_6208,9.641027496010947,3.0504614665246166,12,5,6.582198261421489,6.582198261,FALSE,FALSE
comm_6209,9.531519068753186,3.0504614665246166,11,4,5.100097422544666,5.100097422544665,FALSE,FALSE
comm_6210,11.012887847319414,3.0504614665246166,8,2,1.9260769199662973,1.9260769199662977,FALSE,FALSE
comm_6211,12.097260240571083,3.0504614665246166,10,3,2.609281147398212,2.6092811473982116,FALSE,FALSE
comm_6212,11.579024907376011,3.0504614665246166,12,5,3.981135972945854,3.981135972945854,FALSE,FALSE
comm_6213,9.824869520789562,3.0504614665246166,12,6,10.21375539100412,10.213755391004115,FALSE,FALSE
comm_6214,11.374026049149018,3.0504614665246166,12,5,2.0615126997590787,2.0615126997590787,FALSE,FALSE
comm_6215,8.697617057007875,3.0504614665246166,11,2,1.556213941183317,1.556213941183317,FALSE,FALSE
comm_6216,9.131628815253912,3.0504614665246166,9,4,3.744507107,3.744507107,FALSE,FALSE
comm_6217,11.749390512075705,3.0504614665246166,8,2,1.222423751,1.222423751,FALSE,FALSE
comm_6218,10.000157642739318,3.0504614665246166,9,4,3.300365181924058,3.300365181924058,FALSE,FALSE
comm_6219,10.897026333659149,3.0504614665246166,10,5,3.415549517343637,3.4155495173436368,FALSE,FALSE
comm_6220,9.726431556591884,3.0504614665246166,12,5,3.824357590987052,3.8243575909870526,FALSE,FALSE
comm_6221,9.629608729784511,3.0504614665246166,8,2,3.725374825007571,3.725374825007571,FALSE,FALSE
comm_6222,9.759409505557016,3.0504614665246166,8,3,1.4643428128904925,1.464342812890492,FALSE,FALSE
comm_6223,10.595297962694872,3.0504614665246166,12,5,3.567428234379599,3.567428234379599,FALSE,FALSE
comm_6224,10.562942307486772,3.0504614665246166,12,4,4.358224230854912,4.358224230854912,FALSE,FALSE
comm_6225,9.116899927289792,3.0504614665246166,8,2,4.078256705149557,4.078256705149556,FALSE,FALSE
comm_6226,11.925143900829925,3.0504614665246166,12,3,1.8968964471250505,1.896896447,FALSE,FALSE
comm_6227,10.566289918636636,3.0504614665246166,10,3,1.137262500914034,1.137262500914034,FALSE,FALSE
comm_6228,9.462041530418936,3.0504614665246166,10,4,3.154034551572857,3.1540345515728574,FALSE,FALSE
comm_6229,9.079514156,3.0504614665246166,11,6,6.385088932266366,6.385088932266366,FALSE,FALSE
comm_6230,10.823160189189856,3.0504614665246166,11,7,6.039103442784384,6.039103442784383,FALSE,FALSE
comm_6231,9.580546194327637,3.0504614665246166,8,4,9.959589017993572,9.959589017993572,FALSE,FALSE
comm_6232,10.74372441418425,3.0504614665246166,8,2,3.0939945234090827,3.0939945234090835,FALSE,FALSE
comm_6233,9.217255117072536,3.0504614665246166,8,4,4.102250111,4.102250111480889,FALSE,FALSE
comm_6234,9.030208047678268,3.0504614665246166,9,4,10.775049361389046,10.775049361389046,FALSE,FALSE
comm_6235,11.141481147033415,3.0504614665246166,10,4,2.2800317213742245,2.280031721374224,FALSE,FALSE
comm_6236,10.749059163026889,3.0504614665246166,8,3,4.241324371,4.241324371,FALSE,FALSE
comm_6237,10.974910597165714,3.0504614665246166,9,1,1.1139425984064817,1.1139425984064817,FALSE,FALSE
comm_6238,11.141043345238526,3.0504614665246166,11,5,5.389210180177514,5.389210180177515,FALSE,FALSE
comm_6239,11.134404311922523,3.0504614665246166,10,3,5.797261975547832,5.797261975547832,FALSE,FALSE
comm_6240,10.162288340486077,3.0504614665246166,11,6,3.9276109457864865,3.9276109457864865,FALSE,FALSE
comm_6241,9.376788953328978,3.0504614665246166,9,4,4.9255953429122386,4.9255953429122386,FALSE,FALSE
comm_6242,10.171199560809992,3.0504614665246166,12,5,2.7104192097306763,2.7104192097306767,FALSE,FALSE
comm_6243,9.827053958306127,3.0504614665246166,9,4,2.9436509422446404,2.9436509422446404,FALSE,FALSE
comm_6244,10.57692289,3.0504614665246166,12,2,2.218917810138368,2.218917810138368,FALSE,FALSE
comm_6245,10.475406709007313,3.0504614665246166,12,7,6.198957430347878,6.198957430347878,FALSE,FALSE
comm_6246,10.945555087091194,3.0504614665246166,8,3,1.3943708677443054,1.394370867744305,FALSE,FALSE
comm_6247,12.229692142348853,3.0504614665246166,9,4,2.2934281290670544,2.293428129067055,FALSE,FALSE
comm_6248,10.02706138558162,3.0504614665246166,8,2,2.9113392747789293,2.9113392747789297,FALSE,FALSE
comm_6249,10.276762440053131,3.0504614665246166,10,3,2.268440554233704,2.2684405542337043,FALSE,FALSE
comm_6250,10.349019656674905,3.0504614665246166,12,3,0.7025374619970366,0.7025374619970368,FALSE,FALSE
comm_6251,10.43237632145243,3.0504614665246166,8,3,2.5046412698243494,2.50464127,FALSE,FALSE
comm_6252,9.953326605153864,3.0504614665246166,12,4,4.39229024,4.392290240088579,FALSE,FALSE
comm_6253,10.718771300169555,3.0504614665246166,11,5,4.851020691335285,4.851020691335286,FALSE,FALSE
comm_6254,8.873669891624797,3.0504614665246166,12,5,7.029485264845125,7.0294852648451265,FALSE,FALSE
comm_6255,9.702658539826034,3.0504614665246166,12,5,5.779130056741965,5.779130056741965,FALSE,FALSE
comm_6256,11.145375433019716,3.0504614665246166,8,2,1.404591800535981,1.4045918005359808,FALSE,FALSE
comm_6257,8.555095847126601,3.0504614665246166,12,5,4.827429467179547,4.827429467179546,FALSE,FALSE
comm_6258,11.14957377983512,3.0504614665246166,11,3,2.599614977567808,2.5996149775678075,FALSE,FALSE
comm_6259,10.297996952967976,3.0504614665246166,8,3,6.0547885360763205,6.054788536076321,FALSE,FALSE
comm_6260,9.221747692474796,3.0504614665246166,8,5,9.759611211983492,9.759611211983492,FALSE,FALSE
comm_6261,10.473511513509512,3.0504614665246166,12,4,3.624993445,3.6249934447059697,FALSE,FALSE
comm_6262,12.99742797004919,3.0504614665246166,9,4,2.7349331948313216,2.7349331948313216,FALSE,FALSE
comm_6263,10.303057944844282,3.0504614665246166,11,4,1.7132433177146058,1.7132433177146058,FALSE,FALSE
comm_6264,11.14453865647147,3.0504614665246166,10,4,2.700622551704207,2.7006225517042073,FALSE,FALSE
comm_6265,10.306350952211233,3.0504614665246166,8,2,3.972970629390387,3.972970629390387,FALSE,FALSE
comm_6266,10.503967706548966,3.0504614665246166,8,3,5.808707296312305,5.808707296312305,FALSE,FALSE
comm_6267,9.644876560869449,3.0504614665246166,10,4,4.434842383468312,4.434842383468312,FALSE,FALSE
comm_6268,11.761874997305082,3.0504614665246166,11,5,4.0188783549162554,4.018878354916256,FALSE,FALSE
comm_6269,9.269166990855965,3.0504614665246166,11,4,5.054699140629255,5.054699140629255,FALSE,FALSE
comm_6270,10.034914990666463,3.0504614665246166,10,3,2.2037341433338136,2.2037341433338136,FALSE,FALSE
comm_6271,9.11942546,3.0504614665246166,12,5,2.3565015183148676,2.3565015183148676,FALSE,FALSE
comm_6272,8.943787344556792,3.0504614665246166,10,4,4.913282808,4.913282808,FALSE,FALSE
comm_6273,9.560387896000153,3.0504614665246166,12,2,5.816678523285422,5.816678523285421,FALSE,FALSE
comm_6274,11.466111633532002,3.0504614665246166,10,2,1.7354779420788171,1.7354779420788171,FALSE,FALSE
comm_6275,9.387101566775222,3.0504614665246166,11,5,8.572995925886278,8.572995925886277,FALSE,FALSE
comm_6276,9.258161530953693,3.0504614665246166,9,4,6.747501531963369,6.747501531963369,FALSE,FALSE
comm_6277,9.159118772934852,3.0504614665246166,12,6,10.108501040633486,10.108501040633486,FALSE,FALSE
comm_6278,11.84436389852005,3.0504614665246166,10,6,13.062676135073415,13.06267613507342,FALSE,FALSE
comm_6279,9.617753253982192,3.0504614665246166,11,3,3.742563639619149,3.742563639619147,FALSE,FALSE
comm_6280,9.713757818,3.0504614665246166,9,4,3.041305234627131,3.041305234627131,FALSE,FALSE
comm_6281,11.126860624764507,3.0504614665246166,12,4,3.230785630998189,3.230785630998189,FALSE,FALSE
comm_6282,9.077120489868474,3.0504614665246166,11,3,4.273907385603043,4.273907385603044,FALSE,FALSE
comm_6283,9.825091476082063,3.0504614665246166,12,5,3.6392598889916137,3.6392598889916137,FALSE,FALSE
comm_6284,12.55874278,3.0504614665246166,8,3,3.182962957552691,3.1829629575526908,FALSE,FALSE
comm_6285,9.788514732085163,3.0504614665246166,10,2,1.4352056289810071,1.435205628981007,FALSE,FALSE
comm_6286,9.119781799769145,3.0504614665246166,10,3,2.801275586,2.8012755863732104,FALSE,FALSE
comm_6287,12.40007185321777,3.0504614665246166,8,3,2.183972925898956,2.183972925898956,FALSE,FALSE
comm_6288,9.583433709194187,3.0504614665246166,8,2,3.3113473109172236,3.311347310917224,FALSE,FALSE
comm_6289,10.19023026,3.0504614665246166,8,2,4.113698946297498,4.113698946297498,FALSE,FALSE
comm_6290,9.429472168,3.0504614665246166,10,2,3.464598126184386,3.464598126184387,FALSE,FALSE
comm_6291,10.459367339889576,3.0504614665246166,9,4,6.632361674991732,6.632361674991731,FALSE,FALSE
comm_6292,9.87922769,3.0504614665246166,8,4,4.735008650326494,4.735008650326493,FALSE,FALSE
comm_6293,9.911812387,3.0504614665246166,9,4,3.5342393291572747,3.5342393291572747,FALSE,FALSE
comm_6294,9.799416515916022,3.0504614665246166,8,2,1.6045456069289477,1.6045456069289474,FALSE,FALSE
comm_6295,9.527684627389494,3.0504614665246166,11,4,3.868967396,3.868967396,FALSE,FALSE
comm_6296,10.301295579212468,3.0504614665246166,11,6,6.314267479346516,6.3142674793465146,FALSE,FALSE
comm_6297,10.642115781362902,3.0504614665246166,11,5,4.314277117160237,4.314277117160237,FALSE,FALSE
comm_6298,9.199327270345089,3.0504614665246166,12,3,2.9136657047670136,2.913665704767013,FALSE,FALSE
comm_6299,11.338865423784496,3.0504614665246166,11,4,3.366272142467639,3.3662721424676394,FALSE,FALSE
comm_6300,12.052599021423928,3.0504614665246166,9,4,3.093564958,3.0935649580483298,FALSE,FALSE
comm_6301,12.413879983166645,3.0504614665246166,9,4,3.349670231422584,3.3496702314225835,FALSE,FALSE
comm_6302,9.632753928758474,3.0504614665246166,9,2,4.249429471,4.249429471,FALSE,FALSE
comm_6303,12.09943024810642,3.0504614665246166,8,4,5.775903283906363,5.775903283906363,FALSE,FALSE
comm_6304,8.546483069,3.0504614665246166,12,3,5.834069307100466,5.834069307100466,FALSE,FALSE
comm_6305,10.910716863780635,3.0504614665246166,9,3,0.9716922346066332,0.9716922346066332,FALSE,FALSE
comm_6306,12.862724512327793,3.0504614665246166,8,2,1.1635157879624105,1.1635157879624105,FALSE,FALSE
comm_6307,10.25141956837591,3.0504614665246166,11,6,6.173135489013822,6.173135489,FALSE,FALSE
comm_6308,10.504153818747913,3.0504614665246166,8,2,2.250814573487527,2.250814573487527,FALSE,FALSE
comm_6309,8.528144159556305,3.0504614665246166,9,3,4.407319406298798,4.407319406298798,FALSE,FALSE
comm_6310,9.684074099604578,3.0504614665246166,12,7,6.209411621729044,6.209411621729043,FALSE,FALSE
comm_6311,10.37896012008413,3.0504614665246166,12,6,3.523404826895055,3.5234048268950553,FALSE,FALSE
comm_6312,11.029201420170851,3.0504614665246166,9,2,1.5334972981196464,1.5334972981196464,FALSE,FALSE
comm_6313,9.589473742699662,3.0504614665246166,11,5,10.268550341119044,10.268550341119044,FALSE,FALSE
comm_6314,9.724577338710818,3.0504614665246166,8,3,6.909430571413843,6.909430571413844,FALSE,FALSE
comm_6315,9.106637034,3.0504614665246166,9,4,6.845826108639366,6.845826108639367,FALSE,FALSE
comm_6316,9.620041152507424,3.0504614665246166,11,1,0.1080417828013581,0.1080417828013581,FALSE,FALSE
comm_6317,9.882651713493004,3.0504614665246166,9,4,3.787593114298513,3.7875931142985135,FALSE,FALSE
comm_6318,11.278682802861969,3.0504614665246166,11,4,3.8741456869533217,3.8741456869533217,FALSE,FALSE
comm_6319,9.560102342370453,3.0504614665246166,11,4,2.6798321725995704,2.6798321725995713,FALSE,FALSE
comm_6320,9.662791922851058,3.0504614665246166,9,3,2.2884511145846167,2.288451114584617,FALSE,FALSE
comm_6321,8.662307405739801,3.0504614665246166,9,4,7.871049851608148,7.871049851608149,FALSE,FALSE
comm_6322,11.335173460135556,3.0504614665246166,10,4,4.0921496279557035,4.092149627955704,FALSE,FALSE
comm_6323,10.30734368383685,3.0504614665246166,8,3,4.570646033718415,4.570646033718416,FALSE,FALSE
comm_6324,10.333028849695042,3.0504614665246166,12,6,8.035913345037008,8.035913345037008,FALSE,FALSE
comm_6325,9.396585135833972,3.0504614665246166,11,4,4.234173620861833,4.234173620861832,FALSE,FALSE
comm_6326,10.893782911530543,3.0504614665246166,12,3,3.1112052241202264,3.1112052241202264,FALSE,FALSE
comm_6327,8.954116810484265,3.0504614665246166,12,4,8.771480528381225,8.771480528381227,FALSE,FALSE
comm_6328,10.329645031210315,3.0504614665246166,11,5,3.8038818271576447,3.803881827157645,FALSE,FALSE
comm_6329,9.563847173,3.0504614665246166,12,3,2.4073087641571993,2.4073087641571993,FALSE,FALSE
comm_6330,11.021838108413355,3.0504614665246166,9,2,2.7496444095311645,2.7496444095311645,FALSE,FALSE
comm_6331,9.919067754460746,3.0504614665246166,11,5,10.557406443482016,10.557406443482018,FALSE,FALSE
comm_6332,9.509047351,3.0504614665246166,12,6,5.030203498052549,5.030203498,FALSE,FALSE
comm_6333,10.151549605186723,3.0504614665246166,10,6,8.871564059,8.871564059178032,FALSE,FALSE
comm_6334,10.39808410277514,3.0504614665246166,11,4,4.053968253170517,4.053968253170517,FALSE,FALSE
comm_6335,9.721188897,3.0504614665246166,12,7,7.959805166670963,7.959805166670964,FALSE,FALSE
comm_6336,10.055356913974942,3.0504614665246166,8,4,5.087768983889651,5.087768983889653,FALSE,FALSE
comm_6337,9.869821474993046,3.0504614665246166,9,3,1.991800493,1.991800493,FALSE,FALSE
comm_6338,11.934284470243634,3.0504614665246166,8,3,1.5161205067315997,1.5161205067315997,FALSE,FALSE
comm_6339,9.896492399333573,3.0504614665246166,8,5,5.7799290054786185,5.7799290054786185,FALSE,FALSE
comm_6340,11.328845810990822,3.0504614665246166,10,5,5.994498948003889,5.994498948,FALSE,FALSE
comm_6341,10.498198962197852,3.0504614665246166,10,2,1.7977984147385166,1.797798414738517,FALSE,FALSE
comm_6342,9.216290340879029,3.0504614665246166,12,4,2.809001482449433,2.809001482449433,FALSE,FALSE
comm_6343,9.647158974234651,3.0504614665246166,9,3,3.020991274010379,3.020991274010379,FALSE,FALSE
comm_6344,9.467056667974628,3.0504614665246166,12,6,6.930952063025499,6.930952063025499,FALSE,FALSE
comm_6345,9.243377581938908,3.0504614665246166,11,3,3.057063202670394,3.0570632026703937,FALSE,FALSE
comm_6346,8.513041440347303,3.0504614665246166,12,4,5.162183649039031,5.162183649039032,FALSE,FALSE
comm_6347,9.112210897304868,3.0504614665246166,8,4,6.885225562264548,6.885225562264547,FALSE,FALSE
comm_6348,10.479960058689985,3.0504614665246166,8,2,2.7932827511718203,2.7932827511718203,FALSE,FALSE
comm_6349,11.127182557832786,3.0504614665246166,11,3,4.221917597794145,4.221917597794145,FALSE,FALSE
comm_6350,9.648003235176834,3.0504614665246166,10,1,2.653147583508314,2.6531475835083125,FALSE,FALSE
comm_6351,9.523390202523272,3.0504614665246166,10,3,3.7890830420477903,3.789083042,FALSE,FALSE
comm_6352,8.727530828591705,3.0504614665246166,10,4,7.095781387897201,7.095781387897201,FALSE,FALSE
comm_6353,10.304569873650864,3.0504614665246166,10,3,3.7418860998905337,3.741886099890534,FALSE,FALSE
comm_6354,10.541550063307312,3.0504614665246166,8,3,2.4575370712106865,2.457537071210687,FALSE,FALSE
comm_6355,11.061496863489529,3.0504614665246166,11,4,6.693076517162632,6.693076517162635,FALSE,FALSE
comm_6356,10.799262352579818,3.0504614665246166,9,4,4.780312981733874,4.780312981733874,FALSE,FALSE
comm_6357,11.011897162861429,3.0504614665246166,11,6,3.929289983566522,3.929289983566522,FALSE,FALSE
comm_6358,9.580645977,3.0504614665246166,12,5,5.332985498592084,5.332985498592084,FALSE,FALSE
comm_6359,8.016354986716236,3.0504614665246166,8,3,3.540596241723593,3.540596241723593,FALSE,FALSE
comm_6360,8.971108570922079,3.0504614665246166,12,4,4.581320828681646,4.581320828681648,FALSE,FALSE
comm_6361,9.264147711,3.0504614665246166,9,5,5.478153570423977,5.478153570423978,FALSE,FALSE
comm_6362,9.651252503736618,3.0504614665246166,12,4,2.9025802826977296,2.9025802826977296,FALSE,FALSE
comm_6363,9.001552561422733,3.0504614665246166,9,4,4.6581607214457605,4.658160721445761,FALSE,FALSE
comm_6364,10.764094216301878,3.0504614665246166,10,3,4.172563218836919,4.172563218836919,FALSE,FALSE
comm_6365,10.95631834830545,3.0504614665246166,8,2,2.319103042579095,2.319103042579095,FALSE,FALSE
comm_6366,9.737880021482042,3.0504614665246166,10,3,2.3878297020995025,2.3878297020995025,FALSE,FALSE
comm_6367,10.15647106901958,3.0504614665246166,12,4,4.158057713,4.158057713403129,FALSE,FALSE
comm_6368,9.102126694,3.0504614665246166,9,2,4.139169758923121,4.1391697589231224,FALSE,FALSE
comm_6369,11.03546909256208,3.0504614665246166,12,5,2.594179909,2.594179908765791,FALSE,FALSE
comm_6370,10.109094108574434,3.0504614665246166,9,4,10.079410415028091,10.079410415028091,FALSE,FALSE
comm_6371,9.904525352429465,3.0504614665246166,11,5,5.403848635522042,5.403848635522042,FALSE,FALSE
comm_6372,9.707926635,3.0504614665246166,12,6,4.980563877943265,4.980563877943265,FALSE,FALSE
comm_6373,9.544408786,3.0504614665246166,11,5,3.970459143068005,3.970459143068004,FALSE,FALSE
comm_6374,8.783929710904115,3.0504614665246166,11,3,5.1212618006450334,5.1212618006450334,FALSE,FALSE
comm_6375,8.840670974695461,3.0504614665246166,9,4,2.922944006568745,2.922944006568744,FALSE,FALSE
comm_6376,9.605943259115922,3.0504614665246166,10,6,10.00525960372782,10.00525960372782,FALSE,FALSE
comm_6377,10.61535422347226,3.0504614665246166,10,2,2.1190463950003395,2.119046395000339,FALSE,FALSE
comm_6378,10.73734116205817,3.0504614665246166,9,4,3.627195316056477,3.627195316056477,FALSE,FALSE
comm_6379,9.440481181702935,3.0504614665246166,10,4,3.7856068874047706,3.785606887404771,FALSE,FALSE
comm_6380,10.066815633735612,3.0504614665246166,12,4,5.708627844774879,5.708627845,FALSE,FALSE
comm_6381,9.672456511863787,3.0504614665246166,12,7,4.460068939401688,4.460068939401689,FALSE,FALSE
comm_6382,9.084301522671678,3.0504614665246166,12,4,6.060748838255504,6.060748838255504,FALSE,FALSE
comm_6383,10.470057061509651,3.0504614665246166,9,3,5.214385053359957,5.214385053359957,FALSE,FALSE
comm_6384,8.55868827,3.0504614665246166,8,4,7.142526455314824,7.142526455314823,FALSE,FALSE
comm_6385,9.508582764043105,3.0504614665246166,12,4,5.0153815452241695,5.015381545224169,FALSE,FALSE
comm_6386,8.620592411270081,3.0504614665246166,11,4,7.088567312354435,7.088567312354435,FALSE,FALSE
comm_6387,9.329762181651017,3.0504614665246166,12,4,3.626195359682709,3.626195359682709,FALSE,FALSE
comm_6388,11.452444460747458,3.0504614665246166,10,6,6.186070278292499,6.186070278292499,FALSE,FALSE
comm_6389,9.312799528145918,3.0504614665246166,8,3,6.175825486497381,6.175825486,FALSE,FALSE
comm_6390,11.112895858493252,3.0504614665246166,12,4,4.412074975,4.412074974755971,FALSE,FALSE
comm_6391,9.005345827362705,3.0504614665246166,11,4,3.0884467680294168,3.0884467680294163,FALSE,FALSE
comm_6392,9.609062822,3.0504614665246166,12,5,1.7849167341312708,1.784916734131271,FALSE,FALSE
comm_6393,9.482263498901029,3.0504614665246166,9,6,8.829098646082024,8.829098646082024,FALSE,FALSE
comm_6394,9.52373899,3.0504614665246166,11,4,1.0514555012636362,1.0514555012636362,FALSE,FALSE
comm_6395,8.642562658920063,3.0504614665246166,12,5,7.594807022354576,7.594807022354576,FALSE,FALSE
comm_6396,11.19176590084196,3.0504614665246166,11,4,3.488893131871169,3.488893131871169,FALSE,FALSE
comm_6397,8.885650428,3.0504614665246166,9,3,5.179118670221776,5.179118670221776,FALSE,FALSE
comm_6398,9.082561986840856,3.0504614665246166,12,3,5.515282467747897,5.515282467747897,FALSE,FALSE
comm_6399,10.614649552220294,3.0504614665246166,9,5,4.653642027219577,4.653642027219579,FALSE,FALSE
comm_6400,11.866677158330262,3.0504614665246166,10,3,1.3645320567611696,1.3645320567611696,FALSE,FALSE
comm_6401,9.362055706,3.0504614665246166,12,5,4.607809344651857,4.607809344651857,FALSE,FALSE
comm_6402,9.500433605,3.0504614665246166,9,4,5.708607614614439,5.708607614614438,FALSE,FALSE
comm_6403,12.56646720327011,3.0504614665246166,10,3,3.908158336464365,3.908158336464365,FALSE,FALSE
comm_6404,9.971415017641773,3.0504614665246166,9,3,0.6571914543826864,0.6571914543826864,FALSE,FALSE
comm_6405,9.740407646,3.0504614665246166,11,2,1.0532572535883389,1.0532572535883389,FALSE,FALSE
comm_6406,10.153199149754425,3.0504614665246166,12,5,5.257562957789016,5.257562957789015,FALSE,FALSE
comm_6407,8.227769662,3.0504614665246166,11,5,6.817606182741388,6.817606183,FALSE,FALSE
comm_6408,10.009171510728477,3.0504614665246166,9,3,4.571830842,4.571830841588591,FALSE,FALSE
comm_6409,9.036361383483856,3.0504614665246166,10,2,1.8132041352032084,1.813204135203208,FALSE,FALSE
comm_6410,10.13850705983248,3.0504614665246166,8,5,8.394102248010105,8.394102248010107,FALSE,FALSE
comm_6411,9.866000261216897,3.0504614665246166,10,6,5.114470281537759,5.114470281537758,FALSE,FALSE
comm_6412,9.583592214069371,3.0504614665246166,12,6,5.3320030211060585,5.332003021106058,FALSE,FALSE
comm_6413,10.275046297004153,3.0504614665246166,8,3,3.9225744669732294,3.9225744669732294,FALSE,FALSE
comm_6414,14.023791966859534,3.0504614665246166,9,4,1.9570564434090731,1.957056443409073,FALSE,FALSE
comm_6415,9.435225602,3.0504614665246166,11,4,3.3504459687818806,3.350445968781881,FALSE,FALSE
comm_6416,10.221032028822544,3.0504614665246166,12,7,9.384470966,9.384470966,FALSE,FALSE
comm_6417,9.980183873798396,3.0504614665246166,10,4,3.121534403044427,3.121534403044427,FALSE,FALSE
comm_6418,10.529883796734444,3.0504614665246166,11,3,4.632243793713145,4.632243793713144,FALSE,FALSE
comm_6419,9.612056191857569,3.0504614665246166,10,3,4.4493504816597005,4.4493504816597005,FALSE,FALSE
comm_6420,9.35104029,3.0504614665246166,8,5,5.570276029801091,5.57027603,FALSE,FALSE
comm_6421,10.130764011244016,3.0504614665246166,10,4,3.0481048362223087,3.048104836222308,FALSE,FALSE
comm_6422,10.381482827382351,3.0504614665246166,10,3,4.396197034218357,4.396197034218358,FALSE,FALSE
comm_6423,8.779867054490746,3.0504614665246166,11,4,8.837391658,8.837391658,FALSE,FALSE
comm_6424,11.624249705519372,3.0504614665246166,10,4,7.337971136743202,7.337971137,FALSE,FALSE
comm_6425,9.366955389137424,3.0504614665246166,11,5,6.299737294848085,6.299737294848085,FALSE,FALSE
comm_6426,12.009095709501343,3.0504614665246166,8,3,3.7218606707623785,3.7218606707623785,FALSE,FALSE
comm_6427,9.237526713591103,3.0504614665246166,12,4,4.333960029134453,4.333960029134453,FALSE,FALSE
comm_6428,9.005209069736926,3.0504614665246166,10,5,5.786374033924926,5.786374033924927,FALSE,FALSE
comm_6429,9.085158586213606,3.0504614665246166,11,6,6.484336386523113,6.484336386523112,FALSE,FALSE
comm_6430,12.637683145146555,3.0504614665246166,12,4,3.208680984242494,3.208680984242494,FALSE,FALSE
comm_6431,12.260538705282924,3.0504614665246166,11,6,8.691893648942138,8.691893648942136,FALSE,FALSE
comm_6432,10.36640429094174,3.0504614665246166,9,3,3.675332837825984,3.6753328378259824,FALSE,FALSE
comm_6433,9.493996324635685,3.0504614665246166,12,4,4.267825487084513,4.267825487084514,FALSE,FALSE
comm_6434,10.368928073914471,3.0504614665246166,12,6,10.322724676861537,10.322724676861537,FALSE,FALSE
comm_6435,8.771235804,3.0504614665246166,12,6,8.249750479,8.249750479282561,FALSE,FALSE
comm_6436,12.184491661732606,3.0504614665246166,8,2,0.3097209205220927,0.3097209205220927,FALSE,FALSE
comm_6437,9.823649763928112,3.0504614665246166,9,5,7.630773691827348,7.630773691827348,FALSE,FALSE
comm_6438,13.036723140117738,3.0504614665246166,9,5,2.8653094471391056,2.865309447139106,FALSE,FALSE
comm_6439,8.565015974619143,3.0504614665246166,8,3,2.1408241093476796,2.1408241093476796,FALSE,FALSE
comm_6440,9.137040179322318,3.0504614665246166,9,2,3.527639643,3.527639643,FALSE,FALSE
comm_6441,10.231068548664949,3.0504614665246166,12,6,7.337823440921703,7.337823440921704,FALSE,FALSE
comm_6442,10.615685493675656,3.0504614665246166,11,3,3.3711376432592033,3.3711376432592033,FALSE,FALSE
comm_6443,9.844421667433346,3.0504614665246166,11,5,7.302248987879269,7.302248987879269,FALSE,FALSE
comm_6444,10.151387049144573,3.0504614665246166,9,4,4.087686616891339,4.087686616891338,FALSE,FALSE
comm_6445,10.170144501514152,3.0504614665246166,9,4,2.819465629295814,2.8194656292958147,FALSE,FALSE
comm_6446,9.897808848,3.0504614665246166,9,6,7.625100386007049,7.625100386007048,FALSE,FALSE
comm_6447,9.188654894054707,3.0504614665246166,9,2,3.1312365130641115,3.1312365130641115,FALSE,FALSE
comm_6448,9.704469974446752,3.0504614665246166,10,4,7.103319748326789,7.103319748326789,FALSE,FALSE
comm_6449,12.506604940383031,3.0504614665246166,11,3,2.3717552200242924,2.3717552200242924,FALSE,FALSE
comm_6450,10.035937879042626,3.0504614665246166,9,2,2.554787835220199,2.5547878352201985,FALSE,FALSE
comm_6451,10.53889955310289,3.0504614665246166,9,2,1.7397527816796774,1.7397527816796776,FALSE,FALSE
comm_6452,10.823490618794548,3.0504614665246166,10,5,8.652858641100668,8.652858641100668,FALSE,FALSE
comm_6453,11.262817465048782,3.0504614665246166,11,4,1.483925999480099,1.4839259994800988,FALSE,FALSE
comm_6454,8.719570871,3.0504614665246166,9,3,5.977521597,5.977521596644362,FALSE,FALSE
comm_6455,9.629331037993849,3.0504614665246166,11,6,6.547463572432036,6.547463572432037,FALSE,FALSE
comm_6456,11.243867254129468,3.0504614665246166,10,4,2.9306871810528783,2.9306871810528783,FALSE,FALSE
comm_6457,9.415719209470677,3.0504614665246166,11,6,12.825083516885282,12.82508351688528,FALSE,FALSE
comm_6458,9.445990003557649,3.0504614665246166,9,4,2.322690040762451,2.3226900407624504,FALSE,FALSE
comm_6459,9.615044523503077,3.0504614665246166,8,3,5.198686556022647,5.198686556022647,FALSE,FALSE
comm_6460,12.050314138002706,3.0504614665246166,11,4,0.9117316298530648,0.9117316298530646,FALSE,FALSE
comm_6461,10.004394278339111,3.0504614665246166,12,7,8.510164889,8.510164889412911,FALSE,FALSE
comm_6462,10.405033157184574,3.0504614665246166,8,2,1.583070604814229,1.583070604814229,FALSE,FALSE
comm_6463,10.834529973098109,3.0504614665246166,11,8,5.198713925,5.198713925,FALSE,FALSE
comm_6464,11.211356204493296,3.0504614665246166,9,2,3.0172332506490815,3.0172332506490815,FALSE,FALSE
comm_6465,9.485810447509715,3.0504614665246166,8,1,0.6643634684668938,0.6643634684668936,FALSE,FALSE
comm_6466,9.811961058027508,3.0504614665246166,10,3,3.6013898363456667,3.6013898363456662,FALSE,FALSE
comm_6467,10.941225656825456,3.0504614665246166,11,4,1.355995337693948,1.355995337693948,FALSE,FALSE
comm_6468,10.056399116613992,3.0504614665246166,9,6,6.437469428201387,6.437469428,FALSE,FALSE
comm_6469,8.804333889712554,3.0504614665246166,8,4,4.488842580130043,4.488842580130044,FALSE,FALSE
comm_6470,10.401528549491715,3.0504614665246166,11,3,2.178415645970245,2.178415645970245,FALSE,FALSE
comm_6471,10.070034283493396,3.0504614665246166,10,4,5.992611662835981,5.992611662835981,FALSE,FALSE
comm_6472,10.139036117600144,3.0504614665246166,12,5,5.206035489446721,5.206035489446721,FALSE,FALSE
comm_6473,9.426225838,3.0504614665246166,9,4,3.5023248978308064,3.502324897830807,FALSE,FALSE
comm_6474,10.228670858147613,3.0504614665246166,12,6,7.035737001817311,7.035737001817311,FALSE,FALSE
comm_6475,10.060672776790124,3.0504614665246166,11,6,5.545335277030638,5.545335277030638,FALSE,FALSE
comm_6476,9.822746809076488,3.0504614665246166,10,2,3.839705835788054,3.8397058357880542,FALSE,FALSE
comm_6477,10.019639666706937,3.0504614665246166,11,5,6.846153262348837,6.846153262348835,FALSE,FALSE
comm_6478,9.792094287591302,3.0504614665246166,10,4,3.4942289716692425,3.494228971669242,FALSE,FALSE
comm_6479,9.250046583667013,3.0504614665246166,10,3,2.8346592016483103,2.8346592016483108,FALSE,FALSE
comm_6480,9.356576248937776,3.0504614665246166,8,4,7.784903882775959,7.784903882775962,FALSE,FALSE
comm_6481,10.396322214744798,3.0504614665246166,12,5,3.5630542912843604,3.563054291284361,FALSE,FALSE
comm_6482,12.768682348148603,3.0504614665246166,11,6,3.209035609,3.209035609,FALSE,FALSE
comm_6483,9.582747646,3.0504614665246166,8,5,6.4566517051607075,6.456651705160709,FALSE,FALSE
comm_6484,12.79629819018471,3.0504614665246166,8,4,4.325996267410323,4.325996267410323,FALSE,FALSE
comm_6485,9.241825366333238,3.0504614665246166,11,4,3.897295761681129,3.8972957616811295,FALSE,FALSE
comm_6486,9.043552059351107,3.0504614665246166,12,6,6.796792553135232,6.796792553135232,FALSE,FALSE
comm_6487,10.71257974716872,3.0504614665246166,10,2,0.9259431032194952,0.9259431032194952,FALSE,FALSE
comm_6488,12.633109052460028,3.0504614665246166,8,5,7.883073037994796,7.883073037994795,FALSE,FALSE
comm_6489,8.792321749700342,3.0504614665246166,11,4,4.712712282475574,4.712712282475574,FALSE,FALSE
comm_6490,9.711733157602076,3.0504614665246166,10,4,4.987764090478822,4.987764090478821,FALSE,FALSE
comm_6491,9.271202933677475,3.0504614665246166,12,5,4.332854151391064,4.332854151391064,FALSE,FALSE
comm_6492,11.347674369003796,3.0504614665246166,9,4,1.413067444000586,1.4130674440005857,FALSE,FALSE
comm_6493,10.274707262232566,3.0504614665246166,8,4,3.6421621673870455,3.6421621673870463,FALSE,FALSE
comm_6494,10.60884332436468,3.0504614665246166,11,4,4.530974056406061,4.530974056406062,FALSE,FALSE
comm_6495,9.344035539846852,3.0504614665246166,12,4,5.648880237395582,5.6488802373955815,FALSE,FALSE
comm_6496,10.256059975171162,3.0504614665246166,12,4,3.1801389847002612,3.1801389847002612,FALSE,FALSE
comm_6497,10.792819508756232,3.0504614665246166,12,3,1.294533343847452,1.294533343847452,FALSE,FALSE
comm_6498,9.503656356954677,3.0504614665246166,10,6,6.372734307093188,6.372734307093188,FALSE,FALSE
comm_6499,9.103261288921022,3.0504614665246166,11,5,8.070714492,8.070714492,FALSE,FALSE
comm_6500,11.24068264764438,3.0504614665246166,9,3,2.017995342678887,2.017995342678887,FALSE,FALSE
comm_6501,10.352777291881958,3.0504614665246166,9,2,3.7170336334790353,3.717033633479035,FALSE,FALSE
comm_6502,9.169402255,3.0504614665246166,10,6,13.205783463916967,13.20578346391697,FALSE,FALSE
comm_6503,9.397194372933836,3.0504614665246166,9,3,4.111784181548198,4.111784181548198,FALSE,FALSE
comm_6504,10.205551858081138,3.0504614665246166,9,4,2.755778241384056,2.755778241384057,FALSE,FALSE
comm_6505,8.727847805,3.0504614665246166,11,6,6.649114198195104,6.649114198195103,FALSE,FALSE
comm_6506,11.466683835772958,3.0504614665246166,10,1,0.9943159132749848,0.9943159132749844,FALSE,FALSE
comm_6507,11.25343483,3.0504614665246166,9,4,3.2729528668574326,3.2729528668574326,FALSE,FALSE
comm_6508,12.08635941241454,3.0504614665246166,8,4,5.722510540225353,5.722510540225353,FALSE,FALSE
comm_6509,9.527926125,3.0504614665246166,8,3,3.0983881347293596,3.098388135,FALSE,FALSE
comm_6510,9.205572362567365,3.0504614665246166,12,4,1.837239926348134,1.837239926348134,FALSE,FALSE
comm_6511,9.901675474360792,3.0504614665246166,9,3,5.816033384625078,5.816033384625078,FALSE,FALSE
comm_6512,10.356864855436834,3.0504614665246166,12,5,6.995619340557415,6.995619340557415,FALSE,FALSE
comm_6513,9.560277097016634,3.0504614665246166,11,3,5.512668243924473,5.512668243924472,FALSE,FALSE
comm_6514,11.18638598779349,3.0504614665246166,9,4,1.6314548511982878,1.631454851198288,FALSE,FALSE
comm_6515,12.030875805301704,3.0504614665246166,8,6,7.646917740175963,7.646917740175963,FALSE,FALSE
comm_6516,10.44031422169369,3.0504614665246166,11,5,3.531336586921283,3.531336586921283,FALSE,FALSE
comm_6517,9.276691818871068,3.0504614665246166,9,4,2.1440803382172984,2.1440803382172984,FALSE,FALSE
comm_6518,10.29732022,3.0504614665246166,11,3,2.199889589957614,2.1998895899576136,FALSE,FALSE
comm_6519,8.489929484865362,3.0504614665246166,9,3,4.306025317697188,4.306025317697186,FALSE,FALSE
comm_6520,8.463552625613996,3.0504614665246166,12,3,2.1156713857643203,2.1156713857643203,FALSE,FALSE
comm_6521,10.427251061569915,3.0504614665246166,11,6,3.1816000112904033,3.1816000112904033,FALSE,FALSE
comm_6522,10.440251748247942,3.0504614665246166,10,3,2.8300367972482876,2.830036797248287,FALSE,FALSE
comm_6523,10.439898004617572,3.0504614665246166,9,3,5.100811272,5.100811271542439,FALSE,FALSE
comm_6524,10.16912325389002,3.0504614665246166,12,3,2.563821204513677,2.563821204513677,FALSE,FALSE
comm_6525,9.60465772,3.0504614665246166,8,3,3.298671037853185,3.298671037853185,FALSE,FALSE
comm_6526,10.551702740226396,3.0504614665246166,11,3,2.466153739615958,2.4661537396159576,FALSE,FALSE
comm_6527,8.293174510387985,3.0504614665246166,9,2,4.786612605094351,4.7866126050943505,FALSE,FALSE
comm_6528,9.711532443621342,3.0504614665246166,9,4,5.505141360726906,5.505141360726906,FALSE,FALSE
comm_6529,10.07969308150989,3.0504614665246166,8,3,1.7153085807390729,1.7153085807390729,FALSE,FALSE
comm_6530,9.496886364710017,3.0504614665246166,10,4,3.230500946075326,3.230500946075326,FALSE,FALSE
comm_6531,9.14084244,3.0504614665246166,10,5,3.019576244317781,3.0195762443177823,FALSE,FALSE
comm_6532,9.906469770199754,3.0504614665246166,11,3,2.6560131578775676,2.656013157877568,FALSE,FALSE
comm_6533,9.958666621,3.0504614665246166,12,4,4.516987718485611,4.516987718485611,FALSE,FALSE
comm_6534,9.980625851,3.0504614665246166,9,3,5.333647569991609,5.333647569991609,FALSE,FALSE
comm_6535,9.167759055960884,3.0504614665246166,11,5,4.574867459075957,4.574867459075957,FALSE,FALSE
comm_6536,8.422517852806306,3.0504614665246166,9,3,5.859137744202452,5.859137744202452,FALSE,FALSE
comm_6537,10.026620450770292,3.0504614665246166,9,3,2.4752964600274567,2.475296460027457,FALSE,FALSE
comm_6538,10.132492527286065,3.0504614665246166,11,6,3.1312398170687183,3.1312398170687183,FALSE,FALSE
comm_6539,9.940483658,3.0504614665246166,12,3,3.3171906653678276,3.3171906653678285,FALSE,FALSE
comm_6540,9.242006542488571,3.0504614665246166,9,4,7.165809114265228,7.165809114265229,FALSE,FALSE
comm_6541,8.393073223572113,3.0504614665246166,8,4,4.0971707130841875,4.097170713084187,FALSE,FALSE
comm_6542,10.779074994374785,3.0504614665246166,11,4,3.197885597690298,3.197885597690298,FALSE,FALSE
comm_6543,12.357133426644786,3.0504614665246166,11,3,2.8175384582723355,2.8175384582723355,FALSE,FALSE
comm_6544,10.417443777306422,3.0504614665246166,11,3,1.8802712247192697,1.8802712247192697,FALSE,FALSE
comm_6545,9.121982524973117,3.0504614665246166,10,2,2.8163826396057083,2.816382639605707,FALSE,FALSE
comm_6546,8.445057251,3.0504614665246166,9,4,6.149893104169324,6.149893104169324,FALSE,FALSE
comm_6547,11.407027693608091,3.0504614665246166,9,2,0.3976818044613242,0.3976818044613243,FALSE,FALSE
comm_6548,10.94828178898381,3.0504614665246166,12,4,2.983152488759098,2.9831524887590977,FALSE,FALSE
comm_6549,10.099085768919991,3.0504614665246166,9,2,1.740255491232506,1.7402554912325063,FALSE,FALSE
comm_6550,9.465666659665224,3.0504614665246166,10,5,1.9317649970758433,1.9317649970758433,FALSE,FALSE
comm_6551,9.40578239,3.0504614665246166,8,5,6.844691326894657,6.844691326894658,FALSE,FALSE
comm_6552,9.909495697091824,3.0504614665246166,9,4,2.188462950114127,2.1884629501141264,FALSE,FALSE
comm_6553,9.159442673,3.0504614665246166,12,4,4.532810066666376,4.532810066666377,FALSE,FALSE
comm_6554,9.328654076605364,3.0504614665246166,9,1,0.5831342128206688,0.5831342128206687,FALSE,FALSE
comm_6555,11.62510676562378,3.0504614665246166,8,4,3.558787772905349,3.5587877729053496,FALSE,FALSE
comm_6556,10.21043255392394,3.0504614665246166,12,3,3.054865721340142,3.054865721340142,FALSE,FALSE
comm_6557,9.406625484,3.0504614665246166,11,4,3.617626467472925,3.617626467472924,FALSE,FALSE
comm_6558,9.946100236653605,3.0504614665246166,9,3,1.337725913360321,1.3377259133603214,FALSE,FALSE
comm_6559,10.93344052236966,3.0504614665246166,10,7,4.5383644452042375,4.5383644452042375,FALSE,FALSE
comm_6560,8.766097308840038,3.0504614665246166,11,5,9.338147487,9.338147487,FALSE,FALSE
comm_6561,9.600475839724693,3.0504614665246166,10,1,1.9602525743344772,1.960252574334477,FALSE,FALSE
comm_6562,9.971656804615325,3.0504614665246166,12,5,5.200265034,5.200265034,FALSE,FALSE
comm_6563,9.409656809147243,3.0504614665246166,8,4,4.232701845,4.232701845436939,FALSE,FALSE
comm_6564,10.114427753003485,3.0504614665246166,12,4,7.226545221059741,7.226545221,FALSE,FALSE
comm_6565,11.445276666394582,3.0504614665246166,12,5,2.219801412503215,2.219801412503215,FALSE,FALSE
comm_6566,10.76772651989952,3.0504614665246166,9,2,1.0964054148958415,1.0964054148958415,FALSE,FALSE
comm_6567,9.423670233246234,3.0504614665246166,9,5,4.287973284348974,4.287973284348975,FALSE,FALSE
comm_6568,8.351179259634272,3.0504614665246166,9,4,4.063266846286999,4.063266846286999,FALSE,FALSE
comm_6569,9.525477493,3.0504614665246166,8,4,8.806534038012177,8.806534038012177,FALSE,FALSE
comm_6570,10.76278436405925,3.0504614665246166,11,5,3.6837149985149544,3.6837149985149544,FALSE,FALSE
comm_6571,9.035059658159785,3.0504614665246166,11,5,5.888699192933771,5.888699192933771,FALSE,FALSE
comm_6572,9.774917109089174,3.0504614665246166,11,4,3.740480698646345,3.740480698646346,FALSE,FALSE
comm_6573,10.181699102768029,3.0504614665246166,8,4,4.019604699555774,4.0196046995557735,FALSE,FALSE
comm_6574,10.334155904076129,3.0504614665246166,8,3,2.031355519067981,2.031355519067981,FALSE,FALSE
comm_6575,9.034177586,3.0504614665246166,10,3,5.839701487419726,5.839701487419727,FALSE,FALSE
comm_6576,8.471532856662792,3.0504614665246166,11,5,6.900806886881182,6.900806886881181,FALSE,FALSE
comm_6577,9.692262110007077,3.0504614665246166,12,6,12.073780723837675,12.073780723837675,FALSE,FALSE
comm_6578,11.602425197616622,3.0504614665246166,9,4,2.550941228786813,2.550941228786813,FALSE,FALSE
comm_6579,10.242310505784262,3.0504614665246166,10,4,2.537495553322514,2.537495553322514,FALSE,FALSE
comm_6580,10.21597444032725,3.0504614665246166,8,4,3.1990550441645933,3.1990550441645924,FALSE,FALSE
comm_6581,10.951940391778406,3.0504614665246166,12,3,1.7305123740071169,1.7305123740071169,FALSE,FALSE
comm_6582,8.503956164127649,3.0504614665246166,12,4,5.2637190118469634,5.263719011846964,FALSE,FALSE
comm_6583,9.76450945,3.0504614665246166,10,3,5.696355978322639,5.696355978322639,FALSE,FALSE
comm_6584,11.060016492732448,3.0504614665246166,10,1,0.1267728937914455,0.1267728937914455,FALSE,FALSE
comm_6585,8.618692644,3.0504614665246166,12,4,2.638887490830889,2.6388874908308884,FALSE,FALSE
comm_6586,9.080524638170308,3.0504614665246166,11,4,7.439644423470624,7.439644423470623,FALSE,FALSE
comm_6587,10.341121435427606,3.0504614665246166,8,1,0.1014933498048473,0.1014933498048472,FALSE,FALSE
comm_6588,12.157372471070056,3.0504614665246166,12,5,3.823687236103228,3.823687236103228,FALSE,FALSE
comm_6589,9.989951758,3.0504614665246166,9,3,4.615026933963663,4.615026933963664,FALSE,FALSE
comm_6590,10.454047750118082,3.0504614665246166,10,6,5.314077499728489,5.314077499728488,FALSE,FALSE
comm_6591,10.522749079737878,3.0504614665246166,9,2,1.2852709905867687,1.285270990586769,FALSE,FALSE
comm_6592,11.943145931566594,3.0504614665246166,9,3,0.7271799860694139,0.727179986,FALSE,FALSE
comm_6593,10.330910577329284,3.0504614665246166,9,4,6.078909575459906,6.078909575459907,FALSE,FALSE
comm_6594,11.415848790432364,3.0504614665246166,9,4,4.870178696504953,4.870178696504953,FALSE,FALSE
comm_6595,12.478581744090292,3.0504614665246166,10,4,1.8691156027022184,1.869115602702218,FALSE,FALSE
comm_6596,9.041324593,3.0504614665246166,9,3,3.499440416889181,3.499440416889181,FALSE,FALSE
comm_6597,11.59632028,3.0504614665246166,10,3,2.6162467839406265,2.616246783940626,FALSE,FALSE
comm_6598,10.524020191447455,3.0504614665246166,10,3,1.7850791633352463,1.7850791633352467,FALSE,FALSE
comm_6599,9.17587274,3.0504614665246166,12,8,9.788691066824502,9.788691066824502,FALSE,FALSE
comm_6600,10.144081679902529,3.0504614665246166,12,8,4.161148776049037,4.161148776049038,FALSE,FALSE
comm_6601,9.058846746656467,3.0504614665246166,11,3,4.153470963416673,4.153470963416674,FALSE,FALSE
comm_6602,10.345407906820483,3.0504614665246166,8,4,5.167271305467487,5.167271305467487,FALSE,FALSE
comm_6603,9.681071549803455,3.0504614665246166,12,6,6.733097571864526,6.7330975718645245,FALSE,FALSE
comm_6604,10.231621696506735,3.0504614665246166,12,4,3.3729158156866212,3.3729158156866217,FALSE,FALSE
comm_6605,9.637544087068209,3.0504614665246166,12,5,3.661808373214552,3.661808373214552,FALSE,FALSE
comm_6606,9.796581075448692,3.0504614665246166,10,4,6.004096558918147,6.004096558918147,FALSE,FALSE
comm_6607,12.625352718654902,3.0504614665246166,9,3,1.820263849177569,1.820263849177569,FALSE,FALSE
comm_6608,10.186541892651489,3.0504614665246166,11,5,6.595822283332158,6.595822283332157,FALSE,FALSE
comm_6609,9.954496915548974,3.0504614665246166,9,4,2.859320391218956,2.859320391218956,FALSE,FALSE
comm_6610,9.727950239955442,3.0504614665246166,8,5,3.0588635015282946,3.058863501528295,FALSE,FALSE
comm_6611,9.745738086,3.0504614665246166,9,2,1.7603017468015476,1.7603017468015478,FALSE,FALSE
comm_6612,10.253827548972588,3.0504614665246166,8,3,4.290007998944425,4.290007998944425,FALSE,FALSE
comm_6613,10.707995853927716,3.0504614665246166,8,2,2.9328464611617986,2.932846461161798,FALSE,FALSE
comm_6614,8.687801578484756,3.0504614665246166,12,5,7.391879065270294,7.391879065270295,FALSE,FALSE
comm_6615,11.135243803090932,3.0504614665246166,10,4,5.546839942698029,5.546839942698029,FALSE,FALSE
comm_6616,10.645578088538642,3.0504614665246166,10,3,3.991792872722421,3.991792872722421,FALSE,FALSE
comm_6617,12.27830845972534,3.0504614665246166,8,5,4.954715961160345,4.954715961160345,FALSE,FALSE
comm_6618,9.117677477173109,3.0504614665246166,11,6,6.512590538742823,6.512590538742823,FALSE,FALSE
comm_6619,9.537071696,3.0504614665246166,8,3,3.964154373558025,3.964154373558025,FALSE,FALSE
comm_6620,9.459266334244244,3.0504614665246166,10,4,6.132611869788222,6.132611869788221,FALSE,FALSE
comm_6621,9.076373270921026,3.0504614665246166,12,5,4.124781835608197,4.1247818356081964,FALSE,FALSE
comm_6622,9.484718893005828,3.0504614665246166,11,3,4.956514957150033,4.956514957150032,FALSE,FALSE
comm_6623,10.071196998206869,3.0504614665246166,12,3,3.037386350832118,3.0373863508321186,FALSE,FALSE
comm_6624,8.674762389401813,3.0504614665246166,9,4,4.357742733873641,4.357742733873641,FALSE,FALSE
comm_6625,8.482504937312152,3.0504614665246166,11,3,3.7078958182344346,3.7078958182344346,FALSE,FALSE
comm_6626,10.75543693,3.0504614665246166,11,3,5.612120015117468,5.612120015117469,FALSE,FALSE
comm_6627,9.411531287692958,3.0504614665246166,11,3,2.9004102125163485,2.9004102125163485,FALSE,FALSE
comm_6628,10.347341429597847,3.0504614665246166,11,4,1.2679433156704734,1.2679433156704731,FALSE,FALSE
comm_6629,10.019110667075685,3.0504614665246166,8,4,5.4973343791971585,5.4973343791971585,FALSE,FALSE
comm_6630,12.173940094180209,3.0504614665246166,10,5,5.833098026654948,5.833098026654948,FALSE,FALSE
comm_6631,9.127661881225324,3.0504614665246166,12,5,5.338815857904244,5.338815857904244,FALSE,FALSE
comm_6632,8.621458075589146,3.0504614665246166,9,4,5.923978794348933,5.923978794348933,FALSE,FALSE
comm_6633,9.565769936714226,3.0504614665246166,9,2,0.5989691222281183,0.5989691222281183,FALSE,FALSE
comm_6634,11.121189072813369,3.0504614665246166,9,3,0.4720362093381874,0.4720362093381874,FALSE,FALSE
comm_6635,9.520165790253843,3.0504614665246166,10,2,2.9763470086402637,2.9763470086402632,FALSE,FALSE
comm_6636,10.853801745082382,3.0504614665246166,11,6,3.9108568637898737,3.9108568637898737,FALSE,FALSE
comm_6637,11.418887754388964,3.0504614665246166,8,2,2.2747766381767733,2.274776638176773,FALSE,FALSE
comm_6638,9.462224027603089,3.0504614665246166,10,4,6.311015139291493,6.311015139291494,FALSE,FALSE
comm_6639,10.028861874260656,3.0504614665246166,12,4,5.439616069,5.439616069038621,FALSE,FALSE
comm_6640,9.216098339293897,3.0504614665246166,10,2,1.6164085125945389,1.6164085125945389,FALSE,FALSE
comm_6641,9.725887358409532,3.0504614665246166,8,3,5.356185831250334,5.356185831250335,FALSE,FALSE
comm_6642,9.991913025157713,3.0504614665246166,12,5,10.032117144831616,10.032117144831616,FALSE,FALSE
comm_6643,9.501833204965004,3.0504614665246166,10,4,3.7227842521283634,3.722784252128363,FALSE,FALSE
comm_6644,11.985134326036968,3.0504614665246166,9,4,3.3769496246020085,3.376949624602009,FALSE,FALSE
comm_6645,12.103475378103212,3.0504614665246166,8,3,1.7660884991972678,1.766088499197268,FALSE,FALSE
comm_6646,9.140950042272248,3.0504614665246166,11,5,7.457191581939142,7.457191581939141,FALSE,FALSE
comm_6647,8.302411321658642,3.0504614665246166,9,3,2.4347835385334067,2.4347835385334067,FALSE,FALSE
comm_6648,10.32792092,3.0504614665246166,9,5,7.534389259168421,7.534389259168422,FALSE,FALSE
comm_6649,9.666468251646862,3.0504614665246166,10,4,3.1444150967815987,3.1444150967815983,FALSE,FALSE
comm_6650,8.198200645751305,3.0504614665246166,10,5,7.386847811493597,7.386847811493597,FALSE,FALSE
comm_6651,10.648137435196482,3.0504614665246166,8,1,3.848860556372602,3.848860556372601,FALSE,FALSE
comm_6652,11.265921525556651,3.0504614665246166,8,2,4.0543026968389295,4.0543026968389295,FALSE,FALSE
comm_6653,11.716701951926566,3.0504614665246166,12,6,3.0927708889910472,3.092770888991046,FALSE,FALSE
comm_6654,8.962957449,3.0504614665246166,11,3,2.8912258829273645,2.891225882927364,FALSE,FALSE
comm_6655,10.879774133468985,3.0504614665246166,9,4,3.149962867925965,3.1499628679259657,FALSE,FALSE
comm_6656,12.314685510324614,3.0504614665246166,12,5,3.0134570735997293,3.0134570735997293,FALSE,FALSE
comm_6657,9.034485564656508,3.0504614665246166,10,5,11.42179190342658,11.421791903426575,FALSE,FALSE
comm_6658,9.482263913911302,3.0504614665246166,8,3,7.7721092086699315,7.772109208669932,FALSE,FALSE
comm_6659,10.325417434507653,3.0504614665246166,11,5,4.816684520231087,4.816684520231086,FALSE,FALSE
comm_6660,11.762259430205292,3.0504614665246166,10,3,5.042004102762491,5.042004102762492,FALSE,FALSE
comm_6661,11.16647676327371,3.0504614665246166,8,4,3.3581486082001115,3.3581486082001115,FALSE,FALSE
comm_6662,10.251016628381036,3.0504614665246166,11,5,6.324107168948522,6.3241071689485215,FALSE,FALSE
comm_6663,11.06764097311172,3.0504614665246166,9,4,2.929584674504998,2.929584674504998,FALSE,FALSE
comm_6664,8.762624861,3.0504614665246166,9,4,3.9851477978851064,3.985147797885107,FALSE,FALSE
comm_6665,10.26643008220368,3.0504614665246166,10,3,4.205020639204711,4.205020639204711,FALSE,FALSE
comm_6666,9.106447243554484,3.0504614665246166,12,5,6.185863622882708,6.185863622882709,FALSE,FALSE
comm_6667,10.373591546013596,3.0504614665246166,10,4,5.895232776908083,5.895232776908081,FALSE,FALSE
comm_6668,9.349937371770428,3.0504614665246166,9,4,5.8982430316209475,5.8982430316209475,FALSE,FALSE
comm_6669,9.667478752843168,3.0504614665246166,12,3,3.6954488113060857,3.695448811306085,FALSE,FALSE
comm_6670,9.194885614959375,3.0504614665246166,8,4,8.44626245,8.446262449842228,FALSE,FALSE
comm_6671,9.662423786886528,3.0504614665246166,10,6,11.52378894445484,11.52378894445484,FALSE,FALSE
comm_6672,8.652019805,3.0504614665246166,11,4,5.704920426431299,5.704920426431299,FALSE,FALSE
comm_6673,11.158853206580488,3.0504614665246166,12,6,7.925776785257684,7.925776785257682,FALSE,FALSE
comm_6674,8.374294006759808,3.0504614665246166,10,3,4.553192850486353,4.5531928504863535,FALSE,FALSE
comm_6675,11.163143952637768,3.0504614665246166,10,3,1.1375714697708292,1.1375714697708292,FALSE,FALSE
comm_6676,9.597007789,3.0504614665246166,8,2,3.356943614336702,3.356943614336702,FALSE,FALSE
comm_6677,10.468984236491703,3.0504614665246166,10,5,6.3973834497650195,6.39738345,FALSE,FALSE
comm_6678,9.690887292133928,3.0504614665246166,12,6,9.100086267417709,9.100086267417709,FALSE,FALSE
comm_6679,10.534634285388387,3.0504614665246166,11,3,2.555559307966572,2.5555593079665715,FALSE,FALSE
comm_6680,10.780643227377258,3.0504614665246166,8,2,0.7707770512705269,0.7707770512705269,FALSE,FALSE
comm_6681,12.173938994664836,3.0504614665246166,8,4,6.231741045312554,6.231741045312553,FALSE,FALSE
comm_6682,8.337254743027321,3.0504614665246166,10,4,2.9450522972523174,2.9450522972523183,FALSE,FALSE
comm_6683,11.361661125334637,3.0504614665246166,10,3,2.616173300310404,2.6161733003104044,FALSE,FALSE
comm_6684,8.315528758,3.0504614665246166,10,5,7.254712439955535,7.254712439955535,FALSE,FALSE
comm_6685,8.280089105795202,3.0504614665246166,9,3,4.262477174559336,4.262477174559336,FALSE,FALSE
comm_6686,8.380265082,3.0504614665246166,9,5,11.49879034806134,11.49879034806134,FALSE,FALSE
comm_6687,11.254861389024892,3.0504614665246166,12,5,2.376443064,2.3764430642083205,FALSE,FALSE
comm_6688,11.031991592094908,3.0504614665246166,12,5,3.8261162287049184,3.8261162287049184,FALSE,FALSE
comm_6689,10.838841872329615,3.0504614665246166,12,4,3.206803970835603,3.206803970835603,FALSE,FALSE
comm_6690,9.153279458613246,3.0504614665246166,11,6,5.872596981900269,5.872596981900271,FALSE,FALSE
comm_6691,10.114566793589503,3.0504614665246166,11,4,4.288361575,4.288361575,FALSE,FALSE
comm_6692,9.831809490314196,3.0504614665246166,9,5,7.252684275776138,7.252684275776141,FALSE,FALSE
comm_6693,11.650630624184132,3.0504614665246166,8,2,3.0481857973801096,3.048185797,FALSE,FALSE
comm_6694,9.776596056649373,3.0504614665246166,8,2,2.4224526176418375,2.4224526176418366,FALSE,FALSE
comm_6695,8.632077714747908,3.0504614665246166,10,3,4.003349395791604,4.003349395791604,FALSE,FALSE
comm_6696,8.675616075201916,3.0504614665246166,9,3,1.2907286697808555,1.2907286697808555,FALSE,FALSE
comm_6697,10.378959603219045,3.0504614665246166,11,2,5.003591436862443,5.003591436862443,FALSE,FALSE
comm_6698,9.755855253438728,3.0504614665246166,8,6,8.781416203902772,8.781416203902772,FALSE,FALSE
comm_6699,9.436289362331964,3.0504614665246166,8,4,6.7956801472946715,6.795680147294673,FALSE,FALSE
comm_6700,9.882855066699724,3.0504614665246166,11,5,4.014148105751072,4.014148105751072,FALSE,FALSE
comm_6701,9.249376136305552,3.0504614665246166,8,3,1.7713683883652969,1.7713683883652969,FALSE,FALSE
comm_6702,9.902404257798771,3.0504614665246166,9,3,4.050206843,4.050206842997109,FALSE,FALSE
comm_6703,9.106239386964864,3.0504614665246166,8,2,0.7406530311215658,0.7406530311215658,FALSE,FALSE
comm_6704,9.997860502,3.0504614665246166,9,5,5.0053469796613665,5.005346979661367,FALSE,FALSE
comm_6705,9.921071741641931,3.0504614665246166,9,5,3.555744943897425,3.555744943897425,FALSE,FALSE
comm_6706,10.278080840721763,3.0504614665246166,11,4,2.5309192028954044,2.5309192028954044,FALSE,FALSE
comm_6707,12.313518957522026,3.0504614665246166,11,6,5.0551189277236155,5.055118927723615,FALSE,FALSE
comm_6708,8.547756779068244,3.0504614665246166,12,6,7.407644676009241,7.407644676,FALSE,FALSE
comm_6709,7.859961243197485,3.0504614665246166,11,3,3.167523545528484,3.1675235455284834,FALSE,FALSE
comm_6710,9.018226396,3.0504614665246166,11,5,5.672678725819367,5.6726787258193685,FALSE,FALSE
comm_6711,10.190321100818805,3.0504614665246166,8,3,4.887206485074463,4.887206485074464,FALSE,FALSE
comm_6712,9.479716275110675,3.0504614665246166,12,5,3.818979084212706,3.818979084212705,FALSE,FALSE
comm_6713,10.992488160525545,3.0504614665246166,9,6,7.767645453323677,7.767645453323677,FALSE,FALSE
comm_6714,10.432727629830648,3.0504614665246166,8,3,3.5537328648036244,3.5537328648036244,FALSE,FALSE
comm_6715,10.020473921795862,3.0504614665246166,9,2,3.2960140099554835,3.2960140099554835,FALSE,FALSE
comm_6716,9.252019846412718,3.0504614665246166,11,5,8.216210634550007,8.216210635,FALSE,FALSE
comm_6717,11.111790277422124,3.0504614665246166,10,4,3.384714403303287,3.384714403303287,FALSE,FALSE
comm_6718,9.584403174251795,3.0504614665246166,11,5,8.660560692423587,8.660560692423587,FALSE,FALSE
comm_6719,9.236562679539428,3.0504614665246166,11,4,4.494286819111262,4.494286819111262,FALSE,FALSE
comm_6720,10.031376262748848,3.0504614665246166,9,1,1.1193506198141765,1.1193506198141765,FALSE,FALSE
comm_6721,10.660759958228043,3.0504614665246166,12,5,2.991744131189891,2.9917441311898916,FALSE,FALSE
comm_6722,10.724333434242595,3.0504614665246166,9,4,4.897369662877458,4.897369662877459,FALSE,FALSE
comm_6723,12.151062546661205,3.0504614665246166,8,3,2.402933753939666,2.402933753939665,FALSE,FALSE
comm_6724,10.249713998635308,3.0504614665246166,12,4,2.0727715871128054,2.0727715871128054,FALSE,FALSE
comm_6725,9.182611798131356,3.0504614665246166,11,5,7.61366195,7.613661949817549,FALSE,FALSE
comm_6726,10.734596179693076,3.0504614665246166,11,4,5.279614797,5.279614797031809,FALSE,FALSE
comm_6727,13.219666450166796,3.0504614665246166,8,1,0.513342226,0.513342226,FALSE,FALSE
comm_6728,10.095398834290476,3.0504614665246166,10,4,3.4199473717515514,3.4199473717515514,FALSE,FALSE
comm_6729,10.502617759647444,3.0504614665246166,11,6,4.221864176695585,4.221864176695585,FALSE,FALSE
comm_6730,10.727427889536845,3.0504614665246166,10,4,2.2188255316966012,2.2188255316966012,FALSE,FALSE
comm_6731,9.402231355191397,3.0504614665246166,9,3,1.0985985458208047,1.0985985458208047,FALSE,FALSE
comm_6732,10.562412727265144,3.0504614665246166,9,3,5.127847377105834,5.127847377105834,FALSE,FALSE
comm_6733,8.529281497593349,3.0504614665246166,8,4,7.155899068984147,7.155899068984148,FALSE,FALSE
comm_6734,10.40385267914359,3.0504614665246166,9,3,2.3261473895220655,2.3261473895220655,FALSE,FALSE
comm_6735,9.135204309389335,3.0504614665246166,10,6,4.741666362434838,4.741666362434838,FALSE,FALSE
comm_6736,13.05736702,3.0504614665246166,10,5,4.048749103198208,4.048749103198208,FALSE,FALSE
comm_6737,10.619164912510715,3.0504614665246166,10,4,2.815465119234461,2.815465119,FALSE,FALSE
comm_6738,11.405513116290354,3.0504614665246166,8,3,2.895706245120702,2.8957062451207016,FALSE,FALSE
comm_6739,10.125358178903769,3.0504614665246166,11,4,5.981410318182867,5.981410318182867,FALSE,FALSE
comm_6740,10.477798680510672,3.0504614665246166,10,3,3.865814315165036,3.8658143151650366,FALSE,FALSE
comm_6741,10.33759728466883,3.0504614665246166,8,5,6.412597619396813,6.412597619396811,FALSE,FALSE
comm_6742,13.199750634728504,3.0504614665246166,8,2,2.225483096954675,2.225483096954675,FALSE,FALSE
comm_6743,8.643208134,3.0504614665246166,10,5,7.235167195007334,7.235167195007334,FALSE,FALSE
comm_6744,10.752750461733797,3.0504614665246166,10,6,5.013247741719857,5.013247741719857,FALSE,FALSE
comm_6745,10.20370724401866,3.0504614665246166,11,6,6.975772681722924,6.975772681722924,FALSE,FALSE
comm_6746,10.722030460509044,3.0504614665246166,11,3,1.614558364890541,1.6145583648905413,FALSE,FALSE
comm_6747,9.869082055545595,3.0504614665246166,9,2,3.1573224992499984,3.157322499249998,FALSE,FALSE
comm_6748,9.048981821,3.0504614665246166,9,3,3.5521757017789017,3.5521757017789017,FALSE,FALSE
comm_6749,9.392861763531076,3.0504614665246166,8,5,4.188841322646583,4.188841322646583,FALSE,FALSE
comm_6750,9.036756088405236,3.0504614665246166,9,2,1.9926646942249755,1.9926646942249753,FALSE,FALSE
comm_6751,9.231567223284207,3.0504614665246166,11,5,2.880847314,2.880847314,FALSE,FALSE
comm_6752,9.682437032055272,3.0504614665246166,9,2,2.5967197876882686,2.5967197876882686,FALSE,FALSE
comm_6753,9.997181469145248,3.0504614665246166,9,4,4.727371569687655,4.727371569687653,FALSE,FALSE
comm_6754,8.82791207,3.0504614665246166,9,3,5.139556867161656,5.139556867161657,FALSE,FALSE
comm_6755,8.909420132933013,3.0504614665246166,8,5,6.519117752093499,6.519117752093499,FALSE,FALSE
comm_6756,10.257940068933893,3.0504614665246166,9,4,3.802685708708911,3.802685708708911,FALSE,FALSE
comm_6757,11.233129960911691,3.0504614665246166,8,3,3.8731250403909647,3.8731250403909647,FALSE,FALSE
comm_6758,9.409753573156175,3.0504614665246166,12,5,2.448256078953376,2.4482560789533756,FALSE,FALSE
comm_6759,12.409548867872155,3.0504614665246166,12,4,5.6739550672246395,5.673955067,FALSE,FALSE
comm_6760,9.768728738,3.0504614665246166,12,5,4.171818504335492,4.171818504335492,FALSE,FALSE
comm_6761,8.463372705,3.0504614665246166,10,3,3.973252940296545,3.973252940296545,FALSE,FALSE
comm_6762,9.850161252,3.0504614665246166,8,4,4.922953014559276,4.922953014559277,FALSE,FALSE
comm_6763,9.537859025035702,3.0504614665246166,10,2,1.4910814126625318,1.491081412662532,FALSE,FALSE
comm_6764,10.381911112641864,3.0504614665246166,12,3,4.715451209337884,4.715451209337883,FALSE,FALSE
comm_6765,8.995682458990387,3.0504614665246166,12,6,6.7213109392718415,6.721310939271841,FALSE,FALSE
comm_6766,10.087175249201763,3.0504614665246166,9,6,8.334274553458751,8.334274553458751,FALSE,FALSE
comm_6767,10.828381150135083,3.0504614665246166,9,5,2.300651708763247,2.300651708763247,FALSE,FALSE
comm_6768,9.784670760083912,3.0504614665246166,12,5,5.098640234215486,5.098640234215487,FALSE,FALSE
comm_6769,9.916322304706371,3.0504614665246166,10,4,3.664726843,3.6647268429673097,FALSE,FALSE
comm_6770,8.788227159229118,3.0504614665246166,12,5,7.395048527479414,7.395048527479415,FALSE,FALSE
comm_6771,9.5411091,3.0504614665246166,11,5,7.167574775705179,7.167574775705178,FALSE,FALSE
comm_6772,9.221825975,3.0504614665246166,10,4,3.010355866864299,3.010355866864299,FALSE,FALSE
comm_6773,10.498029795191638,3.0504614665246166,8,2,1.1052394587392933,1.1052394587392935,FALSE,FALSE
comm_6774,9.663091154,3.0504614665246166,12,7,3.729606067407307,3.7296060674073073,FALSE,FALSE
comm_6775,9.885276065375244,3.0504614665246166,9,6,4.528171211916098,4.528171211916098,FALSE,FALSE
comm_6776,10.808985612099562,3.0504614665246166,9,3,3.296505837410182,3.296505837410182,FALSE,FALSE
comm_6777,10.492802454348858,3.0504614665246166,10,5,6.640177418461004,6.640177418461003,FALSE,FALSE
comm_6778,10.145779093662115,3.0504614665246166,10,5,4.5295665859198495,4.529566586,FALSE,FALSE
comm_6779,9.724556278592466,3.0504614665246166,8,4,6.052895432511278,6.052895433,FALSE,FALSE
comm_6780,10.406226313517308,3.0504614665246166,9,4,2.834271137470315,2.834271137470315,FALSE,FALSE
comm_6781,11.08359095443243,3.0504614665246166,9,3,1.240757128,1.240757128,FALSE,FALSE
comm_6782,9.936581703926876,3.0504614665246166,11,6,6.231028680386547,6.231028680386549,FALSE,FALSE
comm_6783,12.017395623704294,3.0504614665246166,8,2,2.8563966257996896,2.8563966257996896,FALSE,FALSE
comm_6784,9.529096795768988,3.0504614665246166,9,3,5.131572752438847,5.1315727524388475,FALSE,FALSE
comm_6785,8.570700421580083,3.0504614665246166,11,5,12.194303051352149,12.194303051352149,FALSE,FALSE
comm_6786,11.396414960190008,3.0504614665246166,11,5,4.620257609035468,4.620257609035468,FALSE,FALSE
comm_6787,9.280252896622994,3.0504614665246166,10,3,4.667113086618248,4.667113086618249,FALSE,FALSE
comm_6788,8.833224721173117,3.0504614665246166,12,4,3.6560898979079455,3.6560898979079455,FALSE,FALSE
comm_6789,9.762056730291462,3.0504614665246166,8,1,0.6988233388417505,0.6988233388417506,FALSE,FALSE
comm_6790,8.670672880161106,3.0504614665246166,8,4,8.521236824,8.521236824,FALSE,FALSE
comm_6791,9.743268799282758,3.0504614665246166,8,5,9.406032252507137,9.406032252507131,FALSE,FALSE
comm_6792,9.265328693,3.0504614665246166,8,3,4.067203185455766,4.0672031854557655,FALSE,FALSE
comm_6793,9.774198347976396,3.0504614665246166,12,6,7.075999527873665,7.075999527873664,FALSE,FALSE
comm_6794,9.563934604260515,3.0504614665246166,12,4,5.733991169,5.733991168863499,FALSE,FALSE
comm_6795,10.202191330258913,3.0504614665246166,12,4,4.154927181477952,4.154927181477952,FALSE,FALSE
comm_6796,10.34925721048464,3.0504614665246166,9,2,4.557252946178724,4.557252946178724,FALSE,FALSE
comm_6797,11.27187911766722,3.0504614665246166,12,5,3.4657180092585858,3.4657180092585858,FALSE,FALSE
comm_6798,10.89798587,3.0504614665246166,11,4,2.8641703253048028,2.8641703253048028,FALSE,FALSE
comm_6799,10.112516534773452,3.0504614665246166,11,3,2.371303264,2.371303264,FALSE,FALSE
comm_6800,8.788521556,3.0504614665246166,11,5,7.231739374079422,7.231739374,FALSE,FALSE
comm_6801,9.430530432,3.0504614665246166,9,3,5.270824203574113,5.270824203574115,FALSE,FALSE
comm_6802,12.822385187274383,3.0504614665246166,10,5,1.306918296821144,1.306918296821144,FALSE,FALSE
comm_6803,10.16903085966442,3.0504614665246166,10,4,3.2905046866859147,3.290504686685915,FALSE,FALSE
comm_6804,10.117990286815596,3.0504614665246166,12,5,3.394945230391762,3.3949452303917624,FALSE,FALSE
comm_6805,8.552646693609633,3.0504614665246166,9,2,4.385954227530017,4.385954227530017,FALSE,FALSE
comm_6806,10.613000796205244,3.0504614665246166,12,4,3.6268821065049712,3.6268821065049712,FALSE,FALSE
comm_6807,9.4758463,3.0504614665246166,9,6,5.723664671457249,5.723664671457249,FALSE,FALSE
comm_6808,11.38933791,3.0504614665246166,12,7,4.367819633424314,4.367819633424313,FALSE,FALSE
comm_6809,9.989101085,3.0504614665246166,11,2,1.746398114618823,1.7463981146188232,FALSE,FALSE
comm_6810,9.184044890859353,3.0504614665246166,8,5,3.4442330049160335,3.444233004916033,FALSE,FALSE
comm_6811,10.20239852595852,3.0504614665246166,10,3,4.8481159313380395,4.8481159313380395,FALSE,FALSE
comm_6812,8.526884397658092,3.0504614665246166,11,4,5.234072662107147,5.234072662107147,FALSE,FALSE
comm_6813,9.843076923790404,3.0504614665246166,10,3,1.7072115328226756,1.7072115328226756,FALSE,FALSE
comm_6814,8.771581499,3.0504614665246166,10,3,2.799713468813729,2.799713468813729,FALSE,FALSE
comm_6815,9.808992477180684,3.0504614665246166,11,5,3.322983280560521,3.3229832805605213,FALSE,FALSE
comm_6816,11.150505471569826,3.0504614665246166,9,6,5.890740078623464,5.8907400786234625,FALSE,FALSE
comm_6817,9.982153612142715,3.0504614665246166,12,4,2.7224772559322865,2.722477255932286,FALSE,FALSE
comm_6818,9.186649177932384,3.0504614665246166,9,4,5.855055575120815,5.855055575120816,FALSE,FALSE
comm_6819,9.315397267613816,3.0504614665246166,10,6,6.420264209060876,6.420264209060876,FALSE,FALSE
comm_6820,10.42867614119776,3.0504614665246166,10,5,5.293634413984049,5.293634413984048,FALSE,FALSE
comm_6821,9.198563919616678,3.0504614665246166,12,6,5.134514808187582,5.134514808187583,FALSE,FALSE
comm_6822,10.651100702289687,3.0504614665246166,8,4,5.596774271,5.596774271,FALSE,FALSE
comm_6823,10.315604587443808,3.0504614665246166,11,7,7.010422899072795,7.010422899072796,FALSE,FALSE
comm_6824,9.630145806354792,3.0504614665246166,9,5,4.735364128,4.735364127635432,FALSE,FALSE
comm_6825,9.799526271581447,3.0504614665246166,8,3,4.567088654256224,4.5670886542562235,FALSE,FALSE
comm_6826,9.851770172967292,3.0504614665246166,11,3,3.680281505448512,3.680281505448512,FALSE,FALSE
comm_6827,8.240482777780734,3.0504614665246166,9,1,2.518630950699944,2.518630950699944,FALSE,FALSE
comm_6828,10.188004879749688,3.0504614665246166,9,5,5.201418902383535,5.201418902383535,FALSE,FALSE
comm_6829,10.556945798387684,3.0504614665246166,11,5,7.025505896830948,7.025505896830948,FALSE,FALSE
comm_6830,11.533191508018668,3.0504614665246166,10,5,7.020123855941948,7.020123855941948,FALSE,FALSE
comm_6831,10.207332508491278,3.0504614665246166,10,3,2.7638462439506024,2.763846243950602,FALSE,FALSE
comm_6832,11.111968281719156,3.0504614665246166,10,2,1.5450759258562243,1.5450759258562248,FALSE,FALSE
comm_6833,14.611003970660285,3.0504614665246166,9,4,1.6085954113248286,1.6085954113248286,FALSE,FALSE
comm_6834,9.133782259853431,3.0504614665246166,11,5,6.266462649581572,6.266462649581571,FALSE,FALSE
comm_6835,8.910396203972397,3.0504614665246166,12,4,7.765784877294264,7.765784877294262,FALSE,FALSE
comm_6836,9.676472944016565,3.0504614665246166,11,5,3.124311817097686,3.1243118170976856,FALSE,FALSE
comm_6837,10.823711512174826,3.0504614665246166,8,5,5.056751596768043,5.056751596768043,FALSE,FALSE
comm_6838,10.518160397846264,3.0504614665246166,11,4,4.054534976222236,4.054534976222236,FALSE,FALSE
comm_6839,10.245350167418763,3.0504614665246166,9,2,0.5851496226981329,0.5851496226981326,FALSE,FALSE
comm_6840,10.221599799171647,3.0504614665246166,8,1,1.3875855088177942,1.3875855088177942,FALSE,FALSE
comm_6841,11.553303829591322,3.0504614665246166,10,4,3.982111956,3.982111956,FALSE,FALSE
comm_6842,9.909394976,3.0504614665246166,8,3,1.736399982956995,1.7363999829569945,FALSE,FALSE
comm_6843,11.58961864557796,3.0504614665246166,12,5,4.916406937499437,4.916406937499437,FALSE,FALSE
comm_6844,9.203964306774855,3.0504614665246166,11,3,2.8997773762004275,2.8997773762004275,FALSE,FALSE
comm_6845,9.28643817,3.0504614665246166,12,6,7.7709731347583855,7.7709731347583855,FALSE,FALSE
comm_6846,11.249664795653908,3.0504614665246166,10,2,2.0314864114274283,2.0314864114274287,FALSE,FALSE
comm_6847,9.698256850167324,3.0504614665246166,9,0,0,0,FALSE,FALSE
comm_6848,9.19790492,3.0504614665246166,8,4,3.713489424161496,3.7134894241614966,FALSE,FALSE
comm_6849,9.303217726,3.0504614665246166,11,2,2.876669532772698,2.876669532772699,FALSE,FALSE
comm_6850,10.17106462309593,3.0504614665246166,11,7,8.781039393346106,8.781039393346106,FALSE,FALSE
comm_6851,10.640256634132223,3.0504614665246166,12,6,4.6333329723947045,4.633332972394705,FALSE,FALSE
comm_6852,8.724358481028245,3.0504614665246166,10,2,2.202996391445312,2.202996391445312,FALSE,FALSE
comm_6853,9.165825379206318,3.0504614665246166,9,1,0.5046205632814923,0.5046205632814924,FALSE,FALSE
comm_6854,10.574372527471258,3.0504614665246166,10,4,3.1485503382819884,3.1485503382819893,FALSE,FALSE
comm_6855,10.037058877135191,3.0504614665246166,12,3,3.694230685654703,3.6942306856547025,FALSE,FALSE
comm_6856,9.768516026,3.0504614665246166,9,4,2.929937096561928,2.929937096561928,FALSE,FALSE
comm_6857,9.314607429712916,3.0504614665246166,8,1,2.5190971067318113,2.519097106731811,FALSE,FALSE
comm_6858,9.903355060089725,3.0504614665246166,8,3,1.3270525589524655,1.3270525589524655,FALSE,FALSE
comm_6859,10.13984112425103,3.0504614665246166,9,2,4.418540512465003,4.418540512465003,FALSE,FALSE
comm_6860,12.833690202973443,3.0504614665246166,8,4,2.2552562472078614,2.255256247207861,FALSE,FALSE
comm_6861,9.121075559124314,3.0504614665246166,9,5,5.442717139,5.442717139199879,FALSE,FALSE
comm_6862,10.407960293246251,3.0504614665246166,11,5,5.774416990522646,5.774416990522646,FALSE,FALSE
comm_6863,9.246894619172377,3.0504614665246166,8,1,0.1550422522082817,0.1550422522082816,FALSE,FALSE
comm_6864,11.756388963812416,3.0504614665246166,10,3,2.0480629730609508,2.0480629730609503,FALSE,FALSE
comm_6865,12.688257808814628,3.0504614665246166,9,4,3.098351645299668,3.098351645299668,FALSE,FALSE
comm_6866,11.341648712776252,3.0504614665246166,10,5,3.734994755378168,3.734994755378167,FALSE,FALSE
comm_6867,9.649284084,3.0504614665246166,12,4,4.851614421119428,4.851614421119429,FALSE,FALSE
comm_6868,10.074098710952802,3.0504614665246166,10,3,2.991142374877123,2.991142374877123,FALSE,FALSE
comm_6869,9.944299323218706,3.0504614665246166,8,4,4.159583591916604,4.159583591916604,FALSE,FALSE
comm_6870,8.847722121,3.0504614665246166,11,5,5.917751275265547,5.917751275265547,FALSE,FALSE
comm_6871,11.021516386930264,3.0504614665246166,9,4,5.2807835506214955,5.280783550621496,FALSE,FALSE
comm_6872,9.855404164519252,3.0504614665246166,10,3,2.9271916834567135,2.9271916834567135,FALSE,FALSE
comm_6873,9.738996754681269,3.0504614665246166,12,7,8.396376522997885,8.396376522997885,FALSE,FALSE
comm_6874,9.443982506415848,3.0504614665246166,11,5,4.658265986606887,4.658265986606887,FALSE,FALSE
comm_6875,9.318410239236773,3.0504614665246166,9,6,3.3721996264588427,3.372199626458843,FALSE,FALSE
comm_6876,9.032911688632014,3.0504614665246166,8,3,2.613322378987087,2.6133223789870867,FALSE,FALSE
comm_6877,10.713592071030666,3.0504614665246166,9,4,3.759647121443803,3.759647121443803,FALSE,FALSE
comm_6878,10.35966138750277,3.0504614665246166,8,2,4.070824470721883,4.070824470721883,FALSE,FALSE
comm_6879,9.811724093195137,3.0504614665246166,12,6,5.778484183756972,5.778484183756974,FALSE,FALSE
comm_6880,8.177128873030284,3.0504614665246166,11,5,13.435788940010532,13.435788940010532,FALSE,FALSE
comm_6881,8.440898748507436,3.0504614665246166,10,5,6.252788595586906,6.252788595586906,FALSE,FALSE
comm_6882,10.679095968808078,3.0504614665246166,11,5,4.172651166966787,4.172651166966788,FALSE,FALSE
comm_6883,9.242650094014476,3.0504614665246166,9,2,2.5569627293238537,2.5569627293238533,FALSE,FALSE
comm_6884,9.169940350337304,3.0504614665246166,10,3,5.080895917693469,5.080895917693468,FALSE,FALSE
comm_6885,9.421813810804617,3.0504614665246166,10,5,9.127325738405505,9.127325738405505,FALSE,FALSE
comm_6886,11.600370368918744,3.0504614665246166,9,5,5.188947541,5.188947541,FALSE,FALSE
comm_6887,11.084028680169274,3.0504614665246166,8,5,6.540606556115073,6.5406065561150735,FALSE,FALSE
comm_6888,10.78288491138838,3.0504614665246166,11,4,5.262300272327363,5.262300272327363,FALSE,FALSE
comm_6889,11.173148539900788,3.0504614665246166,10,4,1.5400732689442842,1.5400732689442842,FALSE,FALSE
comm_6890,8.835028630584493,3.0504614665246166,12,5,3.773821179747173,3.773821179747173,FALSE,FALSE
comm_6891,10.119116131354964,3.0504614665246166,12,4,2.9447878014500595,2.9447878014500586,FALSE,FALSE
comm_6892,11.216445225829457,3.0504614665246166,12,4,4.365799915,4.365799915,FALSE,FALSE
comm_6893,10.104669111995817,3.0504614665246166,12,4,4.481323510291288,4.481323510291289,FALSE,FALSE
comm_6894,10.304356803698171,3.0504614665246166,8,2,1.0200244762608297,1.0200244762608297,FALSE,FALSE
comm_6895,9.333358502,3.0504614665246166,8,3,6.042060942450176,6.042060942450177,FALSE,FALSE
comm_6896,8.986103036,3.0504614665246166,11,6,4.967157201171288,4.967157201171288,FALSE,FALSE
comm_6897,9.311191636796408,3.0504614665246166,10,3,3.504099711,3.504099711,FALSE,FALSE
comm_6898,9.144186467126346,3.0504614665246166,12,4,8.697734312178762,8.697734312178762,FALSE,FALSE
comm_6899,8.914316100494377,3.0504614665246166,9,3,1.106253157371074,1.106253157371074,FALSE,FALSE
comm_6900,10.812125757095425,3.0504614665246166,9,4,5.365705558279435,5.365705558279434,FALSE,FALSE
comm_6902,10.030193204865617,3.0504614665246166,12,5,2.268697226,2.2686972262872303,FALSE,FALSE
comm_6903,9.794086938936282,3.0504614665246166,8,3,3.1113977723822455,3.111397772382246,FALSE,FALSE
comm_6904,10.125668435682304,3.0504614665246166,12,7,8.597752117871195,8.597752117871195,FALSE,FALSE
comm_6905,10.282968248563108,3.0504614665246166,11,4,9.466184925024834,9.466184925024836,FALSE,FALSE
comm_6906,9.597141522193857,3.0504614665246166,12,4,2.878274943664524,2.878274943664524,FALSE,FALSE
comm_6907,8.325202122102441,3.0504614665246166,10,4,5.885189545416788,5.885189545416788,FALSE,FALSE
comm_6908,9.737933538,3.0504614665246166,9,2,6.2274777652743145,6.227477765274315,FALSE,FALSE
comm_6909,11.718205476275878,3.0504614665246166,9,1,0.383612533,0.383612533,FALSE,FALSE
comm_6910,8.675470853046505,3.0504614665246166,10,4,8.722419315,8.722419314859662,FALSE,FALSE
comm_6911,8.699206351980814,3.0504614665246166,12,4,3.639539186302711,3.639539186302712,FALSE,FALSE
comm_6912,11.365110853964287,3.0504614665246166,8,3,4.1946152949376945,4.194615294937694,FALSE,FALSE
comm_6913,10.00711656,3.0504614665246166,8,2,3.959698856230689,3.959698856230689,FALSE,FALSE
comm_6914,10.178691078948486,3.0504614665246166,10,5,3.9662927445530025,3.9662927445530025,FALSE,FALSE
comm_6915,8.46618553,3.0504614665246166,10,3,7.237305471323164,7.237305471323163,FALSE,FALSE
comm_6916,8.634549655375963,3.0504614665246166,12,5,4.997718340882208,4.997718340882208,FALSE,FALSE
comm_6917,9.624630067,3.0504614665246166,11,5,7.588748028382533,7.588748028382531,FALSE,FALSE
comm_6918,9.775304061226448,3.0504614665246166,12,6,7.156258185296241,7.156258185296242,FALSE,FALSE
comm_6919,9.456242887,3.0504614665246166,12,5,4.766081043872584,4.7660810438725845,FALSE,FALSE
comm_6920,9.219022943706564,3.0504614665246166,11,3,6.396886509406858,6.396886509406859,FALSE,FALSE
comm_6921,10.776147875827467,3.0504614665246166,9,3,1.285827319201432,1.285827319201432,FALSE,FALSE
comm_6922,9.616099006999944,3.0504614665246166,9,3,3.2005443176707393,3.2005443176707393,FALSE,FALSE
comm_6923,9.594492909106876,3.0504614665246166,10,4,7.1976160961524664,7.197616096152465,FALSE,FALSE
comm_6924,10.95307228736096,3.0504614665246166,10,5,2.385382527264022,2.385382527264022,FALSE,FALSE
comm_6925,10.57270886464286,3.0504614665246166,9,4,4.065684984840037,4.065684984840037,FALSE,FALSE
comm_6926,11.123190086798546,3.0504614665246166,11,5,3.1071273044449903,3.1071273044449903,FALSE,FALSE
comm_6927,10.56535737754856,3.0504614665246166,8,4,5.481697773962132,5.481697773962131,FALSE,FALSE
comm_6928,10.118615413241551,3.0504614665246166,8,4,3.412274356171777,3.4122743561717774,FALSE,FALSE
comm_6929,10.01562312625598,3.0504614665246166,9,2,3.184948870908131,3.184948870908131,FALSE,FALSE
comm_6930,8.782456344758401,3.0504614665246166,9,4,4.625135372225745,4.625135372225744,FALSE,FALSE
comm_6931,9.426766528103691,3.0504614665246166,8,4,6.6249404055918175,6.6249404055918175,FALSE,FALSE
comm_6932,10.033317629244175,3.0504614665246166,10,2,2.1158906476368333,2.1158906476368333,FALSE,FALSE
comm_6933,9.537326600960876,3.0504614665246166,9,5,7.841049170602501,7.841049171,FALSE,FALSE
comm_6934,9.977105994,3.0504614665246166,11,4,4.560787142784173,4.560787142784172,FALSE,FALSE
comm_6935,10.888648178199098,3.0504614665246166,11,3,2.166650641104297,2.166650641104297,FALSE,FALSE
comm_6936,9.596768849698009,3.0504614665246166,10,3,3.555976652610216,3.5559766526102146,FALSE,FALSE
comm_6937,9.660067330080228,3.0504614665246166,12,6,8.887060925890701,8.887060925890701,FALSE,FALSE
comm_6938,13.955429245428665,3.0504614665246166,8,2,2.94428231,2.9442823100422197,FALSE,FALSE
comm_6939,8.815200134103405,3.0504614665246166,11,5,5.659208103731242,5.659208103731243,FALSE,FALSE
comm_6940,10.139685809506668,3.0504614665246166,8,5,5.398281373306253,5.398281373306253,FALSE,FALSE
comm_6941,9.421221466356805,3.0504614665246166,9,4,7.512910107007667,7.512910107007667,FALSE,FALSE
comm_6942,9.362752022851494,3.0504614665246166,8,5,4.676271646990695,4.676271646990695,FALSE,FALSE
comm_6943,9.373992541231551,3.0504614665246166,11,4,5.452691681719589,5.452691682,FALSE,FALSE
comm_6944,12.42479051003029,3.0504614665246166,10,4,4.068997002884489,4.068997002884489,FALSE,FALSE
comm_6945,9.262073792,3.0504614665246166,10,5,10.59464666561188,10.59464666561188,FALSE,FALSE
comm_6946,9.947690888,3.0504614665246166,12,4,3.5623817594863403,3.5623817594863403,FALSE,FALSE
comm_6947,9.269787658161874,3.0504614665246166,11,3,2.4043678056105513,2.4043678056105513,FALSE,FALSE
comm_6948,10.256544742588243,3.0504614665246166,8,3,3.0468231217467694,3.046823121746769,FALSE,FALSE
comm_6949,11.05821177,3.0504614665246166,11,4,2.4996969359608627,2.4996969359608623,FALSE,FALSE
comm_6950,10.170825131688142,3.0504614665246166,10,4,2.668937635865335,2.6689376358653356,FALSE,FALSE
comm_6951,10.137225191799232,3.0504614665246166,10,4,3.0668562654354297,3.0668562654354297,FALSE,FALSE
comm_6952,9.564242150938927,3.0504614665246166,9,3,5.715908947567079,5.715908947567079,FALSE,FALSE
comm_6953,9.352063194588188,3.0504614665246166,8,5,5.452238689862321,5.452238689862322,FALSE,FALSE
comm_6954,10.115493505564316,3.0504614665246166,11,3,4.929936313210781,4.9299363132107805,FALSE,FALSE
comm_6955,9.546150671641032,3.0504614665246166,10,4,5.092283082046613,5.092283082046612,FALSE,FALSE
comm_6956,11.13883575257736,3.0504614665246166,10,5,3.864573689845484,3.864573689845484,FALSE,FALSE
comm_6957,11.329285190835469,3.0504614665246166,8,2,2.888134169633009,2.8881341696330085,FALSE,FALSE
comm_6958,9.118006291,3.0504614665246166,12,4,9.249540233,9.249540233,FALSE,FALSE
comm_6959,10.196044963515591,3.0504614665246166,9,4,5.033636354594872,5.033636354594873,FALSE,FALSE
comm_6960,11.040866850592716,3.0504614665246166,10,5,6.991581612981696,6.9915816129816974,FALSE,FALSE
comm_6961,9.763939750645443,3.0504614665246166,8,2,2.196923508870426,2.196923508870426,FALSE,FALSE
comm_6962,9.378993667,3.0504614665246166,12,4,3.2026093964089037,3.202609396408904,FALSE,FALSE
comm_6963,11.141973610089654,3.0504614665246166,10,5,6.407566545840635,6.407566545840632,FALSE,FALSE
comm_6964,10.17271911704508,3.0504614665246166,8,4,4.206699353322618,4.206699353322618,FALSE,FALSE
comm_6965,9.681519372678682,3.0504614665246166,12,5,3.4020494563751957,3.402049456375195,FALSE,FALSE
comm_6966,9.356885874562485,3.0504614665246166,10,4,3.9020529865859617,3.9020529865859617,FALSE,FALSE
comm_6967,10.611559816322185,3.0504614665246166,12,5,3.889612262031695,3.889612262031694,FALSE,FALSE
comm_6968,10.15934542961949,3.0504614665246166,12,4,3.4854990394661716,3.485499039466172,FALSE,FALSE
comm_6969,10.265249506167583,3.0504614665246166,11,3,3.1903778603902584,3.190377860390259,FALSE,FALSE
comm_6970,10.857596640028325,3.0504614665246166,8,2,2.1580352888135943,2.158035288813594,FALSE,FALSE
comm_6971,12.058688959303405,3.0504614665246166,11,5,6.132557283423087,6.132557283423086,FALSE,FALSE
comm_6972,9.841440066720594,3.0504614665246166,9,4,8.321656062299938,8.321656062299938,FALSE,FALSE
comm_6973,8.853728871930299,3.0504614665246166,11,2,1.5403920274816698,1.5403920274816698,FALSE,FALSE
comm_6974,9.509666205486129,3.0504614665246166,10,2,2.939550862444354,2.939550862444354,FALSE,FALSE
comm_6975,9.614293836202089,3.0504614665246166,10,4,3.3879796918300342,3.387979691830034,FALSE,FALSE
comm_6976,11.68874022,3.0504614665246166,10,4,3.1079055124692663,3.1079055124692663,FALSE,FALSE
comm_6977,10.42650956,3.0504614665246166,12,4,2.986789858134286,2.9867898581342867,FALSE,FALSE
comm_6978,10.085092033107204,3.0504614665246166,11,4,15.098112650832627,15.09811265083263,FALSE,FALSE
comm_6979,10.376842745387936,3.0504614665246166,12,4,2.7532211809271057,2.753221180927106,FALSE,FALSE
comm_6980,12.33873211257738,3.0504614665246166,9,2,1.5925790072828905,1.5925790072828905,FALSE,FALSE
comm_6981,9.092515151597189,3.0504614665246166,11,6,6.434389764987539,6.4343897649875395,FALSE,FALSE
comm_6982,11.681575082748846,3.0504614665246166,11,5,4.670700732,4.670700731722041,FALSE,FALSE
comm_6983,9.685288985,3.0504614665246166,12,6,7.0242448571358915,7.024244857135891,FALSE,FALSE
comm_6984,10.010906707319435,3.0504614665246166,8,4,4.200712615109554,4.200712615109554,FALSE,FALSE
comm_6985,10.459641858902724,3.0504614665246166,8,1,0.3344048750699162,0.3344048750699162,FALSE,FALSE
comm_6986,9.091172244581369,3.0504614665246166,12,3,3.6365773211126937,3.636577321112694,FALSE,FALSE
comm_6987,10.15077279312828,3.0504614665246166,11,5,5.9159890986729105,5.9159890986729105,FALSE,FALSE
comm_6988,13.178816976211996,3.0504614665246166,10,3,1.4574975389095772,1.4574975389095772,FALSE,FALSE
comm_6989,9.945646411517794,3.0504614665246166,10,5,3.0510580583082434,3.051058058308244,FALSE,FALSE
comm_6990,9.333425098217926,3.0504614665246166,10,2,1.9948596578758564,1.9948596578758568,FALSE,FALSE
comm_6991,10.49066155209931,3.0504614665246166,9,3,4.4325141566950315,4.432514156695032,FALSE,FALSE
comm_6992,11.928093590125917,3.0504614665246166,8,1,1.3158555759116966,1.3158555759116963,FALSE,FALSE
comm_6993,9.107474288,3.0504614665246166,9,4,3.849280858069479,3.8492808580694793,FALSE,FALSE
comm_6994,9.32798779,3.0504614665246166,8,3,3.109329601798283,3.109329601798284,FALSE,FALSE
comm_6995,11.179458474118237,3.0504614665246166,11,4,1.503938136592072,1.503938136592072,FALSE,FALSE
comm_6996,9.148703288,3.0504614665246166,9,4,6.678089171067896,6.678089171067896,FALSE,FALSE
comm_6997,10.185427422353031,3.0504614665246166,9,2,1.951001565921593,1.951001565921593,FALSE,FALSE
comm_6998,10.153004299405248,3.0504614665246166,9,5,5.271266631760921,5.271266631760921,FALSE,FALSE
comm_6999,10.059751451308536,3.0504614665246166,9,3,4.015452120109269,4.01545212,FALSE,FALSE
comm_7000,10.14271778251411,3.0504614665246166,11,5,7.022762609796706,7.022762609796706,FALSE,FALSE
comm_7001,11.478084398829193,3.0504614665246166,9,3,5.066890629787876,5.066890629787876,FALSE,FALSE
comm_7002,10.98316466283858,3.0504614665246166,10,2,1.3592499092766896,1.3592499092766896,FALSE,FALSE
comm_7003,9.967792503,3.0504614665246166,10,4,3.8577469709213568,3.857746970921356,FALSE,FALSE
comm_7004,8.854857420565404,3.0504614665246166,8,2,2.7335417106703037,2.7335417106703046,FALSE,FALSE
comm_7005,8.219758465349491,3.0504614665246166,8,1,2.193454644967846,2.193454644967846,FALSE,FALSE
comm_7006,12.13148844958862,3.0504614665246166,12,7,4.159621682112854,4.159621682112854,FALSE,FALSE
comm_7007,9.445823591160316,3.0504614665246166,12,5,6.317201643,6.317201642516989,FALSE,FALSE
comm_7008,9.306187534605408,3.0504614665246166,12,6,5.972291404346398,5.972291404346398,FALSE,FALSE
comm_7009,9.641251153362669,3.0504614665246166,12,4,3.192554655613681,3.192554655613682,FALSE,FALSE
comm_7010,9.936519744,3.0504614665246166,8,2,0.8464127096189039,0.84641271,FALSE,FALSE
comm_7011,10.623700451987048,3.0504614665246166,12,5,4.130321953843396,4.130321953843397,FALSE,FALSE
comm_7012,11.60069108385064,3.0504614665246166,8,4,1.956592784868884,1.956592784868884,FALSE,FALSE
comm_7013,8.593590381484315,3.0504614665246166,12,6,7.618052208910845,7.618052208910844,FALSE,FALSE
comm_7014,9.185287323507954,3.0504614665246166,10,3,2.026436941474004,2.026436941474004,FALSE,FALSE
comm_7015,9.839136745,3.0504614665246166,8,3,7.220162029370044,7.2201620293700435,FALSE,FALSE
comm_7016,9.973522748560946,3.0504614665246166,9,3,2.940770539005429,2.940770539005429,FALSE,FALSE
comm_7017,9.829248751906476,3.0504614665246166,9,3,1.5113730006229156,1.5113730006229158,FALSE,FALSE
comm_7018,10.412267425435315,3.0504614665246166,12,4,4.319315570031373,4.319315570031373,FALSE,FALSE
comm_7019,9.875237372362529,3.0504614665246166,10,4,4.331141799722748,4.331141799722747,FALSE,FALSE
comm_7020,9.990680673218936,3.0504614665246166,10,6,4.233731991878784,4.233731991878785,FALSE,FALSE
comm_7021,9.119081954,3.0504614665246166,9,4,3.997559549,3.9975595493046705,FALSE,FALSE
comm_7022,10.181251513827934,3.0504614665246166,8,2,0.332673049,0.332673049,FALSE,FALSE
comm_7023,9.241927013631598,3.0504614665246166,12,5,3.699762902838147,3.699762902838147,FALSE,FALSE
comm_7024,9.928308739219908,3.0504614665246166,9,3,3.669672159862517,3.6696721598625177,FALSE,FALSE
comm_7025,9.804389737324009,3.0504614665246166,11,3,5.631381166167907,5.631381166167907,FALSE,FALSE
comm_7026,11.791353786778718,3.0504614665246166,9,7,5.2125006747926115,5.212500674792611,FALSE,FALSE
comm_7027,9.638200891494517,3.0504614665246166,11,3,3.1807500600551695,3.180750060055169,FALSE,FALSE
comm_7028,11.662487625512393,3.0504614665246166,8,3,2.6691044995894337,2.669104499589434,FALSE,FALSE
comm_7029,9.394368325179595,3.0504614665246166,8,2,4.216321912269986,4.216321912269986,FALSE,FALSE
comm_7030,11.619270494870635,3.0504614665246166,12,6,3.973983657056521,3.9739836570565217,FALSE,FALSE
comm_7031,10.232592071902124,3.0504614665246166,9,4,4.115080955899111,4.115080955899112,FALSE,FALSE
comm_7032,10.579731506632836,3.0504614665246166,8,2,0.4727682558355202,0.472768256,FALSE,FALSE
comm_7033,10.409518052538845,3.0504614665246166,8,3,3.931928334733544,3.931928334733543,FALSE,FALSE
comm_7034,12.517837812723938,3.0504614665246166,9,4,3.902995698241215,3.902995698241215,FALSE,FALSE
comm_7035,12.259168510184198,3.0504614665246166,10,5,2.848359195,2.848359195,FALSE,FALSE
comm_7036,9.315553122612227,3.0504614665246166,9,4,5.9336408175789135,5.933640817578913,FALSE,FALSE
comm_7037,8.858845979106247,3.0504614665246166,12,6,6.883403346,6.883403346,FALSE,FALSE
comm_7038,10.141210467307934,3.0504614665246166,10,4,2.4613778657177394,2.461377865717739,FALSE,FALSE
comm_7039,12.288443323167838,3.0504614665246166,12,4,2.560245402,2.560245402,FALSE,FALSE
comm_7040,8.486704983273883,3.0504614665246166,12,4,5.5561850885755435,5.5561850885755435,FALSE,FALSE
comm_7041,9.860606363355856,3.0504614665246166,11,4,3.732773769081474,3.7327737690814735,FALSE,FALSE
comm_7042,11.007344733938236,3.0504614665246166,11,1,0.5024648659893114,0.5024648659893115,FALSE,FALSE
comm_7043,9.588770851,3.0504614665246166,12,3,2.647897891,2.6478978909971795,FALSE,FALSE
comm_7044,12.390294353036142,3.0504614665246166,8,3,2.369642944394939,2.3696429443949385,FALSE,FALSE
comm_7045,9.782711133,3.0504614665246166,11,7,5.884437096583272,5.884437096583273,FALSE,FALSE
comm_7046,9.680009264759892,3.0504614665246166,11,4,3.2646222014750923,3.264622201475092,FALSE,FALSE
comm_7047,11.24018511698388,3.0504614665246166,8,5,4.923753410335025,4.923753410335026,FALSE,FALSE
comm_7048,9.187660083945456,3.0504614665246166,11,5,13.773822192483085,13.773822192483085,FALSE,FALSE
comm_7049,10.795206505551738,3.0504614665246166,8,2,2.3466726937774154,2.3466726937774154,FALSE,FALSE
comm_7050,11.309688525550389,3.0504614665246166,8,2,0.8048511352139597,0.8048511352139598,FALSE,FALSE
comm_7051,10.04408536566354,3.0504614665246166,10,4,4.299566472,4.299566472332439,FALSE,FALSE
comm_7052,10.00920892120302,3.0504614665246166,9,3,4.811253180224373,4.811253180224373,FALSE,FALSE
comm_7053,8.451863126854802,3.0504614665246166,9,3,2.5290363289926887,2.529036328992689,FALSE,FALSE
comm_7054,11.142502131342296,3.0504614665246166,8,2,2.288119116950344,2.288119116950344,FALSE,FALSE
comm_7055,8.427124570134739,3.0504614665246166,12,7,9.050602902540485,9.050602902540486,FALSE,FALSE
comm_7056,10.232369550093068,3.0504614665246166,9,4,12.27321163891574,12.27321163891574,FALSE,FALSE
comm_7057,11.29044699747529,3.0504614665246166,12,5,4.109316135,4.109316134771579,FALSE,FALSE
comm_7058,10.621731935200543,3.0504614665246166,10,4,4.827585209518576,4.827585209518575,FALSE,FALSE
comm_7059,10.239724141933204,3.0504614665246166,10,5,4.20311182,4.203111819973831,FALSE,FALSE
comm_7060,9.027506949,3.0504614665246166,10,1,3.723732043907213,3.723732043907213,FALSE,FALSE
comm_7061,10.712443949562337,3.0504614665246166,8,5,5.604854936449044,5.604854936449045,FALSE,FALSE
comm_7062,11.263994580521274,3.0504614665246166,8,4,6.726785544455634,6.726785544455632,FALSE,FALSE
comm_7063,10.861609864540789,3.0504614665246166,12,6,4.533155519289036,4.533155519289036,FALSE,FALSE
comm_7064,9.939856196,3.0504614665246166,9,4,2.401201844203354,2.401201844203354,FALSE,FALSE
comm_7065,11.84593308,3.0504614665246166,9,4,4.111539671234945,4.111539671234944,FALSE,FALSE
comm_7066,8.778148350557203,3.0504614665246166,11,2,2.8793536329448797,2.879353633,FALSE,FALSE
comm_7067,9.027321858652249,3.0504614665246166,10,4,4.149361668922918,4.149361668922918,FALSE,FALSE
comm_7068,9.683985815783354,3.0504614665246166,8,4,2.939110289009363,2.9391102890093626,FALSE,FALSE
comm_7069,9.606220529,3.0504614665246166,9,4,9.157951933370205,9.157951933,FALSE,FALSE
comm_7070,10.974165695472124,3.0504614665246166,12,6,2.517254387808918,2.517254387808918,FALSE,FALSE
comm_7071,9.752339685155048,3.0504614665246166,10,4,4.674340626356853,4.674340626356853,FALSE,FALSE
comm_7072,9.804665885102333,3.0504614665246166,10,4,2.761076670705477,2.761076670705477,FALSE,FALSE
comm_7073,9.863222651138614,3.0504614665246166,9,4,7.929273744021481,7.929273744021481,FALSE,FALSE
comm_7074,9.788631759534246,3.0504614665246166,10,4,4.477657292299397,4.477657292299397,FALSE,FALSE
comm_7075,9.719134852154212,3.0504614665246166,12,7,5.204912615467134,5.204912615467134,FALSE,FALSE
comm_7076,9.213793634198586,3.0504614665246166,9,4,2.842935526636945,2.8429355266369445,FALSE,FALSE
comm_7077,9.779196512038194,3.0504614665246166,12,5,3.623953726795969,3.6239537267959694,FALSE,FALSE
comm_7078,10.02113349467292,3.0504614665246166,9,3,2.5001121169807115,2.5001121169807123,FALSE,FALSE
comm_7079,9.633059960368316,3.0504614665246166,10,4,3.7356541716884273,3.7356541716884273,FALSE,FALSE
comm_7080,11.076795234253384,3.0504614665246166,9,4,5.4289136861888885,5.4289136861888885,FALSE,FALSE
comm_7081,10.389651279432552,3.0504614665246166,8,2,0.9704502638726504,0.9704502638726508,FALSE,FALSE
comm_7082,11.034276906957002,3.0504614665246166,9,4,3.0075280142303367,3.0075280142303367,FALSE,FALSE
comm_7083,10.41226901123887,3.0504614665246166,12,4,6.865493611754182,6.865493611754182,FALSE,FALSE
comm_7084,8.838279422611873,3.0504614665246166,10,4,4.7896608995968455,4.7896608995968455,FALSE,FALSE
comm_7085,9.404530235074471,3.0504614665246166,8,3,3.5215284444472372,3.521528444447238,FALSE,FALSE
comm_7086,10.93019997,3.0504614665246166,9,4,2.2754357552936577,2.2754357552936573,FALSE,FALSE
comm_7087,9.565739658852888,3.0504614665246166,8,2,1.493445519641837,1.4934455196418372,FALSE,FALSE
comm_7088,8.377994543,3.0504614665246166,11,5,9.755758522227037,9.755758522227037,FALSE,FALSE
comm_7089,10.11340446,3.0504614665246166,10,4,4.493765628923911,4.493765628923912,FALSE,FALSE
comm_7090,10.646134725450338,3.0504614665246166,10,3,3.382288312216045,3.382288312216045,FALSE,FALSE
comm_7091,10.882725835514677,3.0504614665246166,11,5,5.817837683510394,5.817837683510395,FALSE,FALSE
comm_7092,8.982093659219071,3.0504614665246166,9,4,5.2868935987776275,5.2868935987776275,FALSE,FALSE
comm_7093,9.355544841779128,3.0504614665246166,12,5,5.751342755783998,5.751342755783998,FALSE,FALSE
comm_7094,11.218750041989292,3.0504614665246166,9,3,5.227286653231843,5.227286653231842,FALSE,FALSE
comm_7095,10.816839660224453,3.0504614665246166,12,5,3.628475019301212,3.628475019301211,FALSE,FALSE
comm_7096,13.007266578151146,3.0504614665246166,12,4,1.716969523115237,1.7169695231152375,FALSE,FALSE
comm_7097,9.894057776214945,3.0504614665246166,9,4,3.838451504705133,3.838451504705133,FALSE,FALSE
comm_7098,9.610470527714174,3.0504614665246166,8,3,5.008991045049692,5.008991045049693,FALSE,FALSE
comm_7099,12.682368887211693,3.0504614665246166,10,3,3.858475745832319,3.858475745832319,FALSE,FALSE
comm_7100,11.36540642625484,3.0504614665246166,10,1,1.950739024809243,1.950739024809243,FALSE,FALSE
comm_7101,10.145578131757745,3.0504614665246166,9,4,3.9390226867353126,3.9390226867353126,FALSE,FALSE
comm_7102,8.782898854,3.0504614665246166,11,4,4.9431353006885885,4.9431353006885885,FALSE,FALSE
comm_7103,9.854187213370944,3.0504614665246166,8,3,1.570897772837385,1.5708977728373852,FALSE,FALSE
comm_7104,9.963037625,3.0504614665246166,12,5,5.4487936449267655,5.448793644926765,FALSE,FALSE
comm_7105,9.244570868,3.0504614665246166,10,6,7.626663542648335,7.626663542648334,FALSE,FALSE
comm_7106,12.209378745728632,3.0504614665246166,8,1,0.5341426120169943,0.5341426120169943,FALSE,FALSE
comm_7107,8.853000847,3.0504614665246166,10,6,8.600263727,8.600263727,FALSE,FALSE
comm_7108,10.182896088460677,3.0504614665246166,11,6,4.747471456,4.747471456194442,FALSE,FALSE
comm_7109,9.898295613,3.0504614665246166,8,3,3.702650267012027,3.7026502670120274,FALSE,FALSE
comm_7110,9.301963340803733,3.0504614665246166,8,5,6.243194733641132,6.243194733641131,FALSE,FALSE
comm_7111,9.419134922059206,3.0504614665246166,10,4,2.753524880502571,2.753524880502571,FALSE,FALSE
comm_7112,10.068165864565222,3.0504614665246166,10,5,5.407197935731521,5.407197935731521,FALSE,FALSE
comm_7113,10.637892015121974,3.0504614665246166,8,3,3.524139685636947,3.524139685636947,FALSE,FALSE
comm_7114,9.896886708886823,3.0504614665246166,8,2,3.8307560513017296,3.830756051,FALSE,FALSE
comm_7115,10.18046250185384,3.0504614665246166,11,4,4.506425961870271,4.506425961870272,FALSE,FALSE
comm_7116,11.228607310687089,3.0504614665246166,8,2,2.5294758444824823,2.5294758444824823,FALSE,FALSE
comm_7117,9.353548719893938,3.0504614665246166,11,2,0.6675210290508996,0.6675210290508996,FALSE,FALSE
comm_7118,13.31701246195644,3.0504614665246166,8,4,3.280079680513705,3.2800796805137047,FALSE,FALSE
comm_7119,8.998053914325197,3.0504614665246166,12,4,2.003811252943273,2.003811252943273,FALSE,FALSE
comm_7120,12.068199351699509,3.0504614665246166,9,4,3.7307824353729617,3.730782435372961,FALSE,FALSE
comm_7121,8.496504111379844,3.0504614665246166,10,4,8.326965670931152,8.326965671,FALSE,FALSE
comm_7122,9.537249537,3.0504614665246166,12,4,5.168151289,5.168151289448091,FALSE,FALSE
comm_7123,10.00298041334214,3.0504614665246166,8,3,2.589141869330087,2.5891418693300876,FALSE,FALSE
comm_7124,9.413607198382202,3.0504614665246166,10,2,1.2765860729167775,1.2765860729167775,FALSE,FALSE
comm_7125,9.788717071,3.0504614665246166,8,2,3.6539240096970302,3.6539240096970302,FALSE,FALSE
comm_7126,9.010948433264955,3.0504614665246166,12,7,6.541651852657358,6.541651853,FALSE,FALSE
comm_7127,11.787833584959063,3.0504614665246166,10,3,4.661970325119581,4.661970325,FALSE,FALSE
comm_7128,12.532152680470654,3.0504614665246166,9,6,2.6998921767955086,2.6998921767955086,FALSE,FALSE
comm_7129,9.375273489637287,3.0504614665246166,9,4,3.055422685553712,3.055422685553712,FALSE,FALSE
comm_7130,12.239616087604928,3.0504614665246166,12,5,3.1710151781753173,3.171015178175317,FALSE,FALSE
comm_7131,10.371893127020602,3.0504614665246166,10,5,5.087168760190359,5.087168760190359,FALSE,FALSE
comm_7132,11.092949145191817,3.0504614665246166,12,6,6.731411676328712,6.731411676328712,FALSE,FALSE
comm_7134,10.385201617591528,3.0504614665246166,9,3,1.9774396951916744,1.9774396951916744,FALSE,FALSE
comm_7135,10.04118597293643,3.0504614665246166,9,4,3.588434211143602,3.5884342111436007,FALSE,FALSE
comm_7136,10.901587385435317,3.0504614665246166,12,6,5.846836317435183,5.846836317435184,FALSE,FALSE
comm_7137,7.973330045187307,3.0504614665246166,9,4,5.8831272684473355,5.883127268447336,FALSE,FALSE
comm_7138,9.419218118878453,3.0504614665246166,8,3,9.605202479,9.605202478878129,FALSE,FALSE
comm_7139,10.828759406212168,3.0504614665246166,10,4,5.623096924186964,5.623096924186964,FALSE,FALSE
comm_7140,11.940267163370404,3.0504614665246166,10,2,0.3637892104018989,0.36378921,FALSE,FALSE
comm_7141,9.101541781430353,3.0504614665246166,9,4,4.796094673487001,4.7960946734870005,FALSE,FALSE
comm_7142,9.759835251146164,3.0504614665246166,9,4,4.325452051215276,4.325452051215277,FALSE,FALSE
comm_7143,9.318695405,3.0504614665246166,10,4,5.223565065810283,5.223565065810284,FALSE,FALSE
comm_7144,9.201705610285984,3.0504614665246166,12,7,8.288311258305777,8.288311258305777,FALSE,FALSE
comm_7145,9.607606138534848,3.0504614665246166,10,3,4.564067624343544,4.564067624343543,FALSE,FALSE
comm_7147,9.332338533053662,3.0504614665246166,10,2,2.3513091938863573,2.3513091938863573,FALSE,FALSE
comm_7148,12.16319113797186,3.0504614665246166,8,3,3.0237053426560268,3.0237053426560268,FALSE,FALSE
comm_7149,10.37314349,3.0504614665246166,8,4,3.0556678922044194,3.0556678922044194,FALSE,FALSE
comm_7150,9.728276091318316,3.0504614665246166,9,3,1.5686550397642232,1.5686550397642232,FALSE,FALSE
comm_7151,11.17420763115005,3.0504614665246166,8,2,1.7969675483277767,1.7969675483277765,FALSE,FALSE
comm_7152,9.384439697350812,3.0504614665246166,12,6,8.017471445817877,8.017471445817877,FALSE,FALSE
comm_7153,9.412225633478252,3.0504614665246166,10,4,18.10831455859566,18.10831455859566,FALSE,FALSE
comm_7154,9.140047944009186,3.0504614665246166,8,2,2.2836250082056164,2.2836250082056155,FALSE,FALSE
comm_7155,9.899273073,3.0504614665246166,12,6,7.984946696303185,7.984946696303183,FALSE,FALSE
comm_7156,10.155681016172355,3.0504614665246166,9,2,3.1012413546319126,3.1012413546319126,FALSE,FALSE
comm_7157,11.114506429430351,3.0504614665246166,8,2,1.4414042630763668,1.4414042630763668,FALSE,FALSE
comm_7158,12.049437134907594,3.0504614665246166,9,2,1.722066805765775,1.722066805765775,FALSE,FALSE
comm_7159,10.45838048790348,3.0504614665246166,12,3,3.750751260161063,3.750751260161064,FALSE,FALSE
comm_7160,10.668497502175484,3.0504614665246166,9,2,2.8320490500116007,2.832049050011601,FALSE,FALSE
comm_7161,9.629838082998525,3.0504614665246166,9,2,1.382645644,1.382645644,FALSE,FALSE
comm_7162,9.745758348399937,3.0504614665246166,12,3,1.5958513055554011,1.595851305555401,FALSE,FALSE
comm_7163,9.843449797367333,3.0504614665246166,9,4,2.7673718019918487,2.7673718019918483,FALSE,FALSE
comm_7164,10.943145282002826,3.0504614665246166,8,3,4.513944012724855,4.513944012724856,FALSE,FALSE
comm_7165,10.478107160107616,3.0504614665246166,9,3,4.841622429103069,4.841622429103068,FALSE,FALSE
comm_7166,11.32382006031804,3.0504614665246166,8,2,1.592700992334044,1.592700992334044,FALSE,FALSE
comm_7167,9.318665230978691,3.0504614665246166,11,4,6.266365882946209,6.266365882946208,FALSE,FALSE
comm_7168,10.701266573798032,3.0504614665246166,10,2,0.8188679279682843,0.8188679279682846,FALSE,FALSE
comm_7169,8.889530142310445,3.0504614665246166,8,4,5.885448800492718,5.885448800492718,FALSE,FALSE
comm_7170,10.680015569100222,3.0504614665246166,10,3,2.143514437324465,2.1435144373244643,FALSE,FALSE
comm_7171,10.76527581502785,3.0504614665246166,8,4,4.874900473890451,4.874900473890451,FALSE,FALSE
comm_7172,9.122965652620088,3.0504614665246166,8,3,5.935832880392173,5.935832880392171,FALSE,FALSE
comm_7173,10.049562560937304,3.0504614665246166,12,2,1.4659487795673745,1.4659487795673742,FALSE,FALSE
comm_7174,9.391703713516517,3.0504614665246166,11,5,7.220926737786185,7.220926737786185,FALSE,FALSE
comm_7175,8.428988137725192,3.0504614665246166,10,3,3.158323042173809,3.158323042173809,FALSE,FALSE
comm_7176,8.495300916522233,3.0504614665246166,9,4,4.502814565,4.502814564998171,FALSE,FALSE
comm_7177,10.348062358555003,3.0504614665246166,11,6,6.080771567929214,6.080771567929215,FALSE,FALSE
comm_7178,9.995913939953944,3.0504614665246166,9,2,1.2684044993205417,1.2684044993205417,FALSE,FALSE
comm_7179,11.104221261572594,3.0504614665246166,11,5,5.525907849553342,5.525907849553341,FALSE,FALSE
comm_7180,11.502932576975676,3.0504614665246166,10,4,8.268889366384647,8.268889366384649,FALSE,FALSE
comm_7181,9.87336966,3.0504614665246166,8,4,6.033622388,6.033622387840121,FALSE,FALSE
comm_7182,11.034097738689972,3.0504614665246166,12,2,1.6464719199655975,1.6464719199655975,FALSE,FALSE
comm_7183,8.671383225542591,3.0504614665246166,11,3,6.057336717673504,6.057336717673505,FALSE,FALSE
comm_7184,9.996952669747714,3.0504614665246166,12,2,1.6381462701583147,1.6381462701583147,FALSE,FALSE
comm_7185,10.21678796272228,3.0504614665246166,9,5,2.5448538338100284,2.5448538338100275,FALSE,FALSE
comm_7186,10.66455421389131,3.0504614665246166,10,5,2.972175015,2.9721750147825996,FALSE,FALSE
comm_7187,9.766826948674511,3.0504614665246166,9,4,5.2271052673632425,5.2271052673632425,FALSE,FALSE
comm_7188,10.16559860225242,3.0504614665246166,9,3,5.641771976880898,5.641771976880898,FALSE,FALSE
comm_7189,10.690168438045015,3.0504614665246166,8,3,7.218376887343959,7.218376887343959,FALSE,FALSE
comm_7190,11.028381721534313,3.0504614665246166,12,6,4.950813388854019,4.950813389,FALSE,FALSE
comm_7191,11.358581233227362,3.0504614665246166,11,4,3.894356304941595,3.894356304941595,FALSE,FALSE
comm_7192,9.524915812,3.0504614665246166,11,3,3.446544319654837,3.446544319654836,FALSE,FALSE
comm_7193,9.696334312997578,3.0504614665246166,9,3,6.350139223796879,6.350139224,FALSE,FALSE
comm_7194,9.264895694,3.0504614665246166,12,3,6.367640806389385,6.367640806389384,FALSE,FALSE
comm_7195,10.59087650431713,3.0504614665246166,10,5,5.137531846953438,5.137531846953438,FALSE,FALSE
comm_7196,9.633631591694355,3.0504614665246166,8,2,3.281491417341866,3.2814914173418654,FALSE,FALSE
comm_7197,11.302457350651958,3.0504614665246166,9,3,1.2621786343101906,1.2621786343101908,FALSE,FALSE
comm_7198,9.565247125,3.0504614665246166,9,3,2.915821445625242,2.915821445625242,FALSE,FALSE
comm_7199,11.408013434640646,3.0504614665246166,10,1,0.2519050347456202,0.2519050347456202,FALSE,FALSE
comm_7200,10.136815289430228,3.0504614665246166,11,2,3.6569242038392193,3.6569242038392193,FALSE,FALSE
comm_7201,10.585104882952509,3.0504614665246166,10,3,3.4445366206855734,3.4445366206855748,FALSE,FALSE
comm_7202,9.691652367870704,3.0504614665246166,8,3,4.391984507957486,4.391984507957487,FALSE,FALSE
comm_7203,9.482617116770337,3.0504614665246166,9,5,7.973610712972123,7.973610712972123,FALSE,FALSE
comm_7204,13.113710332441135,3.0504614665246166,8,5,5.982736990749764,5.982736990749764,FALSE,FALSE
comm_7205,9.195118250037096,3.0504614665246166,9,3,6.390288395229829,6.390288395229829,FALSE,FALSE
comm_7206,11.029307636212105,3.0504614665246166,11,4,4.9642076734397955,4.9642076734397955,FALSE,FALSE
comm_7207,8.714026041677766,3.0504614665246166,11,3,2.8109216875173475,2.8109216875173475,FALSE,FALSE
comm_7208,10.216202398484084,3.0504614665246166,8,3,3.1982007482527948,3.1982007482527948,FALSE,FALSE
comm_7209,11.22984214224353,3.0504614665246166,8,5,4.097725493304527,4.097725493304526,FALSE,FALSE
comm_7210,10.777355062775824,3.0504614665246166,8,3,2.818407537,2.818407537,FALSE,FALSE
comm_7211,9.359032625859392,3.0504614665246166,8,4,8.671134559426333,8.671134559426335,FALSE,FALSE
comm_7212,9.008491657202727,3.0504614665246166,10,4,9.828793268382777,9.828793268382777,FALSE,FALSE
comm_7213,10.053474651804471,3.0504614665246166,11,4,3.949114114558256,3.949114114558256,FALSE,FALSE
comm_7214,10.673201599119018,3.0504614665246166,8,4,5.760410433530534,5.760410433530534,FALSE,FALSE
comm_7215,9.801338138855812,3.0504614665246166,12,4,8.859342756924761,8.859342756924763,FALSE,FALSE
comm_7216,9.927081806978034,3.0504614665246166,11,6,6.471327956411157,6.471327956411157,FALSE,FALSE
comm_7217,10.975150721539316,3.0504614665246166,8,4,3.371914694167598,3.371914694167597,FALSE,FALSE
comm_7218,10.129411229663896,3.0504614665246166,12,3,2.737825606922958,2.737825606922958,FALSE,FALSE
comm_7219,10.153304738513318,3.0504614665246166,11,6,9.478479578476176,9.478479578476176,FALSE,FALSE
comm_7220,10.316893286294317,3.0504614665246166,12,4,4.430492324447753,4.430492324447751,FALSE,FALSE
comm_7221,11.20232778318081,3.0504614665246166,11,4,5.442125274008607,5.442125274008608,FALSE,FALSE
comm_7222,9.110684556495688,3.0504614665246166,11,5,7.0102326211848744,7.010232621184874,FALSE,FALSE
comm_7223,10.43020111623202,3.0504614665246166,8,2,1.9210570342878428,1.9210570342878424,FALSE,FALSE
comm_7224,10.999187099870175,3.0504614665246166,10,2,1.0823653496491457,1.0823653496491457,FALSE,FALSE
comm_7225,10.29799546303653,3.0504614665246166,11,6,10.169737735448273,10.169737735448273,FALSE,FALSE
comm_7226,10.562232308047015,3.0504614665246166,8,1,2.187304244366108,2.1873042443661075,FALSE,FALSE
comm_7227,11.606678928434285,3.0504614665246166,8,3,1.7275988291251994,1.7275988291251994,FALSE,FALSE
comm_7228,9.562701709037125,3.0504614665246166,8,3,4.056608979746245,4.056608979746245,FALSE,FALSE
comm_7229,10.202942996804026,3.0504614665246166,11,3,4.881705859628204,4.881705859628205,FALSE,FALSE
comm_7230,8.866911782,3.0504614665246166,12,6,19.241861536977716,19.241861536977716,FALSE,FALSE
comm_7231,9.676016733850531,3.0504614665246166,12,4,6.2439241264175855,6.2439241264175855,FALSE,FALSE
comm_7232,9.045952872670368,3.0504614665246166,8,6,9.470779542655292,9.470779542655295,FALSE,FALSE
comm_7233,12.718945565951907,3.0504614665246166,10,4,4.722397140901914,4.722397140901915,FALSE,FALSE
comm_7234,9.135182766889086,3.0504614665246166,10,4,6.195521651470452,6.195521651,FALSE,FALSE
comm_7235,9.742629944623848,3.0504614665246166,9,4,8.221282009788792,8.221282009788794,FALSE,FALSE
comm_7236,9.597361537116512,3.0504614665246166,9,4,4.491676954794008,4.491676954794008,FALSE,FALSE
comm_7237,8.846808546963109,3.0504614665246166,10,4,5.084405581223138,5.0844055812231375,FALSE,FALSE
comm_7238,11.506404549753665,3.0504614665246166,8,1,2.3197966073074237,2.3197966073074237,FALSE,FALSE
comm_7239,10.01189662041716,3.0504614665246166,11,5,4.103372756423444,4.103372756423445,FALSE,FALSE
comm_7240,10.556258504434227,3.0504614665246166,12,3,0.3027639197776577,0.3027639197776576,FALSE,FALSE
comm_7241,10.237521559581833,3.0504614665246166,11,4,4.555637185601247,4.555637185601248,FALSE,FALSE
comm_7242,9.984241101687422,3.0504614665246166,9,4,5.843809258264944,5.843809258264944,FALSE,FALSE
comm_7243,10.050676593385536,3.0504614665246166,8,1,0.05649066,0.05649066,FALSE,FALSE
comm_7244,10.769379836198082,3.0504614665246166,9,4,3.0304553692892613,3.0304553692892613,FALSE,FALSE
comm_7245,10.489692471199556,3.0504614665246166,11,5,5.317426160780529,5.317426160780529,FALSE,FALSE
comm_7246,10.89187192266981,3.0504614665246166,11,4,4.0935957857968575,4.093595785796856,FALSE,FALSE
comm_7247,12.070088405159408,3.0504614665246166,8,4,2.7518853635862417,2.751885363586242,FALSE,FALSE
comm_7248,8.430942720755958,3.0504614665246166,8,2,1.464631162357222,1.464631162357222,FALSE,FALSE
comm_7249,9.712698645621934,3.0504614665246166,11,4,5.7648596584588425,5.7648596584588425,FALSE,FALSE
comm_7250,8.920986860933207,3.0504614665246166,8,4,8.977343921,8.977343921378381,FALSE,FALSE
comm_7251,11.514858704127429,3.0504614665246166,9,4,5.3893988385707114,5.3893988385707114,FALSE,FALSE
comm_7252,8.757039667340557,3.0504614665246166,11,2,0.187645409,0.187645409,FALSE,FALSE
comm_7253,11.626440833234524,3.0504614665246166,10,4,3.048659382921734,3.048659382921734,FALSE,FALSE
comm_7254,10.551012124275015,3.0504614665246166,9,4,3.3259401901898835,3.325940190189884,FALSE,FALSE
comm_7255,9.58384444,3.0504614665246166,11,6,5.728592397329595,5.728592397329596,FALSE,FALSE
comm_7256,9.491784357482562,3.0504614665246166,12,6,6.180237026,6.180237026,FALSE,FALSE
comm_7257,9.521364128700744,3.0504614665246166,10,3,4.969468873578661,4.969468873578661,FALSE,FALSE
comm_7258,11.063963296077771,3.0504614665246166,10,2,1.7237061231161166,1.7237061231161166,FALSE,FALSE
comm_7259,10.358931093831425,3.0504614665246166,9,4,6.431342953123171,6.4313429531231705,FALSE,FALSE
comm_7260,9.699635908839252,3.0504614665246166,11,5,6.537042676144658,6.537042676,FALSE,FALSE
comm_7261,11.70499512024868,3.0504614665246166,12,6,5.768274814282072,5.768274814282074,FALSE,FALSE
comm_7262,9.400462716642956,3.0504614665246166,11,5,4.423815003884619,4.423815004,FALSE,FALSE
comm_7263,12.100819738099998,3.0504614665246166,9,4,2.5275980788396115,2.5275980788396115,FALSE,FALSE
comm_7264,9.432110933,3.0504614665246166,9,2,1.101687967900302,1.1016879679003018,FALSE,FALSE
comm_7265,11.281749786570856,3.0504614665246166,12,4,2.2219446812562613,2.2219446812562613,FALSE,FALSE
comm_7266,10.047044221378997,3.0504614665246166,11,2,1.434361389511985,1.4343613895119856,FALSE,FALSE
comm_7267,9.125811784,3.0504614665246166,10,1,1.5316382787031917,1.5316382787031917,FALSE,FALSE
comm_7268,10.068379761919562,3.0504614665246166,11,3,2.343516597368689,2.3435165973686893,FALSE,FALSE
comm_7269,8.834955021,3.0504614665246166,8,3,3.340884748021706,3.340884748021706,FALSE,FALSE
comm_7270,9.272368478605872,3.0504614665246166,11,5,9.402145817838775,9.402145817838775,FALSE,FALSE
comm_7271,9.967908954316195,3.0504614665246166,9,3,3.2576462783193554,3.2576462783193554,FALSE,FALSE
comm_7272,10.817129604818913,3.0504614665246166,9,3,2.371657768514772,2.371657768514772,FALSE,FALSE
comm_7273,10.705090840707468,3.0504614665246166,12,3,1.584812936495697,1.5848129364956969,FALSE,FALSE
comm_7274,9.989870977190629,3.0504614665246166,12,3,3.5852484768739545,3.585248476873954,FALSE,FALSE
comm_7275,9.921840603190883,3.0504614665246166,12,6,5.609614917388471,5.6096149173884715,FALSE,FALSE
comm_7276,9.597774195332317,3.0504614665246166,9,2,1.3192143537702934,1.3192143537702936,FALSE,FALSE
comm_7277,9.750795459091004,3.0504614665246166,8,4,4.543471233,4.543471233,FALSE,FALSE
comm_7278,9.704072877193065,3.0504614665246166,11,2,1.9536838937088288,1.9536838937088292,FALSE,FALSE
comm_7279,10.047981946861766,3.0504614665246166,12,5,6.072526351059794,6.072526351059793,FALSE,FALSE
comm_7280,9.537786281665245,3.0504614665246166,12,6,10.161916763505278,10.16191676350528,FALSE,FALSE
comm_7281,9.674597339,3.0504614665246166,12,5,5.941396426032279,5.941396426032279,FALSE,FALSE
comm_7282,10.405643428546076,3.0504614665246166,12,4,3.920911113202073,3.9209111132020738,FALSE,FALSE
comm_7283,10.096729355309431,3.0504614665246166,10,3,4.409454118683463,4.409454118683463,FALSE,FALSE
comm_7284,10.811214453212132,3.0504614665246166,11,5,2.8088483381946316,2.808848338194631,FALSE,FALSE
comm_7285,10.73459056620216,3.0504614665246166,9,3,3.720588208128083,3.720588208128083,FALSE,FALSE
comm_7286,8.180822352128333,3.0504614665246166,8,4,5.518690678430179,5.518690678430179,FALSE,FALSE
comm_7287,9.532386535,3.0504614665246166,11,5,5.180226824632253,5.180226824632254,FALSE,FALSE
comm_7288,10.336782148526789,3.0504614665246166,11,4,3.908821036577654,3.9088210365776543,FALSE,FALSE
comm_7289,12.516531763408802,3.0504614665246166,8,3,2.3742365294272045,2.374236529427204,FALSE,FALSE
comm_7290,9.214856629,3.0504614665246166,12,5,6.790062765297366,6.790062765297364,FALSE,FALSE
comm_7291,10.762570626249875,3.0504614665246166,9,2,4.295788459035578,4.295788459035578,FALSE,FALSE
comm_7292,11.69663960454002,3.0504614665246166,11,5,3.8509341411403337,3.850934141140334,FALSE,FALSE
comm_7293,10.235275519003697,3.0504614665246166,12,5,8.625790896345649,8.625790896,FALSE,FALSE
comm_7294,9.409203281,3.0504614665246166,11,5,8.401250329819495,8.401250329819497,FALSE,FALSE
comm_7295,9.547195281,3.0504614665246166,12,4,2.4427570772576623,2.4427570772576623,FALSE,FALSE
comm_7296,8.90670541,3.0504614665246166,12,5,7.330474023,7.330474023,FALSE,FALSE
comm_7297,10.540044862010191,3.0504614665246166,8,2,2.866777505251546,2.866777505251546,FALSE,FALSE
comm_7298,9.486306848730145,3.0504614665246166,8,3,3.1614775711369516,3.1614775711369516,FALSE,FALSE
comm_7299,9.199827407,3.0504614665246166,8,4,8.485937728187773,8.485937728187771,FALSE,FALSE
comm_7300,9.265655283350076,3.0504614665246166,8,3,6.914508810319248,6.914508810319247,FALSE,FALSE
comm_7301,7.795244438772435,3.0504614665246166,10,2,4.355567612,4.355567612,FALSE,FALSE
comm_7302,11.117841724023677,3.0504614665246166,8,3,2.3708548409902854,2.3708548409902854,FALSE,FALSE
comm_7303,10.020387811635024,3.0504614665246166,10,4,3.876805470580834,3.876805470580834,FALSE,FALSE
comm_7304,10.110783131821035,3.0504614665246166,11,5,7.060487332294076,7.060487332294075,FALSE,FALSE
comm_7305,9.460689645379547,3.0504614665246166,9,3,1.7366302368031936,1.7366302368031934,FALSE,FALSE
comm_7306,10.603422448969598,3.0504614665246166,10,3,1.6536376149967986,1.6536376149967986,FALSE,FALSE
comm_7307,9.510705520556916,3.0504614665246166,12,6,5.278414600559119,5.278414600559119,FALSE,FALSE
comm_7308,8.690658933792712,3.0504614665246166,12,6,11.549762817573052,11.549762817573052,FALSE,FALSE
comm_7309,11.333995078406756,3.0504614665246166,10,3,5.556793434151816,5.556793434151814,FALSE,FALSE
comm_7310,9.099079218,3.0504614665246166,11,3,5.7278661777595055,5.7278661777595055,FALSE,FALSE
comm_7311,10.00731669,3.0504614665246166,9,4,8.95623774,8.95623774,FALSE,FALSE
comm_7312,9.158191791521434,3.0504614665246166,12,5,6.198277554998943,6.198277554998942,FALSE,FALSE
comm_7313,10.616507015299089,3.0504614665246166,11,3,3.895212187546583,3.895212187546583,FALSE,FALSE
comm_7314,11.929916844600545,3.0504614665246166,9,2,0.987482645,0.987482645,FALSE,FALSE
comm_7315,9.142616602003184,3.0504614665246166,8,5,6.252659042262458,6.252659042262458,FALSE,FALSE
comm_7316,8.694059046121891,3.0504614665246166,9,4,8.105549431662158,8.105549431662158,FALSE,FALSE
comm_7317,10.08951625,3.0504614665246166,11,4,3.106101824182814,3.106101824182814,FALSE,FALSE
comm_7318,11.616722960297622,3.0504614665246166,8,2,0.9243406174039288,0.9243406174039288,FALSE,FALSE
comm_7319,11.796030859605814,3.0504614665246166,9,2,0.5257198305657218,0.5257198305657219,FALSE,FALSE
comm_7320,11.016064436708746,3.0504614665246166,10,3,1.8472568193772851,1.8472568193772856,FALSE,FALSE
comm_7321,10.007124600902213,3.0504614665246166,11,4,2.0491438276029648,2.0491438276029648,FALSE,FALSE
comm_7322,9.817173313,3.0504614665246166,11,4,2.859196802281644,2.8591968022816445,FALSE,FALSE
comm_7323,11.482946947234996,3.0504614665246166,10,3,1.9219058314389008,1.9219058314389008,FALSE,FALSE
comm_7324,9.130215862,3.0504614665246166,10,2,2.123934139222132,2.1239341392221323,FALSE,FALSE
comm_7325,9.411670630294402,3.0504614665246166,10,5,6.017465883784709,6.017465884,FALSE,FALSE
comm_7326,9.232035235,3.0504614665246166,8,5,7.182725544844281,7.182725544844282,FALSE,FALSE
comm_7327,8.791844010308946,3.0504614665246166,10,3,3.6648023792627074,3.664802379262707,FALSE,FALSE
comm_7328,11.05031911449203,3.0504614665246166,12,5,4.636918851216491,4.636918851216491,FALSE,FALSE
comm_7329,12.272057628060258,3.0504614665246166,9,3,2.8270242743184393,2.8270242743184393,FALSE,FALSE
comm_7330,12.11097056816547,3.0504614665246166,10,5,4.951897170308826,4.951897170308826,FALSE,FALSE
comm_7331,9.763253308,3.0504614665246166,9,3,5.436352774501229,5.436352774501229,FALSE,FALSE
comm_7332,9.666370292617833,3.0504614665246166,9,2,3.3658368488319748,3.3658368488319743,FALSE,FALSE
comm_7333,9.126521609,3.0504614665246166,12,3,1.8960860792069316,1.8960860792069316,FALSE,FALSE
comm_7334,8.438276422879596,3.0504614665246166,8,3,4.726942753055129,4.726942753,FALSE,FALSE
comm_7335,8.114278816806536,3.0504614665246166,9,4,3.3649764702770915,3.364976470277092,FALSE,FALSE
comm_7336,8.482479454610088,3.0504614665246166,8,3,2.1999533727802563,2.1999533727802563,FALSE,FALSE
comm_7337,11.969560158099894,3.0504614665246166,8,3,4.0235724801654795,4.023572480165479,FALSE,FALSE
comm_7338,10.732441012314396,3.0504614665246166,9,2,1.9039319693133532,1.9039319693133532,FALSE,FALSE
comm_7339,10.233754530896723,3.0504614665246166,9,5,8.183984529,8.183984529,FALSE,FALSE
comm_7340,10.345719823372775,3.0504614665246166,11,4,7.982189599,7.982189599,FALSE,FALSE
comm_7341,9.143734549380174,3.0504614665246166,11,4,6.722612586270152,6.722612586270153,FALSE,FALSE
comm_7342,8.930270101374376,3.0504614665246166,12,5,6.8311096099622945,6.831109609962294,FALSE,FALSE
comm_7343,9.086625884709033,3.0504614665246166,12,6,8.538465308698653,8.538465308698655,FALSE,FALSE
comm_7344,10.252747226627635,3.0504614665246166,10,4,6.963898278300549,6.963898278300548,FALSE,FALSE
comm_7345,10.062031107244897,3.0504614665246166,12,5,7.375151007165204,7.375151007165204,FALSE,FALSE
comm_7346,10.313833681342306,3.0504614665246166,9,6,5.023738524306163,5.023738524306163,FALSE,FALSE
comm_7347,9.410419351934063,3.0504614665246166,11,4,3.9734549226856863,3.9734549226856863,FALSE,FALSE
comm_7348,9.214363814863267,3.0504614665246166,8,4,6.682715557,6.682715557,FALSE,FALSE
comm_7349,8.956342426590425,3.0504614665246166,9,5,6.147110956172208,6.147110956172209,FALSE,FALSE
comm_7350,11.109733593996603,3.0504614665246166,8,2,0.8399507236518726,0.8399507236518725,FALSE,FALSE
comm_7351,12.583248175103815,3.0504614665246166,11,2,1.611722252463553,1.6117222524635528,FALSE,FALSE
comm_7352,9.926541447108752,3.0504614665246166,12,6,5.465507415825625,5.465507415825626,FALSE,FALSE
comm_7353,9.427136791,3.0504614665246166,11,3,4.5791423939415505,4.579142394,FALSE,FALSE
comm_7354,10.495852167532682,3.0504614665246166,9,4,2.725647765826992,2.7256477658269924,FALSE,FALSE
comm_7355,10.19856741218324,3.0504614665246166,8,4,2.9092957483079607,2.9092957483079607,FALSE,FALSE
comm_7356,9.719812269408894,3.0504614665246166,12,4,5.167315306,5.167315306440971,FALSE,FALSE
comm_7357,9.831217293361016,3.0504614665246166,8,1,0.2972553801729477,0.2972553801729478,FALSE,FALSE
comm_7358,10.00509742147534,3.0504614665246166,12,5,5.712666072538047,5.712666072538047,FALSE,FALSE
comm_7359,10.30479981505633,3.0504614665246166,8,2,2.7512149100946925,2.751214910094693,FALSE,FALSE
comm_7360,9.087184287,3.0504614665246166,8,2,1.8495754477850423,1.8495754477850423,FALSE,FALSE
comm_7361,10.256420811195431,3.0504614665246166,10,3,1.9363364884566177,1.9363364884566177,FALSE,FALSE
comm_7362,9.287820463251204,3.0504614665246166,10,5,8.062495191,8.062495191037948,FALSE,FALSE
comm_7363,9.449900355353735,3.0504614665246166,12,7,6.7624155232253305,6.762415523225331,FALSE,FALSE
comm_7364,9.309203430790856,3.0504614665246166,11,3,1.3086227150807068,1.3086227150807068,FALSE,FALSE
comm_7365,11.484449224314954,3.0504614665246166,9,4,2.489087430391362,2.489087430391362,FALSE,FALSE
comm_7366,9.287981831,3.0504614665246166,8,3,2.1388723544006645,2.138872354400664,FALSE,FALSE
comm_7367,11.196123586635828,3.0504614665246166,10,4,2.8064550345166737,2.8064550345166737,FALSE,FALSE
comm_7368,9.361488919495413,3.0504614665246166,12,5,8.498637338,8.498637338115282,FALSE,FALSE
comm_7369,10.176349833792758,3.0504614665246166,9,5,8.474904062401512,8.474904062401512,FALSE,FALSE
comm_7370,9.361955878666016,3.0504614665246166,9,5,7.604485867272048,7.604485867272051,FALSE,FALSE
comm_7371,10.115328534400485,3.0504614665246166,10,3,2.1287936447676707,2.128793644767671,FALSE,FALSE
comm_7372,8.823057623085296,3.0504614665246166,9,4,6.473100354028965,6.473100354028965,FALSE,FALSE
comm_7373,9.558133399787671,3.0504614665246166,10,5,7.723573810623991,7.723573810623991,FALSE,FALSE
comm_7374,9.235161199317195,3.0504614665246166,12,4,5.846212268149939,5.846212268149939,FALSE,FALSE
comm_7375,10.373854738410452,3.0504614665246166,8,3,4.0397679389170875,4.0397679389170875,FALSE,FALSE
comm_7376,12.670055771269432,3.0504614665246166,9,2,0.7298992807893215,0.7298992807893214,FALSE,FALSE
comm_7377,9.100949671,3.0504614665246166,10,6,8.806822689,8.806822688641988,FALSE,FALSE
comm_7378,9.285440794107414,3.0504614665246166,11,4,9.649090003958287,9.649090003958287,FALSE,FALSE
comm_7379,9.368121785,3.0504614665246166,10,5,7.022399982957001,7.022399983,FALSE,FALSE
comm_7380,11.351076200259168,3.0504614665246166,12,5,4.929183044,4.929183044048068,FALSE,FALSE
comm_7381,9.863050437269298,3.0504614665246166,12,6,5.864114426303604,5.864114426303606,FALSE,FALSE
comm_7382,10.544046683231151,3.0504614665246166,9,3,2.727324805704928,2.727324805704928,FALSE,FALSE
comm_7383,10.262478629594773,3.0504614665246166,11,5,3.3354385363364116,3.335438536336412,FALSE,FALSE
comm_7384,9.235530346505389,3.0504614665246166,12,4,7.661681269524712,7.661681269524715,FALSE,FALSE
comm_7385,8.452623666468815,3.0504614665246166,8,0,0,0,FALSE,FALSE
comm_7386,9.944280749353563,3.0504614665246166,9,4,3.2712551655473376,3.271255165547338,FALSE,FALSE
comm_7387,9.611663402,3.0504614665246166,8,4,4.417652260775709,4.417652260775709,FALSE,FALSE
comm_7388,10.54655436923552,3.0504614665246166,9,3,4.480938517846723,4.480938517846723,FALSE,FALSE
comm_7389,9.241003627,3.0504614665246166,10,6,5.9400031273801295,5.9400031273801295,FALSE,FALSE
comm_7390,9.552278838102568,3.0504614665246166,8,3,2.353336642975541,2.3533366429755405,FALSE,FALSE
comm_7391,10.613863360646109,3.0504614665246166,9,3,1.8935598593374532,1.8935598593374532,FALSE,FALSE
comm_7392,12.989444616794165,3.0504614665246166,8,1,1.5600839944498914,1.5600839944498914,FALSE,FALSE
comm_7393,12.141808945291132,3.0504614665246166,9,3,2.1036475866765416,2.103647586676541,FALSE,FALSE
comm_7394,9.919158383014176,3.0504614665246166,11,3,0.6681021564245893,0.6681021564245895,FALSE,FALSE
comm_7395,11.502536767443669,3.0504614665246166,9,5,3.508054473077298,3.5080544730772973,FALSE,FALSE
comm_7396,9.526659421,3.0504614665246166,10,5,3.8039158687648458,3.8039158687648458,FALSE,FALSE
comm_7397,9.483436204846898,3.0504614665246166,9,2,2.9246690312804127,2.9246690312804127,FALSE,FALSE
comm_7398,9.880101600852475,3.0504614665246166,8,3,2.778828413404491,2.7788284134044905,FALSE,FALSE
comm_7399,9.111551478353478,3.0504614665246166,10,3,1.8372139593176329,1.8372139593176329,FALSE,FALSE
comm_7400,9.159894715078453,3.0504614665246166,8,4,2.9867177120472364,2.9867177120472364,FALSE,FALSE
comm_7401,10.58070284189228,3.0504614665246166,10,4,4.887927957914325,4.887927957914324,FALSE,FALSE
comm_7402,10.96253263527064,3.0504614665246166,10,4,7.599307119,7.599307119156549,FALSE,FALSE
comm_7403,9.181962615279051,3.0504614665246166,10,3,4.4471079990301785,4.4471079990301785,FALSE,FALSE
comm_7404,9.145606106,3.0504614665246166,11,3,1.3837033853785945,1.3837033853785945,FALSE,FALSE
comm_7405,10.50393596617568,3.0504614665246166,12,6,4.299427538574192,4.299427538574191,FALSE,FALSE
comm_7406,9.653366304890024,3.0504614665246166,10,2,1.096344725160726,1.096344725160726,FALSE,FALSE
comm_7407,9.304329067901014,3.0504614665246166,11,3,5.348775860294747,5.348775860294747,FALSE,FALSE
comm_7408,9.426946365493666,3.0504614665246166,8,4,8.341002648525764,8.341002648525764,FALSE,FALSE
comm_7409,9.772972518161458,3.0504614665246166,10,4,4.541255395742853,4.541255395742853,FALSE,FALSE
comm_7410,8.060214528909992,3.0504614665246166,12,5,5.8568614390189335,5.8568614390189335,FALSE,FALSE
comm_7411,9.434829855076128,3.0504614665246166,11,5,6.263862448,6.263862448064061,FALSE,FALSE
comm_7412,8.724426667918156,3.0504614665246166,8,4,6.345908754338315,6.345908754338316,FALSE,FALSE
comm_7413,10.067783310147416,3.0504614665246166,10,2,2.782022947159264,2.782022947159265,FALSE,FALSE
comm_7414,8.887723509470295,3.0504614665246166,10,6,8.438128177215866,8.438128177215866,FALSE,FALSE
comm_7415,9.354096282015451,3.0504614665246166,9,3,1.924675972146329,1.924675972146329,FALSE,FALSE
comm_7416,10.492223453282357,3.0504614665246166,8,3,1.282048893677712,1.282048893677712,FALSE,FALSE
comm_7417,9.962114265423343,3.0504614665246166,12,3,2.465140402391554,2.4651404023915537,FALSE,FALSE
comm_7418,9.553024547422815,3.0504614665246166,12,5,5.381100945067663,5.381100945067663,FALSE,FALSE
comm_7419,9.224295466935322,3.0504614665246166,10,4,5.697825852092653,5.697825852092654,FALSE,FALSE
comm_7420,10.232323944783705,3.0504614665246166,12,5,4.4874130310773594,4.487413031077359,FALSE,FALSE
comm_7421,10.574210500833086,3.0504614665246166,11,4,3.6026127106159427,3.6026127106159422,FALSE,FALSE
comm_7422,9.065739574218725,3.0504614665246166,11,5,6.3910896161930255,6.391089616193024,FALSE,FALSE
comm_7423,9.966544243142744,3.0504614665246166,11,7,5.362489522629385,5.362489522629386,FALSE,FALSE
comm_7424,11.282606296155151,3.0504614665246166,12,6,4.6161935708632535,4.6161935708632535,FALSE,FALSE
comm_7425,9.811457149,3.0504614665246166,12,5,4.487953308646736,4.487953308646735,FALSE,FALSE
comm_7426,10.988833275611436,3.0504614665246166,8,5,6.969937253639232,6.969937253639233,FALSE,FALSE
comm_7427,10.110024569352548,3.0504614665246166,11,2,3.715867811718672,3.715867811718673,FALSE,FALSE
comm_7428,10.564839886409326,3.0504614665246166,8,1,0.6786363504688899,0.6786363504688898,FALSE,FALSE
comm_7429,10.522864315398383,3.0504614665246166,10,3,1.837842284386884,1.8378422843868845,FALSE,FALSE
comm_7430,11.422619564068714,3.0504614665246166,9,5,4.314868655672611,4.314868655672611,FALSE,FALSE
comm_7431,8.800860378,3.0504614665246166,9,3,6.927398921,6.927398921219581,FALSE,FALSE
comm_7432,10.70631573284338,3.0504614665246166,12,4,0.7517289572581888,0.7517289572581888,FALSE,FALSE
comm_7433,10.374570369381376,3.0504614665246166,12,3,4.639092176515192,4.639092176515192,FALSE,FALSE
comm_7434,10.660304651974323,3.0504614665246166,11,5,4.817745632839369,4.817745632839368,FALSE,FALSE
comm_7435,10.047717268402534,3.0504614665246166,10,4,7.882274411414441,7.882274411,FALSE,FALSE
comm_7436,11.943030651625197,3.0504614665246166,9,5,5.472056284023444,5.472056284023444,FALSE,FALSE
comm_7437,9.318943765579082,3.0504614665246166,12,5,3.879166019933936,3.879166019933936,FALSE,FALSE
comm_7438,10.887613355074595,3.0504614665246166,11,5,4.460908350900731,4.460908350900731,FALSE,FALSE
comm_7439,10.178838792680487,3.0504614665246166,11,4,2.4389427641286883,2.438942764128689,FALSE,FALSE
comm_7440,9.167175897286407,3.0504614665246166,8,3,3.826430712569504,3.826430712569504,FALSE,FALSE
comm_7441,10.381063977800055,3.0504614665246166,12,5,2.639916808084948,2.639916808084948,FALSE,FALSE
comm_7442,9.747066746842048,3.0504614665246166,10,4,4.847699668142333,4.847699668142333,FALSE,FALSE
comm_7443,9.697114677077378,3.0504614665246166,11,5,4.518364112,4.518364112293431,FALSE,FALSE
comm_7444,11.884374366202872,3.0504614665246166,8,4,5.171179047416878,5.171179047416878,FALSE,FALSE
comm_7445,8.741039499799806,3.0504614665246166,10,3,8.406679913,8.406679913,FALSE,FALSE
comm_7446,9.684553232,3.0504614665246166,12,7,6.774367217138486,6.7743672171384866,FALSE,FALSE
comm_7447,9.522693877275712,3.0504614665246166,12,4,6.591094280227047,6.591094280227046,FALSE,FALSE
comm_7448,11.887028786260624,3.0504614665246166,11,5,2.2281114017041888,2.228111401704189,FALSE,FALSE
comm_7449,10.125761910301064,3.0504614665246166,11,6,6.270376926969871,6.270376927,FALSE,FALSE
comm_7450,12.086397145216583,3.0504614665246166,9,5,6.013850144253652,6.013850144253652,FALSE,FALSE
comm_7452,10.272506363032784,3.0504614665246166,8,6,7.443017659120754,7.443017659120754,FALSE,FALSE
comm_7453,11.21909952478076,3.0504614665246166,12,4,1.9803040683408093,1.9803040683408095,FALSE,FALSE
comm_7454,8.953609754544933,3.0504614665246166,10,4,1.7103700080702318,1.7103700080702322,FALSE,FALSE
comm_7455,11.433231975630186,3.0504614665246166,8,4,4.138279729637901,4.138279729637901,FALSE,FALSE
comm_7456,8.225931407424746,3.0504614665246166,12,6,9.783532818,9.783532818482252,FALSE,FALSE
comm_7457,9.424050423843958,3.0504614665246166,11,2,2.282512550061983,2.282512550061984,FALSE,FALSE
comm_7458,9.729926471937237,3.0504614665246166,11,3,4.307342691989788,4.307342691989788,FALSE,FALSE
comm_7459,11.221522232816316,3.0504614665246166,8,4,4.912325338965474,4.912325338965474,FALSE,FALSE
comm_7460,9.688051884,3.0504614665246166,9,2,3.8281395704934447,3.8281395704934447,FALSE,FALSE
comm_7461,13.623455930052645,3.0504614665246166,8,4,3.740814875943898,3.740814875943898,FALSE,FALSE
comm_7462,10.014302590728589,3.0504614665246166,10,4,5.713253989218868,5.713253989218868,FALSE,FALSE
comm_7463,9.030783919805684,3.0504614665246166,8,4,6.659951403434543,6.659951403434543,FALSE,FALSE
comm_7464,9.842916282,3.0504614665246166,11,5,3.483953465522113,3.4839534655221125,FALSE,FALSE
comm_7465,10.462038147556669,3.0504614665246166,12,4,2.6426799887370445,2.642679988737044,FALSE,FALSE
comm_7466,14.763782801824402,3.0504614665246166,8,5,4.393759581780886,4.393759581780886,FALSE,FALSE
comm_7467,10.120403428279433,3.0504614665246166,10,3,2.5824085862715505,2.582408586271551,FALSE,FALSE
comm_7468,9.975847656789602,3.0504614665246166,8,2,1.255937613415909,1.2559376134159088,FALSE,FALSE
comm_7469,10.122618745585546,3.0504614665246166,11,4,3.4993433790530712,3.4993433790530704,FALSE,FALSE
comm_7470,9.409631155657484,3.0504614665246166,11,4,4.159210541846282,4.159210541846282,FALSE,FALSE
comm_7471,9.211729957350936,3.0504614665246166,11,6,7.087984779745248,7.0879847797452475,FALSE,FALSE
comm_7472,10.616850512163364,3.0504614665246166,11,4,3.620992872518028,3.620992872518028,FALSE,FALSE
comm_7473,10.510824227215627,3.0504614665246166,12,6,3.8265873508697585,3.826587350869759,FALSE,FALSE
comm_7474,10.548109776943534,3.0504614665246166,11,6,3.419570126,3.4195701257133906,FALSE,FALSE
comm_7475,9.596281056585054,3.0504614665246166,10,6,11.070831272029938,11.070831272029938,FALSE,FALSE
comm_7476,10.4535882,3.0504614665246166,11,4,5.495218354660411,5.495218354660411,FALSE,FALSE
comm_7477,10.65182414468204,3.0504614665246166,9,3,3.1754497679412164,3.175449767941217,FALSE,FALSE
comm_7478,13.512136150456854,3.0504614665246166,9,4,3.841824514221064,3.841824514221064,FALSE,FALSE
comm_7479,10.944345050714777,3.0504614665246166,11,4,2.7055311507461206,2.705531151,FALSE,FALSE
comm_7480,10.449870215461385,3.0504614665246166,10,2,1.170246931303874,1.170246931303874,FALSE,FALSE
comm_7481,12.609593825453484,3.0504614665246166,9,3,4.186533776,4.186533776474211,FALSE,FALSE
comm_7482,11.351293200973792,3.0504614665246166,9,2,0.9176039309696484,0.9176039309696484,FALSE,FALSE
comm_7483,9.784776827052063,3.0504614665246166,12,3,2.399560364026687,2.3995603640266867,FALSE,FALSE
comm_7484,10.294129972343011,3.0504614665246166,10,4,5.549325313250169,5.549325313250169,FALSE,FALSE
comm_7485,9.172751021336504,3.0504614665246166,11,3,3.1872875484389107,3.187287548438911,FALSE,FALSE
comm_7486,8.952880558867394,3.0504614665246166,8,4,8.049979491727274,8.049979491727274,FALSE,FALSE
comm_7487,10.417784430778632,3.0504614665246166,9,3,3.714068351647141,3.714068352,FALSE,FALSE
comm_7488,10.025882938637968,3.0504614665246166,8,3,2.8439213146869418,2.8439213146869413,FALSE,FALSE
comm_7489,8.870153799749326,3.0504614665246166,9,4,5.328761238940234,5.328761238940233,FALSE,FALSE
comm_7490,8.467805961148747,3.0504614665246166,11,4,3.2482468372836513,3.2482468372836517,FALSE,FALSE
comm_7491,9.991686757,3.0504614665246166,8,3,3.3094335074787695,3.309433507478769,FALSE,FALSE
comm_7492,9.195853193171368,3.0504614665246166,12,4,7.874005096215515,7.874005096215516,FALSE,FALSE
comm_7493,9.624890659343484,3.0504614665246166,9,4,4.8808878958007735,4.880887895800775,FALSE,FALSE
comm_7494,8.572853885191682,3.0504614665246166,12,4,8.909632296625903,8.909632296625901,FALSE,FALSE
comm_7495,9.335265055660694,3.0504614665246166,9,4,6.7914223125938475,6.791422312593848,FALSE,FALSE
comm_7496,9.222125331,3.0504614665246166,12,6,5.784506347788735,5.784506347788735,FALSE,FALSE
comm_7497,10.158559159204357,3.0504614665246166,8,3,2.3534669684528957,2.3534669684528957,FALSE,FALSE
comm_7498,10.78440284743528,3.0504614665246166,8,3,1.9434164913393384,1.943416491339339,FALSE,FALSE
comm_7499,9.259804361230804,3.0504614665246166,12,3,3.706560601689353,3.706560601689352,FALSE,FALSE
comm_7500,10.672446756772723,3.0504614665246166,11,4,4.286382407232103,4.286382407232103,FALSE,FALSE
comm_7501,10.280173262785114,3.0504614665246166,11,5,4.044915087396174,4.044915087396174,FALSE,FALSE
comm_7502,10.82501226389058,3.0504614665246166,8,4,6.678678881938158,6.6786788819381595,FALSE,FALSE
comm_7503,11.82916813790318,3.0504614665246166,9,0,0,0,FALSE,FALSE
comm_7504,8.792691720457187,3.0504614665246166,12,6,5.457567515599326,5.457567515599327,FALSE,FALSE
comm_7505,11.83652797705119,3.0504614665246166,9,3,5.081497963744758,5.081497963744758,FALSE,FALSE
comm_7506,10.017105484432692,3.0504614665246166,10,3,5.162639637189239,5.162639637189238,FALSE,FALSE
comm_7507,8.132467692903704,3.0504614665246166,8,4,6.5867345318779815,6.586734531877982,FALSE,FALSE
comm_7508,10.00945564168202,3.0504614665246166,12,5,5.2379964356713895,5.2379964356713895,FALSE,FALSE
comm_7509,9.366777039082825,3.0504614665246166,9,2,3.769235482376792,3.769235482,FALSE,FALSE
comm_7510,9.274411567841868,3.0504614665246166,10,3,3.0396596495995736,3.0396596495995736,FALSE,FALSE
comm_7511,8.632989278280721,3.0504614665246166,12,5,4.076132271,4.076132270694808,FALSE,FALSE
comm_7512,9.694832268044385,3.0504614665246166,10,3,5.077969146983763,5.077969146983763,FALSE,FALSE
comm_7513,9.643719612429749,3.0504614665246166,10,6,11.636232021129606,11.636232021129604,FALSE,FALSE
comm_7514,9.708446279080729,3.0504614665246166,11,4,3.2512408103233508,3.2512408103233503,FALSE,FALSE
comm_7515,10.406855345432666,3.0504614665246166,12,6,5.104846410422727,5.104846410422726,FALSE,FALSE
comm_7516,9.636391819,3.0504614665246166,9,2,2.0562195011585223,2.056219501158523,FALSE,FALSE
comm_7517,10.241086539051617,3.0504614665246166,11,6,4.916357444101903,4.9163574441019025,FALSE,FALSE
comm_7518,10.42969874163572,3.0504614665246166,12,4,1.843821527753548,1.843821527753548,FALSE,FALSE
comm_7519,8.843552335076922,3.0504614665246166,12,5,6.517963320204676,6.517963320204677,FALSE,FALSE
comm_7520,9.042312053,3.0504614665246166,9,3,3.676557155,3.676557155122579,FALSE,FALSE
comm_7521,10.52777629521172,3.0504614665246166,10,6,5.048450402,5.048450402273059,FALSE,FALSE
comm_7522,10.863642749280617,3.0504614665246166,9,2,1.9234890337821529,1.923489033782153,FALSE,FALSE
comm_7523,11.355250227340187,3.0504614665246166,12,4,2.774240796757603,2.774240796757603,FALSE,FALSE
comm_7524,9.317617083597916,3.0504614665246166,8,3,6.090188367,6.090188367,FALSE,FALSE
comm_7525,9.780676461803486,3.0504614665246166,12,6,7.995908352251459,7.995908352,FALSE,FALSE
comm_7526,9.91183792,3.0504614665246166,10,5,4.2221803668703775,4.2221803668703775,FALSE,FALSE
comm_7527,9.125722699957937,3.0504614665246166,12,3,5.066033585736201,5.066033586,FALSE,FALSE
comm_7528,9.439629780893306,3.0504614665246166,9,3,1.2671604982186535,1.2671604982186535,FALSE,FALSE
comm_7529,10.091198009614043,3.0504614665246166,10,3,5.9021982925570615,5.902198292557061,FALSE,FALSE
comm_7530,10.47423847135021,3.0504614665246166,8,2,2.4565108844389703,2.456510884,FALSE,FALSE
comm_7531,9.915518971894446,3.0504614665246166,9,2,1.835995878225924,1.835995878225924,FALSE,FALSE
comm_7532,12.492628615583484,3.0504614665246166,10,5,7.282372540486435,7.282372540486435,FALSE,FALSE
comm_7533,10.216245614084404,3.0504614665246166,9,4,3.4299000321902677,3.429900032190267,FALSE,FALSE
comm_7534,8.334932611465375,3.0504614665246166,10,3,3.447361020420934,3.447361020420934,FALSE,FALSE
comm_7535,8.720866779116369,3.0504614665246166,9,4,8.891754355391736,8.891754355391736,FALSE,FALSE
comm_7536,10.120335895891929,3.0504614665246166,12,4,4.833018159563643,4.833018159563642,FALSE,FALSE
comm_7537,10.014066534538635,3.0504614665246166,9,3,4.407980528597343,4.407980528597343,FALSE,FALSE
comm_7538,8.885809519222704,3.0504614665246166,8,4,2.956215620895494,2.956215620895494,FALSE,FALSE
comm_7539,10.219329354581602,3.0504614665246166,9,5,7.509657210345225,7.5096572103452255,FALSE,FALSE
comm_7540,10.218970577990364,3.0504614665246166,11,5,5.527831066650078,5.527831066650079,FALSE,FALSE
comm_7541,9.273641919671604,3.0504614665246166,11,5,5.035298824119039,5.035298824119039,FALSE,FALSE
comm_7542,8.917689982509064,3.0504614665246166,8,4,3.6875091935291824,3.687509193529182,FALSE,FALSE
comm_7543,9.135044138378356,3.0504614665246166,12,6,11.784491138530884,11.784491138530884,FALSE,FALSE
comm_7544,10.352232331082726,3.0504614665246166,11,3,2.510934153252963,2.510934153252963,FALSE,FALSE
comm_7545,10.807104081464116,3.0504614665246166,9,4,8.441537762070713,8.441537762070714,FALSE,FALSE
comm_7546,9.351042232064133,3.0504614665246166,12,5,5.761090021066713,5.761090021066713,FALSE,FALSE
comm_7547,11.41262047688888,3.0504614665246166,9,2,3.4909583099134505,3.4909583099134514,FALSE,FALSE
comm_7548,11.02688614131476,3.0504614665246166,11,6,4.576626451468606,4.576626451468606,FALSE,FALSE
comm_7549,11.532050756567845,3.0504614665246166,8,5,7.293537808374557,7.293537808374557,FALSE,FALSE
comm_7550,9.693404022,3.0504614665246166,11,5,6.303309350900585,6.3033093509005855,FALSE,FALSE
comm_7551,9.6845483,3.0504614665246166,12,5,11.768113837960575,11.768113837960572,FALSE,FALSE
comm_7552,10.478145202299322,3.0504614665246166,12,5,4.812187203849321,4.812187203849322,FALSE,FALSE
comm_7553,9.961401529,3.0504614665246166,8,2,4.82840802,4.828408019701219,FALSE,FALSE
comm_7554,10.27894475159799,3.0504614665246166,12,7,5.037219936939179,5.037219936939179,FALSE,FALSE
comm_7555,10.07879994,3.0504614665246166,9,3,5.131307079034188,5.131307079034189,FALSE,FALSE
comm_7556,10.229106556170107,3.0504614665246166,8,4,3.7280808311732647,3.728080831173265,FALSE,FALSE
comm_7557,10.462566909936625,3.0504614665246166,8,2,2.783866946691953,2.783866946691953,FALSE,FALSE
comm_7558,8.730036787779174,3.0504614665246166,8,3,4.760286741,4.760286741,FALSE,FALSE
comm_7559,9.545950285396398,3.0504614665246166,10,5,4.343298735275545,4.343298735275545,FALSE,FALSE
comm_7560,10.48042077786102,3.0504614665246166,9,4,7.573699724773775,7.573699724773776,FALSE,FALSE
comm_7561,10.176656357369737,3.0504614665246166,9,3,5.4452235390042265,5.4452235390042265,FALSE,FALSE
comm_7562,9.996146964823652,3.0504614665246166,8,4,5.279151586216463,5.2791515862164635,FALSE,FALSE
comm_7563,9.746623146679717,3.0504614665246166,8,3,2.378023569620809,2.378023569620809,FALSE,FALSE
comm_7564,10.887473910593576,3.0504614665246166,12,4,3.906481802295709,3.9064818022957097,FALSE,FALSE
comm_7565,8.557533373722178,3.0504614665246166,11,5,5.402173878840927,5.402173878840927,FALSE,FALSE
comm_7566,9.951707102343445,3.0504614665246166,11,4,3.242713891480234,3.242713891480234,FALSE,FALSE
comm_7567,10.80654395552128,3.0504614665246166,11,4,2.896082332080675,2.896082332080675,FALSE,FALSE
comm_7568,10.588877336150132,3.0504614665246166,12,3,2.034727427650581,2.0347274276505805,FALSE,FALSE
comm_7569,9.877006668,3.0504614665246166,10,5,3.2391142652389515,3.239114265,FALSE,FALSE
comm_7570,10.150792312759348,3.0504614665246166,9,4,7.047191461,7.047191461,FALSE,FALSE
comm_7571,10.854297093281168,3.0504614665246166,8,4,3.8978582725394184,3.897858272539418,FALSE,FALSE
comm_7572,10.104972876989384,3.0504614665246166,10,5,6.7676344963821355,6.767634496382135,FALSE,FALSE
comm_7573,9.288890801865548,3.0504614665246166,9,3,5.973299712,5.973299712,FALSE,FALSE
comm_7574,9.114000349259957,3.0504614665246166,10,4,3.794063446734992,3.794063446734992,FALSE,FALSE
comm_7575,11.16558254,3.0504614665246166,10,3,2.456179377513804,2.456179377513804,FALSE,FALSE
comm_7576,9.993197662504333,3.0504614665246166,9,2,0.7661030832829546,0.7661030832829547,FALSE,FALSE
comm_7577,10.076251037043248,3.0504614665246166,10,3,2.926940338997864,2.926940338997863,FALSE,FALSE
comm_7578,10.005956254934256,3.0504614665246166,10,6,7.432870603700411,7.432870603700412,FALSE,FALSE
comm_7579,11.619776231912184,3.0504614665246166,10,3,4.396635861823822,4.396635861823822,FALSE,FALSE
comm_7580,10.705777577473134,3.0504614665246166,10,4,4.444905397509197,4.4449053975091966,FALSE,FALSE
comm_7581,8.634007326785598,3.0504614665246166,11,6,11.00031122273047,11.00031122273047,FALSE,FALSE
comm_7582,10.26765482794445,3.0504614665246166,12,6,7.980748288,7.980748288372761,FALSE,FALSE
comm_7583,11.676537413716296,3.0504614665246166,12,3,2.380939459905769,2.380939459905769,FALSE,FALSE
comm_7584,11.719200485402832,3.0504614665246166,10,5,4.021545408379894,4.021545408379895,FALSE,FALSE
comm_7585,8.946200172272826,3.0504614665246166,10,5,7.134474530402996,7.134474530402997,FALSE,FALSE
comm_7586,8.380832646274774,3.0504614665246166,11,4,3.9091495580212143,3.909149558021215,FALSE,FALSE
comm_7587,9.654251861143209,3.0504614665246166,8,3,2.5356952785236624,2.5356952785236624,FALSE,FALSE
comm_7588,9.519208511003445,3.0504614665246166,9,3,4.6345873890683915,4.6345873890683915,FALSE,FALSE
comm_7589,8.975761846984646,3.0504614665246166,11,6,4.828553277,4.8285532773863995,FALSE,FALSE
comm_7590,11.786786484948689,3.0504614665246166,10,5,3.9837153416425224,3.983715341642523,FALSE,FALSE
comm_7591,9.987831149971084,3.0504614665246166,10,6,5.241208106,5.241208106,FALSE,FALSE
comm_7592,10.04065894365486,3.0504614665246166,11,7,5.945722512602653,5.945722512602653,FALSE,FALSE
comm_7593,9.846940993403898,3.0504614665246166,11,5,4.795007060599683,4.795007060599683,FALSE,FALSE
comm_7594,10.77094002,3.0504614665246166,8,4,4.266172903280565,4.266172903280564,FALSE,FALSE
comm_7595,10.225591353773432,3.0504614665246166,8,3,7.044820313624531,7.044820313624532,FALSE,FALSE
comm_7596,11.826622219086854,3.0504614665246166,8,2,1.208154163801986,1.208154163801986,FALSE,FALSE
comm_7597,9.970224172952724,3.0504614665246166,10,3,4.570867359717283,4.570867359717282,FALSE,FALSE
comm_7598,8.550695653413346,3.0504614665246166,10,5,7.312973735324402,7.3129737353244035,FALSE,FALSE
comm_7599,10.317361925353213,3.0504614665246166,9,3,4.798420441954789,4.798420441954789,FALSE,FALSE
comm_7600,8.831802507685838,3.0504614665246166,10,5,6.292127165571483,6.292127165571484,FALSE,FALSE
comm_7601,9.455904581202454,3.0504614665246166,10,4,2.1228283889721027,2.1228283889721027,FALSE,FALSE
comm_7602,12.100708437379394,3.0504614665246166,9,3,1.2561826800549207,1.2561826800549207,FALSE,FALSE
comm_7603,8.972217007,3.0504614665246166,11,5,9.562815118119191,9.562815118119191,FALSE,FALSE
comm_7604,11.765890723882848,3.0504614665246166,8,1,0.497444186,0.497444186,FALSE,FALSE
comm_7605,10.250849638318709,3.0504614665246166,8,1,0.2395290483768698,0.2395290483768698,FALSE,FALSE
comm_7606,11.318044151803402,3.0504614665246166,9,2,0.8542378331385438,0.8542378331385435,FALSE,FALSE
comm_7607,10.27224546,3.0504614665246166,11,4,2.8410211625988437,2.8410211625988437,FALSE,FALSE
comm_7608,9.506162176041691,3.0504614665246166,11,5,4.245849354490238,4.245849354490238,FALSE,FALSE
comm_7609,11.342943705036312,3.0504614665246166,10,4,6.348975419277548,6.348975419277548,FALSE,FALSE
comm_7610,10.093136124656713,3.0504614665246166,11,3,10.92346057672723,10.923460576727228,FALSE,FALSE
comm_7611,9.338854764964594,3.0504614665246166,12,4,7.909853880909763,7.909853880909763,FALSE,FALSE
comm_7612,11.618388956871716,3.0504614665246166,11,5,3.373597346617254,3.373597346617255,FALSE,FALSE
comm_7613,9.589995022,3.0504614665246166,10,4,3.8187659478858063,3.8187659478858063,FALSE,FALSE
comm_7614,10.325737569623245,3.0504614665246166,12,3,4.318079115057452,4.318079115057451,FALSE,FALSE
comm_7615,9.972700815885418,3.0504614665246166,11,5,2.878428671487038,2.8784286714870375,FALSE,FALSE
comm_7616,9.363846316466612,3.0504614665246166,9,5,4.178498771,4.178498771,FALSE,FALSE
comm_7617,11.804953114103723,3.0504614665246166,11,4,2.963092078935309,2.963092079,FALSE,FALSE
comm_7618,11.173357605380817,3.0504614665246166,9,2,2.760181684952221,2.760181684952221,FALSE,FALSE
comm_7619,9.854843846431784,3.0504614665246166,12,3,3.877401232996408,3.877401232996408,FALSE,FALSE
comm_7620,10.529875606648432,3.0504614665246166,12,3,2.735518908825374,2.735518908825374,FALSE,FALSE
comm_7621,11.208344230285745,3.0504614665246166,10,4,5.213812250911434,5.213812250911434,FALSE,FALSE
comm_7622,11.087607918979211,3.0504614665246166,8,3,2.544952712707183,2.544952712707183,FALSE,FALSE
comm_7623,8.966102409371796,3.0504614665246166,10,4,2.4252825790179413,2.425282579017941,FALSE,FALSE
comm_7624,9.460949132899604,3.0504614665246166,8,2,2.8705958095825013,2.8705958095825017,FALSE,FALSE
comm_7625,12.466554608111142,3.0504614665246166,8,4,4.955728033490345,4.955728033490345,FALSE,FALSE
comm_7626,11.252121155119982,3.0504614665246166,10,1,1.191809216414725,1.1918092164147251,FALSE,FALSE
comm_7627,9.395807397811414,3.0504614665246166,11,5,4.752999137784979,4.752999137784977,FALSE,FALSE
comm_7628,9.986730322792557,3.0504614665246166,12,4,1.5815313413960963,1.5815313413960963,FALSE,FALSE
comm_7629,11.94592639436789,3.0504614665246166,11,5,3.1760709913881615,3.176070991388161,FALSE,FALSE
comm_7630,10.70454145452611,3.0504614665246166,9,3,4.930796185011039,4.930796185011039,FALSE,FALSE
comm_7631,8.829456542746621,3.0504614665246166,12,5,6.4845275918813154,6.4845275918813154,FALSE,FALSE
comm_7632,9.107012995670246,3.0504614665246166,9,5,5.0092201828375345,5.0092201828375345,FALSE,FALSE
comm_7633,12.458939567666476,3.0504614665246166,9,2,1.1880000248956673,1.188000024895667,FALSE,FALSE
comm_7634,8.338227705,3.0504614665246166,11,5,6.666574489483744,6.666574489483744,FALSE,FALSE
comm_7635,8.709635624531666,3.0504614665246166,11,3,3.056184408,3.056184407592359,FALSE,FALSE
comm_7636,8.789848992318884,3.0504614665246166,9,2,1.879127247279952,1.8791272472799525,FALSE,FALSE
comm_7637,8.885267289618886,3.0504614665246166,9,2,1.8449576374626304,1.8449576374626304,FALSE,FALSE
comm_7638,10.25735636640846,3.0504614665246166,11,2,1.049730184116988,1.0497301841169882,FALSE,FALSE
comm_7639,9.201323667,3.0504614665246166,10,4,7.979163476859291,7.979163476859291,FALSE,FALSE
comm_7640,9.985379657530403,3.0504614665246166,8,1,0.067298801,0.067298801,FALSE,FALSE
comm_7641,10.91429084596164,3.0504614665246166,10,2,0.621759671,0.6217596712432341,FALSE,FALSE
comm_7642,9.861729131,3.0504614665246166,8,2,2.943770174,2.9437701739115396,FALSE,FALSE
comm_7643,10.08834964,3.0504614665246166,11,3,1.9006643086831645,1.900664308683164,FALSE,FALSE
comm_7644,8.599689405,3.0504614665246166,9,3,1.363681891816412,1.3636818918164118,FALSE,FALSE
comm_7645,9.946457415817502,3.0504614665246166,8,3,8.705954044755536,8.705954044755535,FALSE,FALSE
comm_7646,10.276964409089144,3.0504614665246166,9,3,4.029465102598122,4.029465102598122,FALSE,FALSE
comm_7647,10.476708409709351,3.0504614665246166,9,5,5.103029620163131,5.10302962,FALSE,FALSE
comm_7648,8.838673563470751,3.0504614665246166,10,4,7.05923365,7.05923365,FALSE,FALSE
comm_7649,11.421238959854715,3.0504614665246166,11,6,7.198866356810313,7.1988663568103135,FALSE,FALSE
comm_7650,14.369104778632051,3.0504614665246166,9,4,3.346625542147831,3.346625542147831,FALSE,FALSE
comm_7651,9.471084116787416,3.0504614665246166,9,6,4.955448540906282,4.955448540906283,FALSE,FALSE
comm_7652,11.433133167391574,3.0504614665246166,9,3,2.573692345,2.573692345,FALSE,FALSE
comm_7653,8.741678417509606,3.0504614665246166,11,4,4.249440930280709,4.24944093,FALSE,FALSE
comm_7654,11.271834814254264,3.0504614665246166,9,3,2.3874555118289305,2.3874555118289305,FALSE,FALSE
comm_7655,9.535226561,3.0504614665246166,9,0,0,0,FALSE,FALSE
comm_7656,8.962444165357834,3.0504614665246166,11,7,6.379868227721316,6.3798682277213175,FALSE,FALSE
comm_7657,9.688580294739625,3.0504614665246166,12,5,3.568949619695296,3.568949619695296,FALSE,FALSE
comm_7658,9.783682936266612,3.0504614665246166,12,5,4.868001311089499,4.8680013110894995,FALSE,FALSE
comm_7659,9.689500859785596,3.0504614665246166,8,3,5.006740933327043,5.006740933327042,FALSE,FALSE
comm_7660,10.232389549986207,3.0504614665246166,8,3,5.234314864271746,5.234314864271745,FALSE,FALSE
comm_7661,11.279690367462672,3.0504614665246166,9,0,0,0,FALSE,FALSE
comm_7662,9.593600403760982,3.0504614665246166,12,2,2.6650438019878173,2.6650438019878173,FALSE,FALSE
comm_7663,9.829394028510372,3.0504614665246166,8,5,5.177341326322085,5.177341326322086,FALSE,FALSE
comm_7664,9.269619847597871,3.0504614665246166,8,2,6.509844081511508,6.509844081511508,FALSE,FALSE
comm_7665,9.660090773474556,3.0504614665246166,12,5,5.0136386960656285,5.013638696065628,FALSE,FALSE
comm_7666,9.686482137794464,3.0504614665246166,9,4,5.524718433647928,5.524718433647929,FALSE,FALSE
comm_7667,9.047807041936691,3.0504614665246166,9,2,2.138132541871929,2.1381325418719292,FALSE,FALSE
comm_7668,8.844890132,3.0504614665246166,9,4,8.382306039233306,8.382306039233306,FALSE,FALSE
comm_7669,9.113013699361929,3.0504614665246166,8,4,10.131362775682216,10.131362775682218,FALSE,FALSE
comm_7670,10.132240831286335,3.0504614665246166,11,6,5.468967284,5.468967284,FALSE,FALSE
comm_7671,9.456611369,3.0504614665246166,10,4,4.927336254561404,4.927336254561404,FALSE,FALSE
comm_7672,10.415601145935325,3.0504614665246166,12,5,2.7637030808451293,2.7637030808451293,FALSE,FALSE
comm_7673,10.292952493687164,3.0504614665246166,9,5,4.800769548006536,4.800769548006536,FALSE,FALSE
comm_7674,11.669792565533193,3.0504614665246166,12,5,3.036025829943899,3.036025829943899,FALSE,FALSE
comm_7675,8.871650156075603,3.0504614665246166,9,3,1.3408072710049113,1.340807271004911,FALSE,FALSE
comm_7676,9.718161388084749,3.0504614665246166,12,7,8.670627475959927,8.670627475959925,FALSE,FALSE
comm_7677,10.778288441626202,3.0504614665246166,9,4,3.1697856440548904,3.169785644,FALSE,FALSE
comm_7678,11.517603113653555,3.0504614665246166,8,3,3.898436704504199,3.898436705,FALSE,FALSE
comm_7679,9.443089300356355,3.0504614665246166,12,5,3.8917120207553255,3.891712020755325,FALSE,FALSE
comm_7680,11.350897313963712,3.0504614665246166,8,2,0.6713464079719585,0.6713464079719584,FALSE,FALSE
comm_7681,10.817923059010504,3.0504614665246166,8,6,7.6330328762599775,7.6330328762599775,FALSE,FALSE
comm_7682,9.764256099,3.0504614665246166,9,4,4.427898089,4.427898089432859,FALSE,FALSE
comm_7683,10.71624174398886,3.0504614665246166,10,6,5.494318258177395,5.494318258177396,FALSE,FALSE
comm_7684,12.526164096870152,3.0504614665246166,11,2,0.7974617411791582,0.7974617411791582,FALSE,FALSE
comm_7685,7.681865396984698,3.0504614665246166,12,4,5.242325308,5.242325308,FALSE,FALSE
comm_7686,8.899663890611114,3.0504614665246166,10,3,4.378622428991999,4.378622428991999,FALSE,FALSE
comm_7687,10.580792651522197,3.0504614665246166,8,3,3.108642078873398,3.108642078873398,FALSE,FALSE
comm_7688,8.459381903760512,3.0504614665246166,8,5,11.48441711513693,11.48441711513693,FALSE,FALSE
comm_7689,12.262091539954875,3.0504614665246166,11,4,1.8781346694671557,1.8781346694671557,FALSE,FALSE
comm_7690,10.876983645670878,3.0504614665246166,12,7,7.9144453790959695,7.914445379095969,FALSE,FALSE
comm_7691,9.236568189452248,3.0504614665246166,8,3,5.3603084035306985,5.3603084035306985,FALSE,FALSE
comm_7692,11.47100556,3.0504614665246166,10,4,1.9097446716708877,1.9097446716708877,FALSE,FALSE
comm_7693,10.012668160686172,3.0504614665246166,10,6,2.889087455625278,2.889087455625278,FALSE,FALSE
comm_7694,10.830435385135605,3.0504614665246166,9,2,1.6222207445953265,1.6222207445953265,FALSE,FALSE
comm_7695,8.486900438410533,3.0504614665246166,8,3,2.940989756312846,2.9409897563128458,FALSE,FALSE
comm_7696,9.248653781511967,3.0504614665246166,12,6,7.361906348,7.361906348,FALSE,FALSE
comm_7697,10.36135593590284,3.0504614665246166,9,5,7.254153098249466,7.254153098249464,FALSE,FALSE
comm_7698,10.051987508524018,3.0504614665246166,12,4,4.5582820506074615,4.5582820506074615,FALSE,FALSE
comm_7699,11.55671927089326,3.0504614665246166,8,2,4.535988621,4.535988621369441,FALSE,FALSE
comm_7700,10.043540590104838,3.0504614665246166,10,5,6.536322028935743,6.536322028935742,FALSE,FALSE
comm_7701,9.444308629032308,3.0504614665246166,9,5,7.506985812889544,7.506985812889544,FALSE,FALSE
comm_7702,10.624805719647693,3.0504614665246166,10,6,4.870067361,4.870067361,FALSE,FALSE
comm_7703,10.72880368,3.0504614665246166,12,3,2.077269127040346,2.0772691270403456,FALSE,FALSE
comm_7704,11.910523673117964,3.0504614665246166,9,3,2.0185776001340168,2.0185776001340168,FALSE,FALSE
comm_7705,9.648135211477896,3.0504614665246166,9,3,2.828623601927214,2.828623601927214,FALSE,FALSE
comm_7706,10.97132883166467,3.0504614665246166,11,5,3.877084275573315,3.877084275573314,FALSE,FALSE
comm_7707,11.146286854207746,3.0504614665246166,11,4,3.630109287485963,3.630109287485965,FALSE,FALSE
comm_7708,9.589270926,3.0504614665246166,10,4,7.175929495564401,7.175929495564401,FALSE,FALSE
comm_7709,10.184346498142528,3.0504614665246166,10,3,1.8634102731477236,1.863410273147724,FALSE,FALSE
comm_7710,9.911921471335292,3.0504614665246166,12,4,6.788596350912586,6.788596350912586,FALSE,FALSE
comm_7711,8.232993542,3.0504614665246166,8,2,3.955292260470285,3.955292260470285,FALSE,FALSE
comm_7712,8.545665594789234,3.0504614665246166,8,4,3.748899426062127,3.748899426062128,FALSE,FALSE
comm_7713,9.635470562676083,3.0504614665246166,10,4,3.1411070293914687,3.141107029391468,FALSE,FALSE
comm_7714,9.988449285229391,3.0504614665246166,9,6,7.174956725358332,7.174956725358334,FALSE,FALSE
comm_7715,10.072712132033498,3.0504614665246166,11,5,5.136213540203584,5.136213540203585,FALSE,FALSE
comm_7716,10.644216014597085,3.0504614665246166,12,3,3.3543146655523075,3.354314665552307,FALSE,FALSE
comm_7717,9.683930547125298,3.0504614665246166,12,5,3.4473772476365885,3.4473772476365885,FALSE,FALSE
comm_7718,9.794144026279373,3.0504614665246166,10,1,0.1478805726202493,0.1478805726202493,FALSE,FALSE
comm_7719,10.523364233794169,3.0504614665246166,10,5,2.3546676188288673,2.3546676188288673,FALSE,FALSE
comm_7720,11.15400200987394,3.0504614665246166,11,3,0.7060846305249344,0.7060846305249344,FALSE,FALSE
comm_7721,10.628313242777104,3.0504614665246166,10,6,9.88873392,9.888733920034808,FALSE,FALSE
comm_7722,10.591744314572937,3.0504614665246166,8,4,4.783429627504444,4.783429627504444,FALSE,FALSE
comm_7723,10.01334258101765,3.0504614665246166,12,6,3.3545301315773473,3.3545301315773473,FALSE,FALSE
comm_7724,9.383281590355624,3.0504614665246166,12,4,1.870981807832229,1.870981807832229,FALSE,FALSE
comm_7725,9.253174569671494,3.0504614665246166,10,3,2.2534826198639712,2.2534826198639712,FALSE,FALSE
comm_7726,11.229294752465874,3.0504614665246166,9,3,1.367464779361278,1.3674647793612782,FALSE,FALSE
comm_7727,11.468686843291556,3.0504614665246166,11,5,3.3683987914579943,3.368398791457994,FALSE,FALSE
comm_7728,9.062572670684208,3.0504614665246166,9,3,4.7796990265188946,4.7796990265188946,FALSE,FALSE
comm_7729,9.334719839471616,3.0504614665246166,9,3,2.410853636990338,2.410853636990338,FALSE,FALSE
comm_7730,10.700807887400329,3.0504614665246166,12,3,4.713688787821494,4.713688787821494,FALSE,FALSE
comm_7731,8.563620886,3.0504614665246166,12,3,5.202468870963998,5.202468870963998,FALSE,FALSE
comm_7732,9.783298467,3.0504614665246166,11,6,6.526274330386475,6.526274330386476,FALSE,FALSE
comm_7733,10.404386439754656,3.0504614665246166,11,3,4.126368082122488,4.126368082122487,FALSE,FALSE
comm_7734,10.94751309908316,3.0504614665246166,9,4,6.146323737041156,6.146323737041154,FALSE,FALSE
comm_7735,10.178458220345773,3.0504614665246166,8,1,0.2518263226801049,0.251826323,FALSE,FALSE
comm_7736,10.191457199717396,3.0504614665246166,12,4,2.600549164858472,2.600549164858472,FALSE,FALSE
comm_7737,11.45802046578738,3.0504614665246166,12,6,2.127530726,2.127530726,FALSE,FALSE
comm_7738,9.720606652037365,3.0504614665246166,8,3,2.0593836522912947,2.0593836522912947,FALSE,FALSE
comm_7739,9.289620366,3.0504614665246166,12,6,6.743002647328028,6.743002647328028,FALSE,FALSE
comm_7740,10.142157032471182,3.0504614665246166,11,6,8.583410760126734,8.583410760126736,FALSE,FALSE
comm_7741,8.669144193047865,3.0504614665246166,11,6,5.449485642836024,5.449485642836024,FALSE,FALSE
comm_7742,11.105034203439192,3.0504614665246166,12,3,2.965364239661811,2.965364239661811,FALSE,FALSE
comm_7743,10.04491130232351,3.0504614665246166,12,4,5.875492057413181,5.875492057,FALSE,FALSE
comm_7744,11.000273023075508,3.0504614665246166,8,2,1.1604368805045455,1.1604368805045455,FALSE,FALSE
comm_7745,9.912980774161063,3.0504614665246166,11,6,5.926482747801556,5.926482747801555,FALSE,FALSE
comm_7746,11.385888445364737,3.0504614665246166,8,2,1.874971052810596,1.8749710528105965,FALSE,FALSE
comm_7747,8.743069533779238,3.0504614665246166,11,5,8.129948970543628,8.129948970543627,FALSE,FALSE
comm_7748,10.368106545759932,3.0504614665246166,8,4,2.557406115125506,2.5574061151255063,FALSE,FALSE
comm_7749,11.108624835532185,3.0504614665246166,8,2,0.5099055776724988,0.5099055776724988,FALSE,FALSE
comm_7750,10.359242752240728,3.0504614665246166,10,4,3.2465559720513024,3.2465559720513024,FALSE,FALSE
comm_7751,13.207290638770363,3.0504614665246166,10,7,5.533422819,5.533422819,FALSE,FALSE
comm_7752,11.699830572460453,3.0504614665246166,10,7,4.182832878414083,4.182832878414083,FALSE,FALSE
comm_7753,10.772480195430475,3.0504614665246166,11,4,3.634568620630728,3.634568620630727,FALSE,FALSE
comm_7754,12.112767895703128,3.0504614665246166,9,4,4.912943045779478,4.912943045779477,FALSE,FALSE
comm_7755,10.861550579989691,3.0504614665246166,12,4,1.6904299238801137,1.690429923880114,FALSE,FALSE
comm_7756,9.307007790035762,3.0504614665246166,10,3,8.013662283647474,8.013662283647474,FALSE,FALSE
comm_7757,9.298714674,3.0504614665246166,12,4,5.959825738328902,5.959825738328901,FALSE,FALSE
comm_7758,9.532095558082672,3.0504614665246166,8,4,8.534884897735225,8.534884897735227,FALSE,FALSE
comm_7759,10.514190773965764,3.0504614665246166,8,3,8.517924111293302,8.517924111293302,FALSE,FALSE
comm_7760,10.069243346571266,3.0504614665246166,8,4,5.5686168373963785,5.568616837396377,FALSE,FALSE
comm_7761,11.055001395984434,3.0504614665246166,11,5,1.1238272861220882,1.1238272861220882,FALSE,FALSE
comm_7762,10.230400644978838,3.0504614665246166,8,5,3.890483680889952,3.890483680889952,FALSE,FALSE
comm_7763,9.289460615720966,3.0504614665246166,12,5,8.812266083942841,8.812266084,FALSE,FALSE
comm_7764,9.749054948,3.0504614665246166,12,5,8.280000060042397,8.280000060042397,FALSE,FALSE
comm_7765,10.735249350798526,3.0504614665246166,11,6,11.325402552660128,11.325402552660126,FALSE,FALSE
comm_7766,12.986337686635569,3.0504614665246166,8,5,4.558787740167693,4.558787740167693,FALSE,FALSE
comm_7767,10.643582029027677,3.0504614665246166,9,3,2.2311595564611135,2.2311595564611135,FALSE,FALSE
comm_7768,9.440479949,3.0504614665246166,11,5,5.403643162828365,5.403643162828365,FALSE,FALSE
comm_7769,9.262918390080529,3.0504614665246166,8,3,5.266505907166172,5.266505907,FALSE,FALSE
comm_7770,9.781872018372267,3.0504614665246166,11,4,4.4585403906288334,4.4585403906288334,FALSE,FALSE
comm_7771,11.70150688170677,3.0504614665246166,9,2,0.3168048901526589,0.3168048901526589,FALSE,FALSE
comm_7772,9.393394434980978,3.0504614665246166,9,5,3.6547497809716263,3.6547497809716263,FALSE,FALSE
comm_7773,8.877831791651472,3.0504614665246166,12,3,0.6810833357077873,0.6810833357077873,FALSE,FALSE
comm_7774,10.159670152380553,3.0504614665246166,9,6,5.7508652604565595,5.7508652604565595,FALSE,FALSE
comm_7775,9.470650556488994,3.0504614665246166,11,6,8.498960962164803,8.498960962164803,FALSE,FALSE
comm_7776,9.729352964,3.0504614665246166,12,6,13.905745449442438,13.905745449442437,FALSE,FALSE
comm_7777,8.977769185618696,3.0504614665246166,8,3,2.0855393710719428,2.0855393710719423,FALSE,FALSE
comm_7778,9.811651552,3.0504614665246166,10,5,4.352411415435552,4.352411415435551,FALSE,FALSE
comm_7779,9.362939105252895,3.0504614665246166,12,6,6.091519287780834,6.091519287780834,FALSE,FALSE
comm_7780,11.464942481645004,3.0504614665246166,12,3,1.456663204372763,1.4566632043727623,FALSE,FALSE
comm_7781,10.403207883697478,3.0504614665246166,9,5,4.257260466575192,4.257260466575192,FALSE,FALSE
comm_7782,13.41898439285768,3.0504614665246166,9,4,2.864806531453328,2.864806531453328,FALSE,FALSE
comm_7783,10.080060177074897,3.0504614665246166,11,3,2.4323034866172426,2.4323034866172426,FALSE,FALSE
comm_7784,11.569523931149998,3.0504614665246166,10,5,6.245218441772116,6.245218441772117,FALSE,FALSE
comm_7785,8.819047965258175,3.0504614665246166,9,4,4.897622004489299,4.897622004,FALSE,FALSE
comm_7786,10.16468925860192,3.0504614665246166,9,3,3.015711907965289,3.0157119079652897,FALSE,FALSE
comm_7787,10.103744349905634,3.0504614665246166,12,5,7.822123893261948,7.822123893261948,FALSE,FALSE
comm_7788,11.287500525757224,3.0504614665246166,10,4,4.971505502084736,4.971505502084735,FALSE,FALSE
comm_7789,9.700139937981335,3.0504614665246166,12,8,7.833182203716649,7.833182203716649,FALSE,FALSE
comm_7790,8.944796374766735,3.0504614665246166,10,4,4.401271180989025,4.401271180989026,FALSE,FALSE
comm_7791,10.668415906786093,3.0504614665246166,11,5,5.3987722706977355,5.3987722706977355,FALSE,FALSE
comm_7792,11.214926509352228,3.0504614665246166,10,3,1.6929426225909632,1.6929426225909634,FALSE,FALSE
comm_7793,12.389250118858255,3.0504614665246166,10,5,4.249055839174057,4.249055839174057,FALSE,FALSE
comm_7794,9.321242313,3.0504614665246166,11,2,0.6963514387876941,0.6963514387876941,FALSE,FALSE
comm_7795,9.390215709335727,3.0504614665246166,9,2,3.675444963983283,3.675444963983283,FALSE,FALSE
comm_7796,11.21231350521985,3.0504614665246166,10,3,1.9052323455742737,1.9052323455742737,FALSE,FALSE
comm_7797,11.34708641574086,3.0504614665246166,12,5,1.545348695317282,1.545348695317282,FALSE,FALSE
comm_7798,10.48840451469549,3.0504614665246166,11,5,2.4327941022482698,2.432794102,FALSE,FALSE
comm_7799,9.589259130224528,3.0504614665246166,10,4,2.7850184130118345,2.785018413011834,FALSE,FALSE
comm_7800,9.463918355708683,3.0504614665246166,10,4,4.1933370032343635,4.193337003234364,FALSE,FALSE
comm_7801,10.440416958947472,3.0504614665246166,11,3,3.160472445582227,3.160472445582227,FALSE,FALSE
comm_7802,11.501268264397089,3.0504614665246166,8,4,2.074857959,2.0748579591310405,FALSE,FALSE
comm_7803,9.963636498945329,3.0504614665246166,10,3,2.4530307691821416,2.453030769182141,FALSE,FALSE
comm_7804,10.380024408808609,3.0504614665246166,12,4,7.804713569298831,7.804713569298831,FALSE,FALSE
comm_7805,10.63454186757961,3.0504614665246166,11,3,3.8893036743114022,3.8893036743114022,FALSE,FALSE
comm_7806,8.478860592909308,3.0504614665246166,12,5,3.441690202608568,3.4416902026085676,FALSE,FALSE
comm_7807,8.726946268108598,3.0504614665246166,12,4,5.948568484985694,5.948568484985695,FALSE,FALSE
comm_7808,12.976369709279444,3.0504614665246166,9,5,2.7303278769107218,2.7303278769107213,FALSE,FALSE
comm_7809,10.51084440688143,3.0504614665246166,9,2,1.843159841170735,1.843159841170735,FALSE,FALSE
comm_7810,10.132372556254335,3.0504614665246166,12,4,2.5853491979299963,2.5853491979299963,FALSE,FALSE
comm_7811,12.33064403198053,3.0504614665246166,11,4,3.143499055937198,3.143499055937198,FALSE,FALSE
comm_7812,9.215608707,3.0504614665246166,9,3,2.9789722980042463,2.978972298004246,FALSE,FALSE
comm_7813,11.357825950540844,3.0504614665246166,10,2,2.640734139327872,2.6407341393278725,FALSE,FALSE
comm_7814,9.833290300095967,3.0504614665246166,8,3,1.851884686642565,1.851884686642565,FALSE,FALSE
comm_7815,10.355198813815791,3.0504614665246166,12,6,4.964907436952699,4.964907436952699,FALSE,FALSE
comm_7816,10.433820563383732,3.0504614665246166,12,8,5.569408658121806,5.569408658121807,FALSE,FALSE
comm_7817,10.680640328531018,3.0504614665246166,12,4,1.76073618,1.76073618,FALSE,FALSE
comm_7818,10.873305958587688,3.0504614665246166,12,4,3.6580714400148535,3.658071440014853,FALSE,FALSE
comm_7819,9.060188729980446,3.0504614665246166,11,3,9.461802075,9.461802075,FALSE,FALSE
comm_7820,12.03304464527322,3.0504614665246166,8,2,2.4616454590586834,2.4616454590586834,FALSE,FALSE
comm_7821,10.709637732078184,3.0504614665246166,8,6,5.995195750031013,5.995195750031012,FALSE,FALSE
comm_7822,9.044517614293897,3.0504614665246166,8,5,10.174200033541709,10.174200033541709,FALSE,FALSE
comm_7823,11.797873922350032,3.0504614665246166,9,2,4.102154138679066,4.102154138679066,FALSE,FALSE
comm_7824,11.54526219641888,3.0504614665246166,9,5,5.112064626076396,5.112064626076396,FALSE,FALSE
comm_7825,9.907665613255524,3.0504614665246166,8,3,8.281200254721085,8.281200254721085,FALSE,FALSE
comm_7826,10.174875441667275,3.0504614665246166,10,4,1.3256739809607605,1.3256739809607605,FALSE,FALSE
comm_7827,9.341128636242164,3.0504614665246166,12,5,7.442776303317909,7.442776303317909,FALSE,FALSE
comm_7828,10.379873200554847,3.0504614665246166,10,3,2.9528530863920848,2.9528530863920848,FALSE,FALSE
comm_7829,11.74381722,3.0504614665246166,9,1,1.1636142420750584,1.1636142420750586,FALSE,FALSE
comm_7830,12.22969787553121,3.0504614665246166,8,4,3.745511157104324,3.7455111571043247,FALSE,FALSE
comm_7831,11.032761042203385,3.0504614665246166,8,4,4.971575824147135,4.971575824147136,FALSE,FALSE
comm_7832,9.333574937531758,3.0504614665246166,8,5,7.281823950150068,7.281823950150066,FALSE,FALSE
comm_7833,10.645613544805432,3.0504614665246166,8,4,2.318229002240536,2.3182290022405363,FALSE,FALSE
comm_7834,9.680757766991643,3.0504614665246166,9,2,1.9794632776871912,1.979463277687191,FALSE,FALSE
comm_7835,10.402218141288705,3.0504614665246166,10,4,5.965085507040092,5.965085507040093,FALSE,FALSE
comm_7836,10.524950936579083,3.0504614665246166,11,4,7.370761231936267,7.370761231936267,FALSE,FALSE
comm_7837,9.217554705828578,3.0504614665246166,9,4,2.5594097325539917,2.5594097325539913,FALSE,FALSE
comm_7838,10.525215805286033,3.0504614665246166,10,4,5.080675093378157,5.080675093378156,FALSE,FALSE
comm_7839,8.721866859675897,3.0504614665246166,12,5,6.646724828832804,6.646724828832804,FALSE,FALSE
comm_7840,9.373722290363917,3.0504614665246166,10,4,3.271713972506119,3.2717139725061184,FALSE,FALSE
comm_7841,9.846813017,3.0504614665246166,10,3,2.1073604828660706,2.1073604828660715,FALSE,FALSE
comm_7842,10.333932859970744,3.0504614665246166,11,6,4.341096585,4.341096584829759,FALSE,FALSE
comm_7843,10.237289368980178,3.0504614665246166,9,3,5.632453484,5.632453484,FALSE,FALSE
comm_7844,9.055226725777953,3.0504614665246166,12,9,16.476892566700066,16.476892566700066,FALSE,FALSE
comm_7845,9.134013963114496,3.0504614665246166,10,5,7.190668015947918,7.190668015947918,FALSE,FALSE
comm_7846,10.709175527333878,3.0504614665246166,9,2,0.2451486064694542,0.2451486064694542,FALSE,FALSE
comm_7847,10.831720392429329,3.0504614665246166,9,5,6.990570176696519,6.990570176696518,FALSE,FALSE
comm_7848,12.193642604699562,3.0504614665246166,8,3,2.2542510478381015,2.254251047838101,FALSE,FALSE
comm_7849,10.883514676436924,3.0504614665246166,11,5,2.9870318734297654,2.9870318734297663,FALSE,FALSE
comm_7850,9.066166886,3.0504614665246166,12,5,8.159802283,8.159802283,FALSE,FALSE
comm_7851,10.951750466767672,3.0504614665246166,10,5,3.0098965676643457,3.0098965676643457,FALSE,FALSE
comm_7852,9.367152509519526,3.0504614665246166,8,3,1.168713193169251,1.168713193169251,FALSE,FALSE
comm_7853,10.160654252516917,3.0504614665246166,12,4,3.061341164339463,3.061341164339464,FALSE,FALSE
comm_7854,10.129392552901129,3.0504614665246166,8,3,2.092021355343788,2.092021355343788,FALSE,FALSE
comm_7855,9.789846554,3.0504614665246166,12,3,4.482518120146579,4.482518120146579,FALSE,FALSE
comm_7856,9.321662855,3.0504614665246166,8,3,4.685260781720475,4.685260781720476,FALSE,FALSE
comm_7857,12.118332510004477,3.0504614665246166,10,4,3.945971033490882,3.945971033490882,FALSE,FALSE
comm_7858,9.890739456595853,3.0504614665246166,10,3,4.012288856242609,4.012288856242609,FALSE,FALSE
comm_7859,9.633363556584362,3.0504614665246166,11,6,3.442074679714681,3.442074679714681,FALSE,FALSE
comm_7860,10.97966663322362,3.0504614665246166,12,5,3.827198666914361,3.827198666914361,FALSE,FALSE
comm_7861,9.299986627985277,3.0504614665246166,12,5,5.405272145879808,5.405272145879807,FALSE,FALSE
comm_7862,11.325862603328211,3.0504614665246166,11,6,5.591250235647216,5.591250235647216,FALSE,FALSE
comm_7863,9.127382842200172,3.0504614665246166,9,3,5.596545740071935,5.596545740071934,FALSE,FALSE
comm_7864,9.820486022361678,3.0504614665246166,11,3,5.252143979521904,5.252143979521904,FALSE,FALSE
comm_7865,10.551869719787414,3.0504614665246166,8,3,5.547002039763178,5.547002039763176,FALSE,FALSE
comm_7866,8.638327258729465,3.0504614665246166,8,4,6.840468194967876,6.840468194967876,FALSE,FALSE
comm_7867,8.480302206618036,3.0504614665246166,8,5,11.030175447798923,11.030175447798928,FALSE,FALSE
comm_7868,9.576400153263188,3.0504614665246166,8,2,3.9375279026761385,3.937527902676139,FALSE,FALSE
comm_7869,9.430966360944677,3.0504614665246166,8,3,3.666611008924072,3.666611008924072,FALSE,FALSE
comm_7870,9.410109798709392,3.0504614665246166,8,4,5.961486053121499,5.961486053121499,FALSE,FALSE
comm_7871,10.25947198558809,3.0504614665246166,8,2,1.614649808467619,1.614649808467619,FALSE,FALSE
comm_7872,9.067649657874824,3.0504614665246166,10,5,9.506889818133487,9.506889818133487,FALSE,FALSE
comm_7873,10.011203982677143,3.0504614665246166,12,7,5.302023621243523,5.302023621243523,FALSE,FALSE
comm_7874,9.677745066093353,3.0504614665246166,8,4,4.523090255908649,4.523090255908649,FALSE,FALSE
comm_7875,9.791877920877065,3.0504614665246166,9,2,2.4849626792070683,2.484962679207068,FALSE,FALSE
comm_7876,11.545338907114976,3.0504614665246166,12,4,2.7286234562789544,2.7286234562789535,FALSE,FALSE
comm_7877,9.016464722962544,3.0504614665246166,8,5,5.506707885776473,5.506707885776472,FALSE,FALSE
comm_7878,11.254346242160478,3.0504614665246166,12,6,4.941982823446388,4.941982823446388,FALSE,FALSE
comm_7879,10.592198972189152,3.0504614665246166,8,5,2.285013812815492,2.2850138128154924,FALSE,FALSE
comm_7880,9.939823257511735,3.0504614665246166,12,3,3.648701600372055,3.648701600372056,FALSE,FALSE
comm_7881,10.43164442380683,3.0504614665246166,11,7,3.987245560709289,3.987245561,FALSE,FALSE
comm_7882,9.133473929789565,3.0504614665246166,10,3,5.200922203482709,5.200922203482709,FALSE,FALSE
comm_7883,9.008679294,3.0504614665246166,12,4,6.606293134660627,6.606293134660627,FALSE,FALSE
comm_7884,10.89400485724534,3.0504614665246166,9,5,4.328177249290139,4.328177249290138,FALSE,FALSE
comm_7885,8.727538752576086,3.0504614665246166,10,3,6.644739274420694,6.644739274420695,FALSE,FALSE
comm_7886,9.976199185,3.0504614665246166,9,4,5.268396488622522,5.268396488622523,FALSE,FALSE
comm_7887,9.343925949,3.0504614665246166,9,2,4.073695881864043,4.073695881864044,FALSE,FALSE
comm_7888,9.313075028378424,3.0504614665246166,12,5,5.141826147823337,5.141826147823338,FALSE,FALSE
comm_7889,10.34616591193203,3.0504614665246166,12,1,0.7237232779881113,0.7237232779881115,FALSE,FALSE
comm_7890,11.01459744975325,3.0504614665246166,8,2,1.495975579675317,1.4959755796753171,FALSE,FALSE
comm_7891,8.701419485721807,3.0504614665246166,10,4,5.044774690347612,5.044774690347611,FALSE,FALSE
comm_7892,9.895981249,3.0504614665246166,9,2,4.093334053736802,4.093334053736802,FALSE,FALSE
comm_7893,9.860565998841128,3.0504614665246166,12,3,3.0002983073494844,3.000298307349484,FALSE,FALSE
comm_7894,8.356131128304517,3.0504614665246166,11,6,12.04119537227752,12.041195372277516,FALSE,FALSE
comm_7895,9.742907751968746,3.0504614665246166,11,4,7.293192621463751,7.293192621463751,FALSE,FALSE
comm_7896,9.847467922598977,3.0504614665246166,11,1,1.2937824228579642,1.2937824228579644,FALSE,FALSE
comm_7897,9.893759456686212,3.0504614665246166,8,4,2.8591444076666206,2.859144407666621,FALSE,FALSE
comm_7898,10.848619566778805,3.0504614665246166,11,5,4.310069941807239,4.310069941807238,FALSE,FALSE
comm_7899,9.855673541174207,3.0504614665246166,9,4,3.9343286774342894,3.934328677,FALSE,FALSE
comm_7900,8.961678638185134,3.0504614665246166,11,5,5.847269201088814,5.847269201088814,FALSE,FALSE
comm_7901,10.064292604909976,3.0504614665246166,11,5,8.060278895,8.060278894754342,FALSE,FALSE
comm_7902,11.667836271798176,3.0504614665246166,10,3,1.257773532,1.257773532,FALSE,FALSE
comm_7903,10.62965088816373,3.0504614665246166,10,4,6.0827495700321474,6.0827495700321474,FALSE,FALSE
comm_7904,11.406347149361354,3.0504614665246166,11,4,6.195228011455237,6.195228011455235,FALSE,FALSE
comm_7905,9.612340212604945,3.0504614665246166,10,5,5.512642036573388,5.5126420365733875,FALSE,FALSE
comm_7906,9.228297940737278,3.0504614665246166,12,5,9.824139872,9.824139872,FALSE,FALSE
comm_7907,12.70478294566027,3.0504614665246166,12,4,3.105767336330178,3.105767336330178,FALSE,FALSE
comm_7908,11.04913316458338,3.0504614665246166,10,6,5.793345122564447,5.793345122564447,FALSE,FALSE
comm_7909,11.516083349051758,3.0504614665246166,12,6,4.329696182518717,4.329696182518717,FALSE,FALSE
comm_7910,9.719959378,3.0504614665246166,8,2,1.6997334646591662,1.6997334646591655,FALSE,FALSE
comm_7911,10.944928646153334,3.0504614665246166,10,5,4.408252157091965,4.408252157091964,FALSE,FALSE
comm_7912,10.47633225974057,3.0504614665246166,11,4,2.465486112317831,2.465486112317831,FALSE,FALSE
comm_7913,11.282809198609328,3.0504614665246166,12,5,4.060609711593316,4.060609711593316,FALSE,FALSE
comm_7914,10.77626720347444,3.0504614665246166,8,5,7.347127007994118,7.347127007994118,FALSE,FALSE
comm_7915,9.361051842073664,3.0504614665246166,10,3,3.9558145589006024,3.9558145589006024,FALSE,FALSE
comm_7916,10.096264227838166,3.0504614665246166,12,5,6.4058319835161655,6.405831983516165,FALSE,FALSE
comm_7917,9.117132086,3.0504614665246166,11,3,7.431420472065882,7.431420472065882,FALSE,FALSE
comm_7918,9.285991379866106,3.0504614665246166,9,3,3.1470306481056114,3.1470306481056105,FALSE,FALSE
comm_7919,10.144289181278785,3.0504614665246166,8,5,5.602394803,5.602394803,FALSE,FALSE
comm_7920,10.767995175606098,3.0504614665246166,9,3,1.5599079767620625,1.5599079767620625,FALSE,FALSE
comm_7921,9.606514059678284,3.0504614665246166,11,6,8.721609217,8.721609216512952,FALSE,FALSE
comm_7922,8.853478824515024,3.0504614665246166,11,2,2.0628806433022007,2.0628806433022007,FALSE,FALSE
comm_7923,11.051676931722088,3.0504614665246166,8,4,6.733983166533982,6.7339831665339815,FALSE,FALSE
comm_7924,8.596697015788402,3.0504614665246166,12,6,6.180847492911083,6.180847492911083,FALSE,FALSE
comm_7925,12.334618467301285,3.0504614665246166,8,3,1.8441914463157725,1.844191446315772,FALSE,FALSE
comm_7926,10.060313203875832,3.0504614665246166,8,3,3.7721684923070065,3.7721684923070065,FALSE,FALSE
comm_7927,9.123649348009469,3.0504614665246166,10,5,6.231360540830316,6.231360540830316,FALSE,FALSE
comm_7928,11.184053447802162,3.0504614665246166,11,4,3.5631782910589624,3.5631782910589624,FALSE,FALSE
comm_7929,8.743726194454284,3.0504614665246166,11,5,6.052003471,6.052003471360339,FALSE,FALSE
comm_7930,9.432072755,3.0504614665246166,8,1,1.2492668986443058,1.2492668986443058,FALSE,FALSE
comm_7931,10.17506510194436,3.0504614665246166,9,5,5.546375632022609,5.546375632022609,FALSE,FALSE
comm_7932,9.248677724,3.0504614665246166,10,5,6.739742744952418,6.7397427449524185,FALSE,FALSE
comm_7933,9.666487458293302,3.0504614665246166,11,5,2.828565134879326,2.828565134879326,FALSE,FALSE
comm_7934,10.217184547943448,3.0504614665246166,10,6,6.233181451274525,6.233181451274525,FALSE,FALSE
comm_7935,8.823721451352169,3.0504614665246166,9,4,8.991272109561304,8.991272109561303,FALSE,FALSE
comm_7936,8.903329217636442,3.0504614665246166,8,3,3.556743858,3.5567438584807305,FALSE,FALSE
comm_7937,10.843680525187438,3.0504614665246166,9,4,6.206013210034197,6.206013210034197,FALSE,FALSE
comm_7938,9.417540808962176,3.0504614665246166,11,6,7.196212053201883,7.196212053201882,FALSE,FALSE
comm_7939,9.402020863728293,3.0504614665246166,9,4,5.255782108570017,5.255782108570015,FALSE,FALSE
comm_7940,11.330481319840734,3.0504614665246166,10,0,0,0,FALSE,FALSE
comm_7941,10.848705520896536,3.0504614665246166,11,8,5.7507141375376625,5.7507141375376625,FALSE,FALSE
comm_7942,12.57688308341211,3.0504614665246166,9,4,3.6118986013847785,3.6118986013847785,FALSE,FALSE
comm_7943,9.831899740808154,3.0504614665246166,11,6,8.362417412809322,8.362417412809322,FALSE,FALSE
comm_7944,10.33851186109322,3.0504614665246166,12,3,1.6069853858474974,1.6069853858474976,FALSE,FALSE
comm_7945,8.219709456401059,3.0504614665246166,11,2,5.878635536618349,5.878635536618349,FALSE,FALSE
comm_7946,11.64172104211976,3.0504614665246166,12,5,4.261572068837131,4.261572068837131,FALSE,FALSE
comm_7947,10.368800693470291,3.0504614665246166,10,3,2.958978753540692,2.9589787535406926,FALSE,FALSE
comm_7948,10.006360740155808,3.0504614665246166,9,4,4.096588657065785,4.0965886570657855,FALSE,FALSE
comm_7949,9.854333351,3.0504614665246166,10,3,2.561727882085568,2.5617278820855685,FALSE,FALSE
comm_7950,9.512077383144984,3.0504614665246166,9,6,5.618204979164243,5.618204979164243,FALSE,FALSE
comm_7951,11.36303453361566,3.0504614665246166,9,4,2.9053531326089277,2.9053531326089272,FALSE,FALSE
comm_7952,10.329008703261644,3.0504614665246166,12,6,11.525934166411888,11.52593416641189,FALSE,FALSE
comm_7953,9.436858465316574,3.0504614665246166,10,3,3.7637546185455126,3.763754618545513,FALSE,FALSE
comm_7954,9.164882461495797,3.0504614665246166,11,1,1.4137450770103412,1.4137450770103417,FALSE,FALSE
comm_7955,9.520241841029884,3.0504614665246166,11,4,1.187531649073096,1.187531649073096,FALSE,FALSE
comm_7956,9.266481751,3.0504614665246166,9,1,0.7812208916693383,0.7812208916693383,FALSE,FALSE
comm_7957,11.258138379467528,3.0504614665246166,8,2,2.6163289344920537,2.616328934492054,FALSE,FALSE
comm_7958,11.881935027874308,3.0504614665246166,10,4,4.510239916155726,4.510239916155725,FALSE,FALSE
comm_7959,9.460271654925606,3.0504614665246166,9,4,4.654852238,4.654852238,FALSE,FALSE
comm_7960,10.140340511692438,3.0504614665246166,12,5,4.733725904945221,4.733725904945222,FALSE,FALSE
comm_7961,12.532690802373818,3.0504614665246166,12,5,4.765915969786302,4.765915969786301,FALSE,FALSE
comm_7962,10.219058767769342,3.0504614665246166,9,4,3.6586647289428953,3.658664728942896,FALSE,FALSE
comm_7963,8.531197034095554,3.0504614665246166,9,1,2.4390491678958965,2.439049167895896,FALSE,FALSE
comm_7964,10.869182263626657,3.0504614665246166,10,7,6.577940565052371,6.577940565052371,FALSE,FALSE
comm_7965,10.621148792212145,3.0504614665246166,10,4,3.388622804341958,3.388622804341958,FALSE,FALSE
comm_7966,10.568552044151376,3.0504614665246166,10,4,2.4120766774302775,2.4120766774302775,FALSE,FALSE
comm_7967,9.401657418,3.0504614665246166,8,4,3.9801513703723903,3.9801513703723903,FALSE,FALSE
comm_7968,9.120745184882574,3.0504614665246166,9,2,4.5628440108025945,4.562844010802595,FALSE,FALSE
comm_7969,11.042458300901334,3.0504614665246166,9,3,4.849116178294455,4.849116178294455,FALSE,FALSE
comm_7970,9.384530641218332,3.0504614665246166,10,4,5.229727509886556,5.2297275098865565,FALSE,FALSE
comm_7971,10.79617789298436,3.0504614665246166,8,2,3.656067233708616,3.656067233708616,FALSE,FALSE
comm_7972,10.03933851797521,3.0504614665246166,11,4,2.7430622245252057,2.7430622245252057,FALSE,FALSE
comm_7973,10.046068106042812,3.0504614665246166,9,2,0.4213405284776719,0.4213405284776719,FALSE,FALSE
comm_7974,10.827837921458192,3.0504614665246166,9,3,2.673648022973159,2.6736480229731585,FALSE,FALSE
comm_7975,10.41209834,3.0504614665246166,10,3,3.813047275195976,3.8130472751959767,FALSE,FALSE
comm_7976,11.436641975600937,3.0504614665246166,11,4,3.971822388900256,3.971822388900255,FALSE,FALSE
comm_7977,10.74178755612148,3.0504614665246166,9,2,2.117146535082722,2.117146535082722,FALSE,FALSE
comm_7978,10.789053838983335,3.0504614665246166,12,6,6.986817084748099,6.986817084748099,FALSE,FALSE
comm_7979,10.516307096816588,3.0504614665246166,8,2,1.634940824296223,1.634940824296223,FALSE,FALSE
comm_7980,12.284582577893543,3.0504614665246166,9,2,3.448142311839722,3.4481423118397223,FALSE,FALSE
comm_7981,8.918766714267312,3.0504614665246166,9,2,2.317631465123835,2.317631465123835,FALSE,FALSE
comm_7982,9.858474672,3.0504614665246166,11,4,3.4368574002469323,3.4368574002469336,FALSE,FALSE
comm_7983,10.17613895792794,3.0504614665246166,9,6,6.384256531796058,6.3842565317960585,FALSE,FALSE
comm_7984,11.18546467,3.0504614665246166,10,4,2.8941642685176623,2.8941642685176623,FALSE,FALSE
comm_7985,8.668316286562602,3.0504614665246166,10,3,8.569990873341446,8.569990873341446,FALSE,FALSE
comm_7986,10.750552905185677,3.0504614665246166,10,3,3.028686329779009,3.028686329779009,FALSE,FALSE
comm_7987,12.38778736911426,3.0504614665246166,10,4,3.896030716,3.8960307157011105,FALSE,FALSE
comm_7988,9.434057899,3.0504614665246166,11,5,6.248963580562366,6.248963580562366,FALSE,FALSE
comm_7989,9.890893817,3.0504614665246166,9,2,2.4059751327540635,2.4059751327540626,FALSE,FALSE
comm_7990,12.156259544287195,3.0504614665246166,8,3,2.119853001,2.119853001,FALSE,FALSE
comm_7991,10.333140905309028,3.0504614665246166,8,2,0.7523031959745466,0.7523031959745469,FALSE,FALSE
comm_7992,10.07108673,3.0504614665246166,9,4,7.935146893461308,7.935146893461308,FALSE,FALSE
comm_7993,10.161370769357518,3.0504614665246166,12,2,2.6585393740844916,2.658539374084492,FALSE,FALSE
comm_7994,12.214952063657964,3.0504614665246166,10,5,1.4129666802072405,1.4129666802072405,FALSE,FALSE
comm_7995,12.050391647708228,3.0504614665246166,9,5,2.481991675713202,2.4819916757132026,FALSE,FALSE
comm_7996,9.418869458,3.0504614665246166,8,4,6.437815998259359,6.437815998259359,FALSE,FALSE
comm_7997,11.308352679803232,3.0504614665246166,11,2,1.455590759026156,1.455590759026156,FALSE,FALSE
comm_7998,9.575187614472714,3.0504614665246166,9,3,4.699447249648156,4.6994472496481565,FALSE,FALSE
comm_7999,9.636169956283588,3.0504614665246166,9,5,5.024926590896085,5.024926590896085,FALSE,FALSE
comm_8000,10.595843641961002,3.0504614665246166,11,3,0.5726747745824934,0.5726747745824934,FALSE,FALSE
comm_8001,9.582586095914884,3.0504614665246166,12,5,4.074225944779013,4.074225944779011,FALSE,FALSE
comm_8002,10.001892081602444,3.0504614665246166,9,4,2.5743481676669937,2.5743481676669937,FALSE,FALSE
comm_8003,11.25034773886548,3.0504614665246166,9,4,2.6191410761773097,2.6191410761773097,FALSE,FALSE
comm_8004,10.332900563049751,3.0504614665246166,9,4,6.257897727721559,6.257897728,FALSE,FALSE
comm_8005,10.36938322576441,3.0504614665246166,11,5,5.056387584507106,5.056387584507105,FALSE,FALSE
comm_8006,9.600184403605958,3.0504614665246166,9,3,4.458443453887698,4.458443453887698,FALSE,FALSE
comm_8007,11.455314405723623,3.0504614665246166,9,3,2.5058816132392283,2.5058816132392283,FALSE,FALSE
comm_8008,9.258467840947494,3.0504614665246166,12,6,7.140844818,7.140844817688429,FALSE,FALSE
comm_8009,11.019099502342195,3.0504614665246166,8,4,4.391220273,4.391220273,FALSE,FALSE
comm_8010,11.852409607789452,3.0504614665246166,8,4,3.718713402168942,3.7187134021689414,FALSE,FALSE
comm_8011,10.45755696691017,3.0504614665246166,10,7,7.752196435,7.752196435,FALSE,FALSE
comm_8012,9.114523933688885,3.0504614665246166,12,4,3.786495760288586,3.786495760288585,FALSE,FALSE
comm_8013,10.947692581900968,3.0504614665246166,8,3,4.426977556792868,4.426977556792869,FALSE,FALSE
comm_8014,9.627119557084628,3.0504614665246166,11,4,6.452867938,6.452867938,FALSE,FALSE
comm_8015,10.36237807645296,3.0504614665246166,9,3,6.758348411261904,6.758348411261904,FALSE,FALSE
comm_8016,10.21054992690937,3.0504614665246166,9,5,5.583314782115934,5.583314782115935,FALSE,FALSE
comm_8017,8.830565700714205,3.0504614665246166,9,3,6.920088409,6.920088409397949,FALSE,FALSE
comm_8018,11.49647350621142,3.0504614665246166,12,4,2.1672956059454633,2.167295605945463,FALSE,FALSE
comm_8019,10.279141334425272,3.0504614665246166,12,5,7.4599589810818765,7.459958981081877,FALSE,FALSE
comm_8020,9.129254967299032,3.0504614665246166,9,4,10.920726641822991,10.920726641822991,FALSE,FALSE
comm_8021,10.667697408494124,3.0504614665246166,11,4,2.159526991124916,2.159526991124916,FALSE,FALSE
comm_8022,8.853748384664904,3.0504614665246166,9,3,4.4134482631057645,4.413448263105764,FALSE,FALSE
comm_8023,9.315899899186752,3.0504614665246166,9,2,3.2127455844405115,3.212745584440512,FALSE,FALSE
comm_8024,11.031440814431893,3.0504614665246166,12,7,8.015327198680076,8.015327198680076,FALSE,FALSE
comm_8025,10.519905004886905,3.0504614665246166,9,4,3.4368443928540913,3.4368443928540913,FALSE,FALSE
comm_8026,10.74110991,3.0504614665246166,11,5,4.243727147790657,4.243727147790657,FALSE,FALSE
comm_8027,9.728029647484146,3.0504614665246166,11,2,3.3160957078705886,3.316095707870589,FALSE,FALSE
comm_8028,8.622936909,3.0504614665246166,11,2,3.2614785035062033,3.2614785035062024,FALSE,FALSE
comm_8029,9.988127354016132,3.0504614665246166,12,4,2.217322517535032,2.217322517535032,FALSE,FALSE
comm_8030,11.64979346582396,3.0504614665246166,10,4,2.640418724566854,2.6404187245668536,FALSE,FALSE
comm_8031,11.677566670856992,3.0504614665246166,9,3,2.7727919295539007,2.7727919295539007,FALSE,FALSE
comm_8032,9.796569459235242,3.0504614665246166,9,3,2.6232757404151386,2.623275740415138,FALSE,FALSE
comm_8033,10.42979296700277,3.0504614665246166,11,4,3.2907863797791963,3.2907863797791954,FALSE,FALSE
comm_8034,9.313478609940365,3.0504614665246166,10,5,7.154230093051325,7.154230093051324,FALSE,FALSE
comm_8035,10.23685435794727,3.0504614665246166,11,4,5.3760432016010276,5.376043201601027,FALSE,FALSE
comm_8036,11.292351487673754,3.0504614665246166,11,4,3.5073222091254586,3.507322209125459,FALSE,FALSE
comm_8037,10.10039523137059,3.0504614665246166,9,5,6.8129250520577695,6.812925052057771,FALSE,FALSE
comm_8038,9.531965928802336,3.0504614665246166,9,3,2.0901388344647662,2.0901388344647662,FALSE,FALSE
comm_8039,9.639445269083708,3.0504614665246166,9,4,9.566988825,9.566988825,FALSE,FALSE
comm_8040,10.602346478140516,3.0504614665246166,12,7,6.907977828773307,6.907977828773307,FALSE,FALSE
comm_8041,9.684971015729612,3.0504614665246166,12,3,2.577272445606405,2.5772724456064044,FALSE,FALSE
comm_8042,9.433924287501512,3.0504614665246166,12,4,1.0595194022712278,1.059519402271228,FALSE,FALSE
comm_8043,9.546399365478008,3.0504614665246166,12,5,6.278283790205904,6.278283790205905,FALSE,FALSE
comm_8044,9.683669728362716,3.0504614665246166,11,5,5.264579511,5.264579511,FALSE,FALSE
comm_8045,9.389302704039157,3.0504614665246166,10,4,4.340678682069053,4.340678682069052,FALSE,FALSE
comm_8046,9.516935064480538,3.0504614665246166,10,2,3.915579411486577,3.915579411486577,FALSE,FALSE
comm_8047,9.506746643174942,3.0504614665246166,11,5,5.005506356868498,5.005506356868498,FALSE,FALSE
comm_8048,9.933376873,3.0504614665246166,12,4,2.6940104633718023,2.694010463371802,FALSE,FALSE
comm_8049,11.645857369925167,3.0504614665246166,8,4,4.444735144,4.444735144,FALSE,FALSE
comm_8050,10.392174855869854,3.0504614665246166,12,6,8.006775451329112,8.006775451329112,FALSE,FALSE
comm_8051,9.069684435,3.0504614665246166,12,4,1.6761955914408593,1.6761955914408595,FALSE,FALSE
comm_8052,9.431221482775412,3.0504614665246166,11,7,5.4491053199712605,5.449105319971259,FALSE,FALSE
comm_8053,9.080364702460711,3.0504614665246166,11,3,1.8807231644606728,1.8807231644606723,FALSE,FALSE
comm_8054,9.306823841,3.0504614665246166,12,4,3.023045265,3.023045265,FALSE,FALSE
comm_8055,8.963309383074602,3.0504614665246166,9,4,3.766462158433965,3.766462158433966,FALSE,FALSE
comm_8056,10.329478677380658,3.0504614665246166,11,3,2.235223788249583,2.2352237882495825,FALSE,FALSE
comm_8057,9.292671256465772,3.0504614665246166,9,5,7.040512690175737,7.040512690175738,FALSE,FALSE
comm_8058,9.555937091073163,3.0504614665246166,10,5,6.9207885533084355,6.9207885533084355,FALSE,FALSE
comm_8059,10.676956740645938,3.0504614665246166,8,3,2.691373464619776,2.691373464619776,FALSE,FALSE
comm_8060,8.428577901912764,3.0504614665246166,8,3,2.5842745429680036,2.584274542968004,FALSE,FALSE
comm_8061,9.467958812700134,3.0504614665246166,12,6,4.878729205404239,4.878729205404239,FALSE,FALSE
comm_8062,9.669659756376277,3.0504614665246166,11,6,6.136227110595055,6.136227110595053,FALSE,FALSE
comm_8063,12.26117845340993,3.0504614665246166,11,3,1.6468930448193493,1.646893044819349,FALSE,FALSE
comm_8064,9.518620166909256,3.0504614665246166,8,3,4.513112358,4.513112358,FALSE,FALSE
comm_8065,9.624438530264952,3.0504614665246166,8,2,1.419533412401857,1.4195334124018577,FALSE,FALSE
comm_8066,10.921737760398775,3.0504614665246166,11,3,2.5302836287284367,2.5302836287284367,FALSE,FALSE
comm_8067,10.234464668497973,3.0504614665246166,12,5,3.998131319932406,3.998131319932406,FALSE,FALSE
comm_8068,9.025939267,3.0504614665246166,10,4,8.343412688555489,8.343412688555489,FALSE,FALSE
comm_8069,11.99456193400706,3.0504614665246166,9,6,3.7117232053402343,3.7117232053402343,FALSE,FALSE
comm_8070,10.122801663200788,3.0504614665246166,12,6,2.9934039441616056,2.9934039441616056,FALSE,FALSE
comm_8071,12.574646708275608,3.0504614665246166,8,4,2.945190542536137,2.9451905425361375,FALSE,FALSE
comm_8072,9.102967875,3.0504614665246166,11,4,3.171871631837682,3.171871631837682,FALSE,FALSE
comm_8073,9.440019226434702,3.0504614665246166,8,4,9.724078821555208,9.724078821555205,FALSE,FALSE
comm_8074,11.612633279077274,3.0504614665246166,11,7,2.563955683864832,2.5639556838648323,FALSE,FALSE
comm_8075,10.703584833064896,3.0504614665246166,10,5,3.654828567217102,3.654828567217102,FALSE,FALSE
comm_8076,8.829556508379865,3.0504614665246166,11,4,9.644338663580308,9.644338663580305,FALSE,FALSE
comm_8077,9.720002064703277,3.0504614665246166,11,5,6.275564330433208,6.275564330433208,FALSE,FALSE
comm_8078,10.74787193400077,3.0504614665246166,12,6,7.091491830558149,7.091491830558148,FALSE,FALSE
comm_8079,8.985837704751773,3.0504614665246166,10,4,4.582067688911897,4.582067688911897,FALSE,FALSE
comm_8080,11.00124660182129,3.0504614665246166,10,6,8.868694179657135,8.868694179657135,FALSE,FALSE
comm_8081,9.135242297656664,3.0504614665246166,12,7,5.780060653453733,5.780060653453733,FALSE,FALSE
comm_8082,10.137429110337251,3.0504614665246166,8,4,3.0196650044055406,3.0196650044055415,FALSE,FALSE
comm_8083,9.901804064868058,3.0504614665246166,8,4,6.617398715725127,6.617398715725127,FALSE,FALSE
comm_8084,11.097129417744018,3.0504614665246166,12,7,8.306546713175988,8.306546713175988,FALSE,FALSE
comm_8085,9.267714553586996,3.0504614665246166,11,5,5.587216618144605,5.5872166181446055,FALSE,FALSE
comm_8086,9.861478048,3.0504614665246166,8,4,12.306643692914218,12.306643692914214,FALSE,FALSE
comm_8087,10.21925827719994,3.0504614665246166,9,3,3.3050839246418584,3.3050839246418593,FALSE,FALSE
comm_8088,10.095376100109316,3.0504614665246166,11,6,5.360669837643496,5.360669837643496,FALSE,FALSE
comm_8089,9.68033022,3.0504614665246166,12,4,4.396162368347121,4.396162368,FALSE,FALSE
comm_8090,9.443080492099275,3.0504614665246166,10,3,1.72806014,1.72806014,FALSE,FALSE
comm_8091,9.688237821973866,3.0504614665246166,11,5,3.507770057743738,3.507770057743738,FALSE,FALSE
comm_8092,11.059502845770991,3.0504614665246166,8,2,2.5662290087761255,2.5662290087761255,FALSE,FALSE
comm_8093,9.405779135944936,3.0504614665246166,10,7,6.665758270655672,6.665758270655672,FALSE,FALSE
comm_8094,10.195248459036009,3.0504614665246166,8,4,7.075049189108187,7.075049189108186,FALSE,FALSE
comm_8095,9.792090015,3.0504614665246166,9,4,4.068161649257456,4.068161649257456,FALSE,FALSE
comm_8096,9.792428655344365,3.0504614665246166,12,6,4.392089846756453,4.392089846756453,FALSE,FALSE
comm_8097,11.089922362938584,3.0504614665246166,8,3,5.554295118155245,5.554295118155245,FALSE,FALSE
comm_8098,9.123506304830284,3.0504614665246166,11,6,6.784025795816439,6.784025795816438,FALSE,FALSE
comm_8099,9.762391228,3.0504614665246166,12,4,5.2863359363596185,5.286335936359619,FALSE,FALSE
comm_8100,11.10903679961001,3.0504614665246166,10,5,6.375267532806412,6.375267532806412,FALSE,FALSE
comm_8101,9.978224865416468,3.0504614665246166,10,5,3.082653694088921,3.082653694088921,FALSE,FALSE
comm_8102,11.732583134580976,3.0504614665246166,8,2,2.3220710497436694,2.322071049743669,FALSE,FALSE
comm_8103,11.926972553255382,3.0504614665246166,9,4,5.252362701627749,5.252362702,FALSE,FALSE
comm_8104,10.944349765242473,3.0504614665246166,10,5,3.1404642566946905,3.1404642566946896,FALSE,FALSE
comm_8105,11.107968222744312,3.0504614665246166,8,4,4.108084749121777,4.108084749121777,FALSE,FALSE
comm_8106,10.348570508073983,3.0504614665246166,12,7,6.603670812083273,6.603670812083273,FALSE,FALSE
comm_8107,8.503147485331453,3.0504614665246166,10,6,9.543927846996308,9.543927846996306,FALSE,FALSE
comm_8108,11.056355192095475,3.0504614665246166,11,5,11.40683453798571,11.406834537985707,FALSE,FALSE
comm_8109,9.505827876,3.0504614665246166,12,4,4.843245253755702,4.8432452537557005,FALSE,FALSE
comm_8110,9.452624357319545,3.0504614665246166,9,3,1.760876267569591,1.760876267569591,FALSE,FALSE
comm_8111,12.558489008750604,3.0504614665246166,12,4,4.282246530906555,4.282246530906556,FALSE,FALSE
comm_8112,9.840615226745944,3.0504614665246166,12,6,5.521836142157122,5.521836142157123,FALSE,FALSE
comm_8113,9.628470774431946,3.0504614665246166,12,2,3.553652197404822,3.5536521974048214,FALSE,FALSE
comm_8114,10.25431143951776,3.0504614665246166,9,6,11.503831427360725,11.503831427360725,FALSE,FALSE
comm_8115,11.669899535483047,3.0504614665246166,12,4,4.162513952,4.162513952,FALSE,FALSE
comm_8116,10.027210559166374,3.0504614665246166,9,4,5.182689625847467,5.182689625847468,FALSE,FALSE
comm_8117,10.089356664660151,3.0504614665246166,12,4,2.912670832,2.912670832,FALSE,FALSE
comm_8118,12.17098141256679,3.0504614665246166,8,4,5.566844062311027,5.566844062311026,FALSE,FALSE
comm_8119,12.06097593083843,3.0504614665246166,8,4,3.441576969187639,3.441576969187639,FALSE,FALSE
comm_8120,9.629967080286985,3.0504614665246166,8,2,0.6715224297217741,0.67152243,FALSE,FALSE
comm_8121,8.234412130524506,3.0504614665246166,9,5,8.930135789902163,8.930135789902163,FALSE,FALSE
comm_8122,9.242104810168842,3.0504614665246166,9,3,1.0436942772256306,1.0436942772256304,FALSE,FALSE
comm_8123,11.00777050763702,3.0504614665246166,8,1,1.673514180189496,1.673514180189496,FALSE,FALSE
comm_8124,11.059126707556116,3.0504614665246166,9,5,3.6716323774407726,3.671632377440773,FALSE,FALSE
comm_8125,10.367042636002154,3.0504614665246166,11,4,3.187869211,3.187869211,FALSE,FALSE
comm_8126,9.879996483968728,3.0504614665246166,10,3,2.7389243977280127,2.738924397728013,FALSE,FALSE
comm_8127,10.408424265755436,3.0504614665246166,11,2,4.343703908322379,4.343703908322378,FALSE,FALSE
comm_8128,11.227472359710324,3.0504614665246166,9,3,3.470549685210614,3.4705496852106137,FALSE,FALSE
comm_8129,9.643531387737152,3.0504614665246166,8,3,2.7414819824074357,2.741481982407436,FALSE,FALSE
comm_8130,9.220176373270949,3.0504614665246166,12,5,7.4789067,7.478906700372071,FALSE,FALSE
comm_8131,11.401874370299454,3.0504614665246166,8,4,4.565721183474802,4.565721183474803,FALSE,FALSE
comm_8132,11.14356547186823,3.0504614665246166,11,4,3.378098638,3.378098638,FALSE,FALSE
comm_8133,8.856616446079872,3.0504614665246166,11,3,6.432028826529766,6.432028826529765,FALSE,FALSE
comm_8134,9.552501111675062,3.0504614665246166,9,5,6.006559112,6.006559111648669,FALSE,FALSE
comm_8135,8.837927474,3.0504614665246166,9,4,6.077877143488166,6.077877143488167,FALSE,FALSE
comm_8136,9.273768347,3.0504614665246166,12,6,11.083648061624302,11.08364806,FALSE,FALSE
comm_8137,8.391236955670202,3.0504614665246166,8,2,3.1987615181397886,3.198761518139788,FALSE,FALSE
comm_8138,9.598266301566117,3.0504614665246166,11,3,2.0553152970970197,2.055315297097019,FALSE,FALSE
comm_8139,11.08338833513001,3.0504614665246166,8,3,4.792941375047393,4.792941375047393,FALSE,FALSE
comm_8140,9.270123950105884,3.0504614665246166,10,5,6.277160437684108,6.277160437684108,FALSE,FALSE
comm_8141,10.008371983431504,3.0504614665246166,12,6,7.100659934617752,7.100659934617752,FALSE,FALSE
comm_8142,9.567956536953975,3.0504614665246166,11,5,9.454932623869167,9.454932623869167,FALSE,FALSE
comm_8143,10.592299371607917,3.0504614665246166,9,4,8.389615176618612,8.389615177,FALSE,FALSE
comm_8144,10.413671196206868,3.0504614665246166,11,7,8.988205121528162,8.988205122,FALSE,FALSE
comm_8145,11.102537564811264,3.0504614665246166,10,4,3.842284837088093,3.842284837088092,FALSE,FALSE
comm_8146,11.27854592338705,3.0504614665246166,8,3,2.9012987901855336,2.901298790185533,FALSE,FALSE
comm_8147,10.242368795528426,3.0504614665246166,11,3,2.4371955867395787,2.437195586739579,FALSE,FALSE
comm_8148,8.750156656835559,3.0504614665246166,8,0,0,0,FALSE,FALSE
comm_8149,10.060756227470394,3.0504614665246166,10,2,1.3363681297075438,1.3363681297075438,FALSE,FALSE
comm_8150,11.770401830015016,3.0504614665246166,10,2,1.4736363628367706,1.4736363628367708,FALSE,FALSE
comm_8151,10.69850631564394,3.0504614665246166,9,4,4.917547504420108,4.917547504420107,FALSE,FALSE
comm_8152,9.594842632,3.0504614665246166,8,3,4.248104236583682,4.248104236583682,FALSE,FALSE
comm_8153,10.02634243999568,3.0504614665246166,11,6,5.287535990935832,5.287535990935833,FALSE,FALSE
comm_8154,10.794311035558176,3.0504614665246166,12,5,4.583801088587407,4.583801088587407,FALSE,FALSE
comm_8155,9.110024111817738,3.0504614665246166,9,3,4.695946438,4.695946438104031,FALSE,FALSE
comm_8156,9.494212805696996,3.0504614665246166,9,3,2.482652766312719,2.4826527663127194,FALSE,FALSE
comm_8157,9.468772465542028,3.0504614665246166,12,5,3.7012933352844257,3.7012933352844257,FALSE,FALSE
comm_8158,9.606427035193608,3.0504614665246166,12,5,4.143592057172409,4.143592057172409,FALSE,FALSE
comm_8159,10.035652133199688,3.0504614665246166,11,4,4.121833216259036,4.121833216259036,FALSE,FALSE
comm_8160,10.923741740345598,3.0504614665246166,8,2,1.378716094191248,1.378716094191248,FALSE,FALSE
comm_8161,9.168468788963432,3.0504614665246166,11,5,5.433690653152841,5.433690653152841,FALSE,FALSE
comm_8162,9.552974139701169,3.0504614665246166,10,7,10.463182047987855,10.463182047987855,FALSE,FALSE
comm_8163,10.066097718125258,3.0504614665246166,11,4,5.058400228047173,5.058400228047172,FALSE,FALSE
comm_8164,9.871841625,3.0504614665246166,8,3,4.780030391230848,4.780030391230848,FALSE,FALSE
comm_8165,11.054201430871297,3.0504614665246166,11,4,4.477999318222286,4.477999318222286,FALSE,FALSE
comm_8166,10.873108452823264,3.0504614665246166,10,7,9.561857792314983,9.561857792314983,FALSE,FALSE
comm_8167,8.137311336840307,3.0504614665246166,12,5,2.336285125016016,2.3362851250160155,FALSE,FALSE
comm_8168,10.655393331290218,3.0504614665246166,8,2,2.5200254030013816,2.520025403001382,FALSE,FALSE
comm_8169,8.794996610584622,3.0504614665246166,9,6,12.80114291516484,12.801142915164842,FALSE,FALSE
comm_8170,11.387715734058805,3.0504614665246166,11,4,2.4283646648447563,2.4283646648447563,FALSE,FALSE
comm_8171,10.62558626405492,3.0504614665246166,10,2,2.657929398774775,2.657929398774776,FALSE,FALSE
comm_8172,9.598435783525176,3.0504614665246166,8,3,6.0471066807727905,6.047106681,FALSE,FALSE
comm_8173,8.809156929657268,3.0504614665246166,11,5,4.093302992184916,4.093302992184916,FALSE,FALSE
comm_8174,9.565912048829873,3.0504614665246166,10,5,3.621026361978963,3.621026361978963,FALSE,FALSE
comm_8175,11.001817342019368,3.0504614665246166,8,4,10.312637244976322,10.31263724497632,FALSE,FALSE
comm_8176,10.183724457055613,3.0504614665246166,8,5,7.283929223210312,7.283929223210313,FALSE,FALSE
comm_8177,10.440277636300632,3.0504614665246166,9,2,2.493610960989329,2.493610960989329,FALSE,FALSE
comm_8178,9.417479849183923,3.0504614665246166,10,3,1.5871411993521374,1.5871411993521374,FALSE,FALSE
comm_8179,9.761334963797186,3.0504614665246166,11,4,4.014545658137972,4.014545658137973,FALSE,FALSE
comm_8180,9.532443813124011,3.0504614665246166,10,5,12.065164987149052,12.065164987149055,FALSE,FALSE
comm_8181,12.774663328753894,3.0504614665246166,8,3,1.893892532853143,1.8938925328531433,FALSE,FALSE
comm_8182,10.172944420475735,3.0504614665246166,8,4,5.414975988020984,5.414975988020984,FALSE,FALSE
comm_8183,9.423935174349715,3.0504614665246166,10,3,4.428155033278419,4.428155033278419,FALSE,FALSE
comm_8184,9.382647695777484,3.0504614665246166,11,4,2.5808026943798925,2.5808026943798925,FALSE,FALSE
comm_8185,10.273605585279848,3.0504614665246166,12,4,1.8363949204118608,1.8363949204118608,FALSE,FALSE
comm_8186,12.022863996792198,3.0504614665246166,9,4,4.136631148,4.136631148,FALSE,FALSE
comm_8187,9.9117253,3.0504614665246166,12,5,2.5288506755882105,2.5288506755882114,FALSE,FALSE
comm_8188,11.45938003907169,3.0504614665246166,9,4,1.991955698769148,1.991955698769148,FALSE,FALSE
comm_8189,10.84571093363818,3.0504614665246166,11,3,3.579011651,3.579011651,FALSE,FALSE
comm_8190,8.500623096024277,3.0504614665246166,11,5,6.162257962960583,6.162257962960581,FALSE,FALSE
comm_8191,9.425284934009404,3.0504614665246166,9,3,2.886711538396594,2.8867115383965953,FALSE,FALSE
comm_8192,10.848810660566812,3.0504614665246166,8,4,4.6231182633936365,4.6231182633936365,FALSE,FALSE
comm_8193,9.759111370492604,3.0504614665246166,8,3,4.702432868694874,4.702432868694873,FALSE,FALSE
comm_8194,9.761167548860938,3.0504614665246166,8,2,3.1066114403786473,3.106611440378648,FALSE,FALSE
comm_8195,8.758739631237848,3.0504614665246166,12,5,6.589843416908994,6.589843416908993,FALSE,FALSE
comm_8196,9.842445591,3.0504614665246166,9,4,5.420993494947418,5.420993494947418,FALSE,FALSE
comm_8197,11.271864099429228,3.0504614665246166,8,3,2.3061517875413053,2.3061517875413053,FALSE,FALSE
comm_8198,9.794124655475915,3.0504614665246166,8,2,1.4618677050543152,1.4618677050543152,FALSE,FALSE
comm_8199,10.533468132384078,3.0504614665246166,9,5,6.998444591646795,6.998444591646795,FALSE,FALSE
comm_8200,9.458044347276235,3.0504614665246166,8,3,4.766990752570549,4.766990753,FALSE,FALSE
comm_8201,9.715098549766855,3.0504614665246166,12,2,1.7901922016174328,1.7901922016174328,FALSE,FALSE
comm_8202,11.10784443326004,3.0504614665246166,10,5,7.012506524711104,7.012506524711105,FALSE,FALSE
comm_8203,11.897895731996504,3.0504614665246166,9,1,0.6841920065527285,0.6841920065527285,FALSE,FALSE
comm_8204,9.799656913719598,3.0504614665246166,10,6,7.995501606697994,7.995501606697993,FALSE,FALSE
comm_8205,12.95238548173441,3.0504614665246166,9,4,1.6735903882753127,1.6735903882753127,FALSE,FALSE
comm_8206,8.704524993047764,3.0504614665246166,8,3,6.658372920796007,6.658372920796007,FALSE,FALSE
comm_8207,8.862351965543972,3.0504614665246166,9,5,7.306053418591963,7.306053418591965,FALSE,FALSE
comm_8208,9.936584354545776,3.0504614665246166,12,8,8.145115672486813,8.145115672486812,FALSE,FALSE
comm_8209,10.024124790079478,3.0504614665246166,12,4,5.261178898192355,5.261178898192354,FALSE,FALSE
comm_8210,9.545598438,3.0504614665246166,10,3,2.1703617808857834,2.1703617808857834,FALSE,FALSE
comm_8211,11.393112434449376,3.0504614665246166,9,3,3.087130391887085,3.087130391887085,FALSE,FALSE
comm_8212,9.293390471464289,3.0504614665246166,12,6,4.747449346200739,4.747449346200739,FALSE,FALSE
comm_8213,10.154205408741834,3.0504614665246166,12,7,6.789492361462999,6.789492361462999,FALSE,FALSE
comm_8214,9.58015551,3.0504614665246166,9,3,2.9178578991869477,2.9178578991869486,FALSE,FALSE
comm_8215,8.446659178726707,3.0504614665246166,11,4,3.680130471113227,3.680130471113226,FALSE,FALSE
comm_8216,10.066806238664242,3.0504614665246166,9,4,4.404624367,4.404624367191331,FALSE,FALSE
comm_8217,10.48513974413759,3.0504614665246166,8,2,0.9958436778301454,0.9958436778301454,FALSE,FALSE
comm_8218,9.095768948527766,3.0504614665246166,11,5,6.724644312273334,6.724644312273334,FALSE,FALSE
comm_8219,11.796800862251954,3.0504614665246166,12,5,3.3688789332053135,3.3688789332053126,FALSE,FALSE
comm_8220,9.096092656216548,3.0504614665246166,12,5,4.414425495189403,4.414425495189403,FALSE,FALSE
comm_8221,9.407855163929405,3.0504614665246166,8,3,4.228279483,4.2282794825493895,FALSE,FALSE
comm_8222,11.526350339490245,3.0504614665246166,8,4,5.256018014175645,5.256018014175644,FALSE,FALSE
comm_8223,9.518435683438426,3.0504614665246166,8,3,3.0323189991620407,3.032318999162041,FALSE,FALSE
comm_8224,9.75448646,3.0504614665246166,12,3,1.861877359414796,1.8618773594147964,FALSE,FALSE
comm_8225,9.023405101,3.0504614665246166,12,2,0.5009344240988828,0.5009344240988828,FALSE,FALSE
comm_8226,8.746654371326553,3.0504614665246166,12,5,4.868156498,4.868156498,FALSE,FALSE
comm_8227,9.687228527112898,3.0504614665246166,12,6,9.358244876454416,9.358244876,FALSE,FALSE
comm_8228,8.633886635,3.0504614665246166,11,3,2.564356208,2.564356208,FALSE,FALSE
comm_8229,10.49540496543625,3.0504614665246166,8,4,3.8986443062815064,3.898644306281506,FALSE,FALSE
comm_8230,10.31436359582854,3.0504614665246166,9,4,4.8526296,4.8526296,FALSE,FALSE
comm_8231,9.310719863065843,3.0504614665246166,11,4,2.9249466971299363,2.9249466971299363,FALSE,FALSE
comm_8232,10.233265386255413,3.0504614665246166,12,5,3.753741566551378,3.7537415665513785,FALSE,FALSE
comm_8233,10.333391738931056,3.0504614665246166,10,7,10.110869077131582,10.11086907713158,FALSE,FALSE
comm_8234,10.032766151959544,3.0504614665246166,12,5,2.9206706872297135,2.9206706872297135,FALSE,FALSE
comm_8235,10.241463590121304,3.0504614665246166,10,3,3.607666984404892,3.607666984404892,FALSE,FALSE
comm_8236,12.281627752331602,3.0504614665246166,10,5,3.7305167028345343,3.7305167028345343,FALSE,FALSE
comm_8237,11.367410011311613,3.0504614665246166,10,5,3.370327231322157,3.370327231322158,FALSE,FALSE
comm_8238,9.202050711089276,3.0504614665246166,8,4,8.317516920523225,8.317516920523225,FALSE,FALSE
comm_8239,11.83126053374654,3.0504614665246166,9,4,4.302523183883006,4.302523183883005,FALSE,FALSE
comm_8240,9.201957205360282,3.0504614665246166,10,4,4.825955889073167,4.8259558890731675,FALSE,FALSE
comm_8241,9.980398871638998,3.0504614665246166,10,4,3.9895463437143888,3.989546343714387,FALSE,FALSE
comm_8242,9.970818079405356,3.0504614665246166,11,6,3.871575650504312,3.871575650504312,FALSE,FALSE
comm_8243,9.255484547327288,3.0504614665246166,12,5,5.392075528879371,5.392075528879371,FALSE,FALSE
comm_8244,10.003082205512394,3.0504614665246166,12,4,4.241716611,4.241716611,FALSE,FALSE
comm_8245,9.277332306387816,3.0504614665246166,11,5,3.3121814715275217,3.3121814715275213,FALSE,FALSE
comm_8246,10.917649671995186,3.0504614665246166,12,5,5.386441441351494,5.386441441351492,FALSE,FALSE
comm_8247,9.550871794536596,3.0504614665246166,10,7,15.268311801000763,15.268311801000769,FALSE,FALSE
comm_8248,9.890376642626885,3.0504614665246166,8,5,4.464985322431242,4.464985322431242,FALSE,FALSE
comm_8249,9.384712791,3.0504614665246166,12,5,3.158415616711157,3.158415616711157,FALSE,FALSE
comm_8250,9.623514828597695,3.0504614665246166,11,6,6.188569385040785,6.188569385040784,FALSE,FALSE
comm_8251,10.15454965220078,3.0504614665246166,10,4,4.6768839700180775,4.676883970018078,FALSE,FALSE
comm_8252,9.667552730580695,3.0504614665246166,9,3,3.8755406420805296,3.875540642,FALSE,FALSE
comm_8253,9.701461747450503,3.0504614665246166,10,3,2.4091529209740825,2.4091529209740834,FALSE,FALSE
comm_8254,10.314009305881196,3.0504614665246166,8,3,4.381867253953738,4.381867253953739,FALSE,FALSE
comm_8255,10.37811664307843,3.0504614665246166,10,4,4.295227657918799,4.295227657918799,FALSE,FALSE
comm_8256,8.964372668952372,3.0504614665246166,9,2,0.5020200002651029,0.5020200002651029,FALSE,FALSE
comm_8257,8.923496068411097,3.0504614665246166,11,5,3.660435198906716,3.660435198906717,FALSE,FALSE
comm_8258,9.683299922,3.0504614665246166,12,5,6.302211015151556,6.302211015151557,FALSE,FALSE
comm_8259,10.101547425168102,3.0504614665246166,10,3,4.886041902156565,4.886041902156564,FALSE,FALSE
comm_8260,10.79938927358305,3.0504614665246166,9,3,1.1650201944720118,1.165020194472012,FALSE,FALSE
comm_8261,8.962106379461952,3.0504614665246166,11,6,9.875382320003078,9.87538232,FALSE,FALSE
comm_8262,11.068056416781124,3.0504614665246166,8,1,2.0552028113072107,2.0552028113072103,FALSE,FALSE
comm_8263,8.918447267130079,3.0504614665246166,9,1,1.300251326650712,1.300251326650712,FALSE,FALSE
comm_8264,8.283281086,3.0504614665246166,12,5,5.450756779671485,5.450756779671485,FALSE,FALSE
comm_8265,12.036273407654043,3.0504614665246166,9,3,0.8643067047928332,0.864306705,FALSE,FALSE
comm_8266,11.90285858780306,3.0504614665246166,8,3,3.4282514813725995,3.428251481,FALSE,FALSE
comm_8267,11.66639783208591,3.0504614665246166,10,5,4.158013952647738,4.158013952647737,FALSE,FALSE
comm_8268,9.633462765124444,3.0504614665246166,12,6,8.307970664031641,8.307970664031643,FALSE,FALSE
comm_8269,8.836124870680077,3.0504614665246166,11,4,4.313265097,4.313265097,FALSE,FALSE
comm_8270,10.066199756028585,3.0504614665246166,8,2,4.239778268,4.239778267557112,FALSE,FALSE
comm_8271,9.394523413594948,3.0504614665246166,12,4,4.073293022948938,4.073293022948938,FALSE,FALSE
comm_8272,9.814779468071462,3.0504614665246166,11,2,0.7390539508884314,0.7390539508884313,FALSE,FALSE
comm_8273,8.835076136,3.0504614665246166,8,3,3.3602946474975677,3.3602946474975672,FALSE,FALSE
comm_8274,9.498029837256642,3.0504614665246166,11,5,4.409567052651139,4.409567052651138,FALSE,FALSE
comm_8275,9.038096022,3.0504614665246166,12,5,3.5125831260758904,3.5125831260758904,FALSE,FALSE
comm_8276,13.044356222282929,3.0504614665246166,12,5,4.049207643507911,4.049207644,FALSE,FALSE
comm_8277,9.005524898235247,3.0504614665246166,12,6,5.723200478649696,5.723200478649696,FALSE,FALSE
comm_8278,9.893019237,3.0504614665246166,9,4,6.4287216254301915,6.428721625430191,FALSE,FALSE
comm_8279,9.005462834362769,3.0504614665246166,9,5,3.8468727615501512,3.846872761550151,FALSE,FALSE
comm_8280,8.555778861210152,3.0504614665246166,11,3,4.234705692195489,4.234705692195488,FALSE,FALSE
comm_8281,8.426450240526233,3.0504614665246166,10,5,5.038860135,5.038860134589261,FALSE,FALSE
comm_8282,9.613906349633766,3.0504614665246166,8,3,2.465999487,2.4659994865437698,FALSE,FALSE
comm_8283,12.267767247157671,3.0504614665246166,9,3,5.178833724493219,5.178833724493221,FALSE,FALSE
comm_8284,11.82654513441028,3.0504614665246166,8,3,3.810422272,3.810422272,FALSE,FALSE
comm_8285,9.127022202666843,3.0504614665246166,9,4,2.8952038006198393,2.8952038006198393,FALSE,FALSE
comm_8286,12.24245075743668,3.0504614665246166,8,3,0.7600314722958172,0.7600314722958172,FALSE,FALSE
comm_8287,10.480593807031456,3.0504614665246166,11,4,4.181521800603882,4.181521800603882,FALSE,FALSE
comm_8288,10.441160899504826,3.0504614665246166,12,6,5.3113505717179255,5.311350571717927,FALSE,FALSE
comm_8289,8.322372218,3.0504614665246166,12,5,5.331144015019909,5.331144015019909,FALSE,FALSE
comm_8290,11.474275339505608,3.0504614665246166,10,6,7.0371163604418445,7.0371163604418445,FALSE,FALSE
comm_8291,10.966048243747649,3.0504614665246166,11,6,3.2869501203023854,3.286950120302386,FALSE,FALSE
comm_8292,9.212059672349229,3.0504614665246166,11,6,9.429093122375368,9.429093122375368,FALSE,FALSE
comm_8293,9.815007584,3.0504614665246166,9,5,6.942131689910379,6.942131689910378,FALSE,FALSE
comm_8294,10.830196541820468,3.0504614665246166,10,1,1.5462352927258023,1.546235292725802,FALSE,FALSE
comm_8295,10.41768088761248,3.0504614665246166,10,3,3.766556633152268,3.766556633152268,FALSE,FALSE
comm_8296,10.598428863714688,3.0504614665246166,12,4,0.8856252596516868,0.8856252596516869,FALSE,FALSE
comm_8297,9.893104648825132,3.0504614665246166,12,5,4.908787922182542,4.908787922182541,FALSE,FALSE
comm_8298,9.648436639609908,3.0504614665246166,12,5,11.21777351248967,11.217773512489668,FALSE,FALSE
comm_8299,11.079401792142258,3.0504614665246166,12,5,2.8265545130633507,2.8265545130633503,FALSE,FALSE
comm_8300,9.989586261410931,3.0504614665246166,11,5,5.093719733072401,5.093719733072402,FALSE,FALSE
comm_8301,10.09264850265511,3.0504614665246166,12,6,6.850409164192862,6.850409164192862,FALSE,FALSE
comm_8302,10.133691715748036,3.0504614665246166,10,4,2.1948766926111096,2.1948766926111096,FALSE,FALSE
comm_8303,8.664037930825176,3.0504614665246166,12,3,4.363094316727486,4.363094316727486,FALSE,FALSE
comm_8304,10.280909372061997,3.0504614665246166,10,4,4.259928369535205,4.259928369535205,FALSE,FALSE
comm_8305,9.451955405823965,3.0504614665246166,9,3,7.238100329455077,7.238100329455076,FALSE,FALSE
comm_8306,10.020814585416751,3.0504614665246166,12,3,1.761918616089989,1.761918616089989,FALSE,FALSE
comm_8307,10.38111686133188,3.0504614665246166,12,5,3.9083637619244183,3.9083637619244183,FALSE,FALSE
comm_8308,11.227231516577932,3.0504614665246166,12,3,1.5812162350809642,1.5812162350809642,FALSE,FALSE
comm_8309,10.650247611398122,3.0504614665246166,9,5,6.432154919923141,6.432154919923142,FALSE,FALSE
comm_8310,9.84082693,3.0504614665246166,11,4,5.286246964049918,5.286246964049919,FALSE,FALSE
comm_8311,11.85138600849316,3.0504614665246166,10,4,2.256731673700693,2.256731673700693,FALSE,FALSE
comm_8312,10.458725451474724,3.0504614665246166,12,5,1.8418188526801869,1.8418188526801864,FALSE,FALSE
comm_8313,10.907987900275812,3.0504614665246166,10,4,2.1237925284033548,2.1237925284033548,FALSE,FALSE
comm_8314,9.502198443380712,3.0504614665246166,8,3,3.2548125653758344,3.2548125653758344,FALSE,FALSE
comm_8315,10.288670090360062,3.0504614665246166,10,2,2.927822266957501,2.927822266957502,FALSE,FALSE
comm_8316,10.124038473012504,3.0504614665246166,10,5,5.529949041628112,5.529949041628112,FALSE,FALSE
comm_8317,10.676333142862829,3.0504614665246166,11,3,2.4776074270045547,2.4776074270045543,FALSE,FALSE
comm_8318,10.67411988287149,3.0504614665246166,12,5,3.344069757529127,3.344069757529127,FALSE,FALSE
comm_8319,9.395430606,3.0504614665246166,11,2,3.651628076489571,3.651628076489571,FALSE,FALSE
comm_8320,14.41373725628381,3.0504614665246166,8,5,3.687900755359318,3.687900755359318,FALSE,FALSE
comm_8321,9.803422319878912,3.0504614665246166,11,4,4.960205856510952,4.960205856510952,FALSE,FALSE
comm_8322,9.937560811676995,3.0504614665246166,8,4,4.171256352446359,4.171256352,FALSE,FALSE
comm_8323,9.753057926552088,3.0504614665246166,12,6,5.296480261374707,5.296480261374707,FALSE,FALSE
comm_8324,11.595728728482182,3.0504614665246166,10,7,5.386973689228517,5.386973689228517,FALSE,FALSE
comm_8325,9.373346756965264,3.0504614665246166,12,3,1.7959961745715125,1.7959961745715125,FALSE,FALSE
comm_8326,9.908018584110792,3.0504614665246166,12,6,2.968872904,2.9688729044410302,FALSE,FALSE
comm_8327,10.857715131667137,3.0504614665246166,11,4,3.2822465187456817,3.2822465187456813,FALSE,FALSE
comm_8328,8.887392249,3.0504614665246166,9,4,7.120948143430935,7.120948143430933,FALSE,FALSE
comm_8329,9.701751656862148,3.0504614665246166,12,8,5.455732561808276,5.455732561808276,FALSE,FALSE
comm_8330,10.075546447461267,3.0504614665246166,8,2,1.075114981468699,1.075114981468699,FALSE,FALSE
comm_8331,10.09207408089711,3.0504614665246166,12,6,5.713381381222045,5.713381381222045,FALSE,FALSE
comm_8332,8.814799201,3.0504614665246166,11,4,3.403173520339876,3.403173520339876,FALSE,FALSE
comm_8333,10.770061721261394,3.0504614665246166,8,3,5.230465106663253,5.230465106663254,FALSE,FALSE
comm_8334,9.310895486686018,3.0504614665246166,11,4,6.466707734198706,6.466707734198707,FALSE,FALSE
comm_8335,10.278897537890336,3.0504614665246166,9,4,6.105049913142189,6.105049913142189,FALSE,FALSE
comm_8336,10.13184492391908,3.0504614665246166,10,5,5.323214695240666,5.323214695240667,FALSE,FALSE
comm_8337,10.447804865046429,3.0504614665246166,12,4,3.6016067273439596,3.6016067273439587,FALSE,FALSE
comm_8338,10.328248128657425,3.0504614665246166,11,4,2.2406156462272224,2.2406156462272224,FALSE,FALSE
comm_8339,10.550445136491472,3.0504614665246166,11,6,8.644175619092445,8.644175619092445,FALSE,FALSE
comm_8340,10.514241637536824,3.0504614665246166,9,2,2.031252948543996,2.0312529485439956,FALSE,FALSE
comm_8341,11.504909520369283,3.0504614665246166,12,5,5.941035179687024,5.941035179687025,FALSE,FALSE
comm_8342,9.654091294884369,3.0504614665246166,8,4,4.445952399063223,4.445952399063223,FALSE,FALSE
comm_8343,11.228706267998673,3.0504614665246166,12,7,6.251937017219026,6.251937017219026,FALSE,FALSE
comm_8344,9.276275624,3.0504614665246166,8,4,5.578599589668359,5.578599589668357,FALSE,FALSE
comm_8345,10.078222567188266,3.0504614665246166,10,4,5.3490872523259645,5.349087252325964,FALSE,FALSE
comm_8346,11.330176599933283,3.0504614665246166,8,3,3.193510423,3.1935104227763995,FALSE,FALSE
comm_8347,9.264872454,3.0504614665246166,9,3,2.2844854787382385,2.2844854787382385,FALSE,FALSE
comm_8348,15.96672906265496,3.0504614665246166,8,4,3.464194301377655,3.464194301377655,FALSE,FALSE
comm_8349,11.884135778881385,3.0504614665246166,9,4,3.453734758143299,3.453734758143299,FALSE,FALSE
comm_8350,8.415474496161043,3.0504614665246166,8,4,4.694802967727076,4.6948029677270755,FALSE,FALSE
comm_8351,10.498594730744705,3.0504614665246166,12,6,4.855135081728848,4.855135081728848,FALSE,FALSE
comm_8352,8.927243935,3.0504614665246166,9,2,4.602242488733239,4.602242489,FALSE,FALSE
comm_8353,9.667741523018108,3.0504614665246166,12,4,8.796594113720722,8.796594113720722,FALSE,FALSE
comm_8354,10.687688011404358,3.0504614665246166,11,4,2.1023377845527613,2.102337784552762,FALSE,FALSE
comm_8355,9.109965657448663,3.0504614665246166,10,6,8.689803770507027,8.689803770507028,FALSE,FALSE
comm_8356,10.24482881561487,3.0504614665246166,10,4,4.443302017558474,4.443302017558474,FALSE,FALSE
comm_8357,9.192299888520523,3.0504614665246166,12,6,4.3540788258000145,4.354078825800014,FALSE,FALSE
comm_8358,9.31192206,3.0504614665246166,11,3,9.017420971124531,9.017420971124537,FALSE,FALSE
comm_8359,9.255444201406169,3.0504614665246166,12,6,8.647456766,8.647456766,FALSE,FALSE
comm_8360,9.947089631123362,3.0504614665246166,10,3,2.8973689585652984,2.8973689585652984,FALSE,FALSE
comm_8361,9.511970986,3.0504614665246166,8,4,3.5697982722071133,3.569798272207113,FALSE,FALSE
comm_8362,13.026486756111826,3.0504614665246166,8,4,3.065558371331141,3.0655583713311416,FALSE,FALSE
comm_8363,9.436287502,3.0504614665246166,10,4,5.358341923251806,5.358341923251805,FALSE,FALSE
comm_8364,8.526772094212014,3.0504614665246166,9,4,5.869526065699651,5.869526065699652,FALSE,FALSE
comm_8365,9.971133539244834,3.0504614665246166,9,3,3.218110693053255,3.218110693053256,FALSE,FALSE
comm_8366,9.504010774,3.0504614665246166,10,3,0.9887845821103006,0.9887845821103004,FALSE,FALSE
comm_8367,11.418462056521676,3.0504614665246166,9,3,3.265883147113365,3.2658831471133656,FALSE,FALSE
comm_8368,9.401269287,3.0504614665246166,11,2,1.812508674231179,1.812508674231179,FALSE,FALSE
comm_8369,9.994098082,3.0504614665246166,11,3,0.8475027753390312,0.8475027753390314,FALSE,FALSE
comm_8370,11.664754317900613,3.0504614665246166,9,3,4.081663903557979,4.0816639035579785,FALSE,FALSE
comm_8371,9.499983720985476,3.0504614665246166,12,4,3.2388422001834085,3.238842200183408,FALSE,FALSE
comm_8372,9.680974469437508,3.0504614665246166,11,4,2.289759472266317,2.289759472266317,FALSE,FALSE
comm_8373,9.534744584,3.0504614665246166,11,4,8.274898697275763,8.274898697275763,FALSE,FALSE
comm_8374,9.856592647756626,3.0504614665246166,10,7,7.733346813,7.733346812562091,FALSE,FALSE
comm_8375,10.26279937180567,3.0504614665246166,8,3,3.369773219475827,3.3697732194758268,FALSE,FALSE
comm_8376,9.208547169275866,3.0504614665246166,10,3,11.029117732169045,11.029117732169045,FALSE,FALSE
comm_8377,12.290040573507875,3.0504614665246166,11,5,5.351922173237779,5.351922173237777,FALSE,FALSE
comm_8378,10.177738565915211,3.0504614665246166,11,7,5.459921772,5.459921772417659,FALSE,FALSE
comm_8379,9.436525004281224,3.0504614665246166,9,5,6.102300282505486,6.102300282505486,FALSE,FALSE
comm_8380,10.22832175860079,3.0504614665246166,11,7,6.926527195117057,6.926527195117057,FALSE,FALSE
comm_8381,11.529230522426358,3.0504614665246166,9,2,0.683030632,0.6830306316581939,FALSE,FALSE
comm_8382,10.96385263790074,3.0504614665246166,9,4,4.094536983118977,4.094536983118977,FALSE,FALSE
comm_8383,12.12369406212625,3.0504614665246166,11,6,3.9229530706412032,3.922953070641203,FALSE,FALSE
comm_8384,11.53944183,3.0504614665246166,9,4,2.454305219508935,2.454305219508935,FALSE,FALSE
comm_8385,10.00768716,3.0504614665246166,9,4,2.7504237513803487,2.7504237513803496,FALSE,FALSE
comm_8386,9.43641521,3.0504614665246166,12,4,2.7539620127483153,2.753962012748316,FALSE,FALSE
comm_8387,11.272038271046846,3.0504614665246166,12,4,3.448127612435722,3.448127612435721,FALSE,FALSE
comm_8388,10.477885287144154,3.0504614665246166,9,1,2.1016350715551866,2.1016350715551866,FALSE,FALSE
comm_8389,9.161929781102176,3.0504614665246166,12,5,5.401816006480147,5.401816006480147,FALSE,FALSE
comm_8390,9.485157940729309,3.0504614665246166,11,4,3.3535731052300464,3.3535731052300464,FALSE,FALSE
comm_8391,9.183663770279669,3.0504614665246166,9,3,4.195268325746681,4.195268325746681,FALSE,FALSE
comm_8392,9.094341457563822,3.0504614665246166,10,4,7.020732757989952,7.020732757989951,FALSE,FALSE
comm_8393,10.479639625592997,3.0504614665246166,8,2,2.144361218390972,2.144361218390972,FALSE,FALSE
comm_8394,13.339999561068325,3.0504614665246166,9,3,0.9587979843418508,0.9587979843418508,FALSE,FALSE
comm_8395,11.74808667681945,3.0504614665246166,10,6,4.560477765736906,4.560477765736907,FALSE,FALSE
comm_8396,9.681884468474165,3.0504614665246166,12,7,7.030639864369977,7.030639864369977,FALSE,FALSE
comm_8397,8.978398300521627,3.0504614665246166,8,3,3.813247069568495,3.813247069568494,FALSE,FALSE
comm_8398,11.37773122214017,3.0504614665246166,8,3,2.6728067270836147,2.6728067270836147,FALSE,FALSE
comm_8399,8.400093476887564,3.0504614665246166,12,6,6.057756868152422,6.057756868152421,FALSE,FALSE
comm_8400,10.260341320304263,3.0504614665246166,11,5,3.5885942724749635,3.588594272474963,FALSE,FALSE
comm_8401,9.009164482784028,3.0504614665246166,8,5,12.622264281192464,12.622264281192464,FALSE,FALSE
comm_8402,10.739082202621864,3.0504614665246166,9,3,1.5531706449260008,1.5531706449260008,FALSE,FALSE
comm_8403,9.827258576,3.0504614665246166,12,3,7.030779558383305,7.030779558383305,FALSE,FALSE
comm_8404,10.156802431036128,3.0504614665246166,10,2,0.7378393216875534,0.7378393216875533,FALSE,FALSE
comm_8405,12.57103366521972,3.0504614665246166,9,2,2.0020082350655746,2.0020082350655746,FALSE,FALSE
comm_8406,9.534881030873033,3.0504614665246166,12,4,6.059054258603984,6.059054258603983,FALSE,FALSE
comm_8407,11.15801014685814,3.0504614665246166,9,4,2.525775003428702,2.525775003428703,FALSE,FALSE
comm_8408,8.972175223699852,3.0504614665246166,10,2,3.748866485457337,3.748866485457337,FALSE,FALSE
comm_8409,8.959580335,3.0504614665246166,9,3,2.6393075147170375,2.6393075147170375,FALSE,FALSE
comm_8410,12.47158915536077,3.0504614665246166,9,4,2.661866247427775,2.6618662474277746,FALSE,FALSE
comm_8411,9.493626933499009,3.0504614665246166,12,9,9.763974338010462,9.763974338010462,FALSE,FALSE
comm_8412,11.129753641398135,3.0504614665246166,9,2,2.2186087822280984,2.2186087822280984,FALSE,FALSE
comm_8413,10.032874438215806,3.0504614665246166,9,3,3.3179564350499477,3.3179564350499473,FALSE,FALSE
comm_8414,10.183873518387522,3.0504614665246166,8,4,6.804482819,6.804482819016239,FALSE,FALSE
comm_8415,9.529757466952743,3.0504614665246166,8,4,5.4058750805319224,5.405875080531923,FALSE,FALSE
comm_8416,9.804744436449385,3.0504614665246166,8,4,6.3128808702627826,6.3128808702627826,FALSE,FALSE
comm_8417,10.53386130542213,3.0504614665246166,12,3,3.533503974945459,3.533503974945459,FALSE,FALSE
comm_8418,9.628612356751798,3.0504614665246166,10,5,5.590349125,5.590349125425439,FALSE,FALSE
comm_8419,9.216828148309764,3.0504614665246166,12,5,4.395104831742771,4.395104831742771,FALSE,FALSE
comm_8420,9.861712218,3.0504614665246166,12,5,3.2102115963345357,3.210211596334537,FALSE,FALSE
comm_8421,9.719146234252312,3.0504614665246166,8,4,2.6407641310238477,2.6407641310238477,FALSE,FALSE
comm_8422,10.354260666722997,3.0504614665246166,8,4,7.472241365,7.472241365383111,FALSE,FALSE
comm_8423,11.169943502083408,3.0504614665246166,9,2,1.8503324024661811,1.8503324024661811,FALSE,FALSE
comm_8424,9.445259830836727,3.0504614665246166,10,6,7.187621358155249,7.187621358155248,FALSE,FALSE
comm_8425,9.389508830290437,3.0504614665246166,8,5,8.132179781,8.132179781,FALSE,FALSE
comm_8426,9.595726795,3.0504614665246166,12,6,5.870845339874516,5.870845339874517,FALSE,FALSE
comm_8427,11.198852111336588,3.0504614665246166,11,3,4.133876387525499,4.133876387525498,FALSE,FALSE
comm_8428,10.23131486250214,3.0504614665246166,12,4,4.573062386413856,4.573062386413857,FALSE,FALSE
comm_8429,8.415951011,3.0504614665246166,9,5,8.263263413319377,8.263263413319375,FALSE,FALSE
comm_8430,10.963288638434038,3.0504614665246166,8,2,4.239749192875545,4.239749192875544,FALSE,FALSE
comm_8431,10.174961404746552,3.0504614665246166,12,6,4.033129669182202,4.033129669182201,FALSE,FALSE
comm_8432,9.871579527691814,3.0504614665246166,9,5,5.829859383705659,5.829859383705659,FALSE,FALSE
comm_8433,11.352844334263022,3.0504614665246166,8,3,4.748008316155083,4.748008316155084,FALSE,FALSE
comm_8434,9.514044596016252,3.0504614665246166,10,4,3.960131287599088,3.960131287599088,FALSE,FALSE
comm_8435,9.739457049268587,3.0504614665246166,10,5,4.138211704,4.138211704,FALSE,FALSE
comm_8436,9.322501206,3.0504614665246166,11,4,9.429927721,9.429927721,FALSE,FALSE
comm_8437,8.192623949031002,3.0504614665246166,8,3,5.563644592091795,5.563644592091794,FALSE,FALSE
comm_8438,10.095793517822004,3.0504614665246166,8,3,6.638970258196567,6.638970258196566,FALSE,FALSE
comm_8439,8.567953129206105,3.0504614665246166,10,3,2.150556413949446,2.150556413949446,FALSE,FALSE
comm_8440,9.738315674761806,3.0504614665246166,11,4,3.252837272497026,3.252837272497026,FALSE,FALSE
comm_8441,9.015806652187468,3.0504614665246166,9,5,7.9974430210636465,7.997443021063647,FALSE,FALSE
comm_8442,10.115639871098884,3.0504614665246166,9,3,2.412085968836369,2.412085968836369,FALSE,FALSE
comm_8443,12.387458320638348,3.0504614665246166,8,3,2.1657610473673787,2.165761047367379,FALSE,FALSE
comm_8444,10.589942323598835,3.0504614665246166,11,5,3.707922258548102,3.707922258548101,FALSE,FALSE
comm_8445,8.847055380749381,3.0504614665246166,10,5,3.538805452397012,3.5388054523970114,FALSE,FALSE
comm_8446,8.161458290055887,3.0504614665246166,8,3,5.972839138538109,5.972839138538109,FALSE,FALSE
comm_8447,9.440292768277493,3.0504614665246166,10,1,2.921579465980711,2.9215794659807104,FALSE,FALSE
comm_8448,9.241525574,3.0504614665246166,11,4,3.9798309457364898,3.979830946,FALSE,FALSE
comm_8449,10.12262333750926,3.0504614665246166,10,3,5.173160544654028,5.173160544654028,FALSE,FALSE
comm_8450,11.14471456514434,3.0504614665246166,10,3,1.3233375699947656,1.3233375699947658,FALSE,FALSE
comm_8451,10.750986889499789,3.0504614665246166,10,2,0.6687848581136222,0.6687848581136223,FALSE,FALSE
comm_8452,9.434241550088004,3.0504614665246166,10,2,1.808012835129462,1.8080128351294624,FALSE,FALSE
comm_8453,9.072952443,3.0504614665246166,10,2,1.0597045596557906,1.0597045596557904,FALSE,FALSE
comm_8454,8.527701216,3.0504614665246166,10,2,1.8201465853480228,1.8201465853480228,FALSE,FALSE
comm_8455,10.426992635877506,3.0504614665246166,9,3,3.617942006598056,3.617942006598056,FALSE,FALSE
comm_8456,9.815342646,3.0504614665246166,8,4,5.065660272006089,5.065660272006088,FALSE,FALSE
comm_8457,9.378704220153608,3.0504614665246166,10,2,0.6219164260628317,0.6219164260628317,FALSE,FALSE
comm_8458,12.24643571813585,3.0504614665246166,10,4,2.1507578703499015,2.150757870349902,FALSE,FALSE
comm_8459,10.26272048514192,3.0504614665246166,8,3,3.3118817524446253,3.311881752444625,FALSE,FALSE
comm_8460,11.152542061104183,3.0504614665246166,8,3,2.564242895196017,2.564242895196017,FALSE,FALSE
comm_8461,12.204827761411464,3.0504614665246166,11,4,2.5190802420124725,2.519080242012472,FALSE,FALSE
comm_8462,9.246092067879571,3.0504614665246166,12,4,6.0498503209378605,6.049850320937861,FALSE,FALSE
comm_8463,9.745745951221933,3.0504614665246166,12,5,4.342532329115834,4.3425323291158335,FALSE,FALSE
comm_8464,9.579492560110555,3.0504614665246166,10,5,5.891728014,5.891728014,FALSE,FALSE
comm_8465,10.465535685243088,3.0504614665246166,11,4,4.807507503318365,4.807507503318365,FALSE,FALSE
comm_8466,9.631546842,3.0504614665246166,11,5,5.323907945408296,5.323907945408296,FALSE,FALSE
comm_8467,11.43243938885904,3.0504614665246166,8,3,1.3248836026052504,1.3248836026052504,FALSE,FALSE
comm_8468,10.532050137453274,3.0504614665246166,9,4,6.362360167135847,6.362360167135848,FALSE,FALSE
comm_8469,10.662875416338585,3.0504614665246166,11,2,1.3778409070225208,1.3778409070225206,FALSE,FALSE
comm_8470,10.525753740316672,3.0504614665246166,12,5,1.3020899668092865,1.302089966809287,FALSE,FALSE
comm_8471,9.643611084979332,3.0504614665246166,8,5,4.670055823,4.6700558225942395,FALSE,FALSE
comm_8472,10.763242349020066,3.0504614665246166,8,3,4.035142267960418,4.035142267960418,FALSE,FALSE
comm_8473,9.843761170877473,3.0504614665246166,11,5,3.7516488328296056,3.7516488328296056,FALSE,FALSE
comm_8474,9.551133448843965,3.0504614665246166,10,4,3.3770437243911053,3.377043724391106,FALSE,FALSE
comm_8475,11.26154141061135,3.0504614665246166,8,4,3.664916870463681,3.664916870463681,FALSE,FALSE
comm_8476,11.328858670724596,3.0504614665246166,9,4,4.729877448448148,4.729877448448149,FALSE,FALSE
comm_8477,8.82541139,3.0504614665246166,10,5,2.760031211818485,2.7600312118184847,FALSE,FALSE
comm_8478,12.33492109957929,3.0504614665246166,11,4,0.7213971311000072,0.7213971311000074,FALSE,FALSE
comm_8479,10.093524749393078,3.0504614665246166,9,4,5.727636174367152,5.727636174367151,FALSE,FALSE
comm_8480,11.732173305737458,3.0504614665246166,10,3,2.403694694387382,2.4036946943873825,FALSE,FALSE
comm_8481,9.149147732498909,3.0504614665246166,9,4,6.337496366241432,6.337496366241433,FALSE,FALSE
comm_8482,11.188279149282788,3.0504614665246166,11,3,5.0873666739236345,5.087366673923634,FALSE,FALSE
comm_8483,11.038598759787096,3.0504614665246166,12,7,6.695368593027133,6.695368593027133,FALSE,FALSE
comm_8484,9.581078136382658,3.0504614665246166,12,8,8.539891780857108,8.539891780857108,FALSE,FALSE
comm_8485,9.246825484474597,3.0504614665246166,11,4,3.746121896243177,3.746121896243177,FALSE,FALSE
comm_8486,9.900023586399934,3.0504614665246166,12,4,4.487840087743001,4.487840088,FALSE,FALSE
comm_8487,10.20544988767001,3.0504614665246166,11,4,2.306735643832087,2.306735643832087,FALSE,FALSE
comm_8488,10.946444253837376,3.0504614665246166,9,6,3.498927180825393,3.498927180825393,FALSE,FALSE
comm_8489,9.466995065048724,3.0504614665246166,12,6,6.073421775487219,6.073421775487218,FALSE,FALSE
comm_8490,9.953771857123138,3.0504614665246166,9,5,4.5658751807668025,4.5658751807668025,FALSE,FALSE
comm_8491,9.720075531,3.0504614665246166,9,3,4.321619936343767,4.321619936343766,FALSE,FALSE
comm_8492,10.929203539716012,3.0504614665246166,8,3,3.663037886520998,3.6630378865209976,FALSE,FALSE
comm_8493,9.969879225516262,3.0504614665246166,9,3,4.880720912062597,4.880720912062597,FALSE,FALSE
comm_8494,10.53440503382001,3.0504614665246166,10,4,4.749627369375259,4.749627369375259,FALSE,FALSE
comm_8495,8.912103849413112,3.0504614665246166,11,4,5.409262437132346,5.409262437132346,FALSE,FALSE
comm_8496,8.361856738045894,3.0504614665246166,10,2,2.628011879892574,2.628011879892574,FALSE,FALSE
comm_8497,13.242300522597509,3.0504614665246166,12,4,3.2240625312331415,3.224062531233141,FALSE,FALSE
comm_8498,10.16121437850856,3.0504614665246166,11,6,5.721528246418408,5.721528246418408,FALSE,FALSE
comm_8499,11.704921291183274,3.0504614665246166,8,3,4.039940238475245,4.039940238475245,FALSE,FALSE
comm_8500,11.393777829715695,3.0504614665246166,12,5,4.813478929197977,4.813478929197977,FALSE,FALSE
comm_8501,11.808165206501023,3.0504614665246166,12,5,4.1195209950107525,4.1195209950107525,FALSE,FALSE
comm_8502,10.43361108448219,3.0504614665246166,8,1,2.2757745874766444,2.275774587476645,FALSE,FALSE
comm_8503,10.814798086298111,3.0504614665246166,8,2,1.7057476983923945,1.7057476983923936,FALSE,FALSE
comm_8504,9.895500545007812,3.0504614665246166,8,4,3.1335759813417097,3.133575981,FALSE,FALSE
comm_8505,11.418480227969606,3.0504614665246166,9,4,5.354655388997535,5.354655388997536,FALSE,FALSE
comm_8506,9.726666182975082,3.0504614665246166,12,6,5.189518855307581,5.189518855307581,FALSE,FALSE
comm_8507,8.500410751591634,3.0504614665246166,10,4,5.03647403,5.03647403,FALSE,FALSE
comm_8508,12.449595064509664,3.0504614665246166,9,2,0.8585399569348274,0.8585399569348274,FALSE,FALSE
comm_8509,9.497194841817397,3.0504614665246166,11,3,2.402879085284369,2.402879085284369,FALSE,FALSE
comm_8510,8.823973546,3.0504614665246166,12,6,9.785015918722884,9.785015918722882,FALSE,FALSE
comm_8511,9.105814285,3.0504614665246166,11,5,4.263451520941247,4.263451520941247,FALSE,FALSE
comm_8512,9.791638845496438,3.0504614665246166,11,6,6.525169775872599,6.525169775872598,FALSE,FALSE
comm_8513,10.434548229633451,3.0504614665246166,12,5,5.437066241029674,5.437066241029674,FALSE,FALSE
comm_8514,8.566315816304146,3.0504614665246166,12,4,9.842113805102786,9.842113805102786,FALSE,FALSE
comm_8515,10.640228146580418,3.0504614665246166,9,4,2.822974130146582,2.8229741301465823,FALSE,FALSE
comm_8516,9.691158977094563,3.0504614665246166,11,5,5.259994857848751,5.259994857848751,FALSE,FALSE
comm_8517,10.098274692560969,3.0504614665246166,9,2,2.8544157403830424,2.8544157403830424,FALSE,FALSE
comm_8518,11.208067423820744,3.0504614665246166,10,3,2.190757338984731,2.1907573389847306,FALSE,FALSE
comm_8519,9.54272246,3.0504614665246166,12,7,4.847426228483093,4.847426228483093,FALSE,FALSE
comm_8520,10.360782048052362,3.0504614665246166,11,5,4.758891889859989,4.758891889859989,FALSE,FALSE
comm_8521,9.760406920954328,3.0504614665246166,11,4,7.426135264647686,7.426135264647687,FALSE,FALSE
comm_8522,10.326580456004915,3.0504614665246166,10,4,3.5398110510250858,3.5398110510250858,FALSE,FALSE
comm_8523,10.230450253902514,3.0504614665246166,11,4,6.039872698,6.039872698292581,FALSE,FALSE
comm_8524,9.361029541134252,3.0504614665246166,10,5,5.768771828393277,5.768771828393276,FALSE,FALSE
comm_8525,9.307330826572986,3.0504614665246166,9,3,6.077788199287927,6.077788199287927,FALSE,FALSE
comm_8526,9.246310393261377,3.0504614665246166,10,5,5.658933139042086,5.658933139042084,FALSE,FALSE
comm_8527,9.980218161397922,3.0504614665246166,11,5,4.338308592554822,4.338308592554823,FALSE,FALSE
comm_8528,9.572941369122985,3.0504614665246166,12,4,2.5425848785657954,2.5425848785657954,FALSE,FALSE
comm_8529,9.806312043954442,3.0504614665246166,10,2,2.595110769536991,2.5951107695369915,FALSE,FALSE
comm_8530,11.366338359777805,3.0504614665246166,8,4,6.512651151255388,6.5126511512553895,FALSE,FALSE
comm_8531,11.457081165444997,3.0504614665246166,11,3,2.582462457918947,2.582462457918947,FALSE,FALSE
comm_8532,11.305167624101616,3.0504614665246166,8,4,5.89749134,5.8974913397504505,FALSE,FALSE
comm_8533,11.078663051296065,3.0504614665246166,10,4,5.733806137866376,5.733806137866376,FALSE,FALSE
comm_8534,10.38735248230168,3.0504614665246166,9,3,4.395489277644745,4.395489277644746,FALSE,FALSE
comm_8535,9.242952163,3.0504614665246166,10,4,5.062983245290622,5.0629832452906225,FALSE,FALSE
comm_8536,10.34827549246175,3.0504614665246166,8,4,2.412875262334742,2.412875262334741,FALSE,FALSE
comm_8537,11.94656382022336,3.0504614665246166,9,5,5.8147810046790305,5.814781004679031,FALSE,FALSE
comm_8538,8.348130728401847,3.0504614665246166,10,4,6.571472933234202,6.571472933234202,FALSE,FALSE
comm_8539,9.711041541387235,3.0504614665246166,9,3,2.352724974105304,2.3527249741053047,FALSE,FALSE
comm_8540,9.645219461439666,3.0504614665246166,10,5,7.152361461043503,7.152361461043505,FALSE,FALSE
comm_8541,9.485071936659926,3.0504614665246166,11,2,3.0221739762296447,3.022173976229645,FALSE,FALSE
comm_8542,10.733332642896867,3.0504614665246166,10,4,2.6995767329752516,2.6995767329752507,FALSE,FALSE
comm_8543,9.581390440458836,3.0504614665246166,10,4,6.398645817373412,6.398645817373412,FALSE,FALSE
comm_8544,10.411441432484324,3.0504614665246166,10,3,2.699252400895519,2.699252400895519,FALSE,FALSE
comm_8545,9.644224411389418,3.0504614665246166,8,4,3.784022395,3.784022395,FALSE,FALSE
comm_8546,9.838432184169957,3.0504614665246166,11,5,5.413085252643913,5.413085252643912,FALSE,FALSE
comm_8547,11.54115298384453,3.0504614665246166,8,4,4.509796439327019,4.509796439327018,FALSE,FALSE
comm_8548,11.414392151430112,3.0504614665246166,10,2,0.5258262299347946,0.5258262299347944,FALSE,FALSE
comm_8549,9.946971942781229,3.0504614665246166,8,3,4.648116627116453,4.648116627116452,FALSE,FALSE
comm_8550,10.872369223966526,3.0504614665246166,11,3,1.2381755505093828,1.2381755505093828,FALSE,FALSE
comm_8551,10.63729762907922,3.0504614665246166,9,2,3.307696866654586,3.307696866654586,FALSE,FALSE
comm_8552,10.319128173882456,3.0504614665246166,12,5,3.6843727973617297,3.684372797,FALSE,FALSE
comm_8553,8.996241095292918,3.0504614665246166,10,3,2.0253443340918316,2.0253443340918316,FALSE,FALSE
comm_8554,9.563333980114578,3.0504614665246166,8,3,3.110081266781908,3.1100812667819087,FALSE,FALSE
comm_8555,9.960241503380292,3.0504614665246166,10,4,6.2220156442993835,6.222015644299384,FALSE,FALSE
comm_8556,8.995184356326284,3.0504614665246166,9,5,7.757888505423297,7.757888505423299,FALSE,FALSE
comm_8557,11.408781757366564,3.0504614665246166,9,4,2.8162165694245553,2.8162165694245553,FALSE,FALSE
comm_8558,10.72569755723532,3.0504614665246166,9,3,3.160147328860785,3.1601473288607846,FALSE,FALSE
comm_8559,9.966817969066422,3.0504614665246166,11,4,2.414808331,2.414808331,FALSE,FALSE
comm_8560,13.038219052633927,3.0504614665246166,9,4,1.6331346672995226,1.6331346672995226,FALSE,FALSE
comm_8561,11.331605124713697,3.0504614665246166,11,6,4.5987391125167685,4.5987391125167685,FALSE,FALSE
comm_8562,10.230943226361603,3.0504614665246166,11,3,4.369826627668672,4.369826627668673,FALSE,FALSE
comm_8563,10.855667591489553,3.0504614665246166,12,5,3.607121935962379,3.607121935962379,FALSE,FALSE
comm_8564,10.359110474675722,3.0504614665246166,11,2,1.8987334538339489,1.8987334538339484,FALSE,FALSE
comm_8565,9.492024521,3.0504614665246166,8,2,1.5828497090670557,1.5828497090670557,FALSE,FALSE
comm_8566,9.194267053988716,3.0504614665246166,8,2,1.1766080316590375,1.1766080316590373,FALSE,FALSE
comm_8567,10.332003510364736,3.0504614665246166,12,7,10.629907758840634,10.629907758840634,FALSE,FALSE
comm_8568,9.828084827687231,3.0504614665246166,10,6,5.420564444922753,5.4205644449227535,FALSE,FALSE
comm_8569,9.380385328053505,3.0504614665246166,12,7,7.764662272120244,7.764662272120244,FALSE,FALSE
comm_8570,10.580168621142246,3.0504614665246166,8,3,6.965829850617878,6.965829850617878,FALSE,FALSE
comm_8571,9.421916456123094,3.0504614665246166,8,4,6.445561789425058,6.445561789,FALSE,FALSE
comm_8572,9.712163875231564,3.0504614665246166,12,3,4.214090990284677,4.214090990284676,FALSE,FALSE
comm_8573,14.758911155786176,3.0504614665246166,9,3,0.5029858805748839,0.5029858805748839,FALSE,FALSE
comm_8574,12.052769428024074,3.0504614665246166,12,5,6.2762471487414695,6.276247149,FALSE,FALSE
comm_8575,9.996885082722985,3.0504614665246166,12,6,7.010419477064293,7.010419477064294,FALSE,FALSE
comm_8576,8.984808292,3.0504614665246166,8,1,0.5975211728195423,0.5975211728195423,FALSE,FALSE
comm_8577,9.923248025233482,3.0504614665246166,8,2,1.436735474306996,1.4367354743069958,FALSE,FALSE
comm_8578,10.269710966253832,3.0504614665246166,10,3,4.924155929987485,4.924155929987486,FALSE,FALSE
comm_8579,8.655975172055184,3.0504614665246166,12,6,6.553942516442362,6.553942516442362,FALSE,FALSE
comm_8580,8.429118925215825,3.0504614665246166,8,2,2.032014419508745,2.0320144195087453,FALSE,FALSE
comm_8581,9.761708352925703,3.0504614665246166,8,2,1.6970676130853082,1.6970676130853082,FALSE,FALSE
comm_8582,10.04294564,3.0504614665246166,8,3,2.4615280121373466,2.4615280121373466,FALSE,FALSE
comm_8583,9.252536504431555,3.0504614665246166,11,3,2.523668872216093,2.523668872216093,FALSE,FALSE
comm_8584,11.20584854,3.0504614665246166,9,4,4.938600228364875,4.9386002283648756,FALSE,FALSE
comm_8585,10.00941114593866,3.0504614665246166,11,3,1.5932904466391815,1.5932904466391813,FALSE,FALSE
comm_8586,10.412940906931624,3.0504614665246166,11,4,4.714835170445923,4.714835170445923,FALSE,FALSE
comm_8587,8.862561677426028,3.0504614665246166,10,5,9.150994137967023,9.150994137967022,FALSE,FALSE
comm_8588,8.484332882608769,3.0504614665246166,11,4,10.516864862265844,10.516864862265844,FALSE,FALSE
comm_8589,9.095934424,3.0504614665246166,11,4,9.716542096886556,9.716542097,FALSE,FALSE
comm_8590,9.194722477222388,3.0504614665246166,10,2,2.2503174557424694,2.2503174557424694,FALSE,FALSE
comm_8591,11.779327468283732,3.0504614665246166,9,4,3.3691110532891964,3.3691110532891964,FALSE,FALSE
comm_8592,9.357354105591188,3.0504614665246166,8,2,1.3766888707502094,1.3766888707502098,FALSE,FALSE
comm_8593,8.293927608448545,3.0504614665246166,10,5,6.199490376140927,6.199490376140927,FALSE,FALSE
comm_8594,8.682170182,3.0504614665246166,10,5,5.772704686,5.772704686,FALSE,FALSE
comm_8595,13.143345356206082,3.0504614665246166,8,3,3.0349958757633257,3.0349958757633253,FALSE,FALSE
comm_8596,10.423742082758496,3.0504614665246166,9,4,5.970444211878297,5.970444211878297,FALSE,FALSE
comm_8597,10.263621147137451,3.0504614665246166,8,3,2.651186338,2.6511863375874696,FALSE,FALSE
comm_8598,9.671021727,3.0504614665246166,12,6,4.777033294666553,4.777033294666555,FALSE,FALSE
comm_8599,9.894138784,3.0504614665246166,12,3,3.3922425778130867,3.3922425778130862,FALSE,FALSE
comm_8600,11.072792982819758,3.0504614665246166,12,5,6.724825958110295,6.724825958110294,FALSE,FALSE
comm_8601,9.619687881740989,3.0504614665246166,11,4,5.623685227,5.6236852265257395,FALSE,FALSE
comm_8602,9.457865323412822,3.0504614665246166,12,4,7.002351972684616,7.002351972684616,FALSE,FALSE
comm_8603,9.658035364443396,3.0504614665246166,10,4,3.462415546,3.462415546,FALSE,FALSE
comm_8604,9.499723999,3.0504614665246166,12,7,6.432346805671713,6.432346805671713,FALSE,FALSE
comm_8605,13.12862702241656,3.0504614665246166,9,5,6.265816042062439,6.265816042062439,FALSE,FALSE
comm_8606,9.916636840642974,3.0504614665246166,9,4,3.9618442860649847,3.961844286064985,FALSE,FALSE
comm_8607,9.592981356022882,3.0504614665246166,9,4,4.429718026634313,4.429718026634314,FALSE,FALSE
comm_8608,9.451568265935933,3.0504614665246166,11,6,6.294227801069149,6.294227801069148,FALSE,FALSE
comm_8609,10.386247064292943,3.0504614665246166,8,5,5.145561033353795,5.145561033353794,FALSE,FALSE
comm_8610,11.154466378317682,3.0504614665246166,11,6,2.7129431136627415,2.7129431136627415,FALSE,FALSE
comm_8611,9.942215403897276,3.0504614665246166,11,5,1.9861862215566637,1.9861862215566637,FALSE,FALSE
comm_8612,10.805679616053837,3.0504614665246166,12,5,4.504621386476939,4.504621386476938,FALSE,FALSE
comm_8613,10.22016506771836,3.0504614665246166,11,4,4.290752296046265,4.290752296046264,FALSE,FALSE
comm_8614,9.498302577680011,3.0504614665246166,10,4,6.967394548977574,6.967394548977574,FALSE,FALSE
comm_8615,9.924859242620446,3.0504614665246166,12,4,4.684426021018466,4.684426021018465,FALSE,FALSE
comm_8616,8.717847611779524,3.0504614665246166,8,3,2.6400302698775504,2.64003027,FALSE,FALSE
comm_8617,11.812113760315562,3.0504614665246166,11,3,2.7764439695797605,2.7764439695797605,FALSE,FALSE
comm_8618,10.04513787210976,3.0504614665246166,12,6,6.998870939128018,6.998870939128016,FALSE,FALSE
comm_8619,10.375957113364151,3.0504614665246166,11,4,4.7838818781953805,4.783881878,FALSE,FALSE
comm_8620,9.599584245775649,3.0504614665246166,8,1,0.4757157296585013,0.4757157296585014,FALSE,FALSE
comm_8621,12.172502405923598,3.0504614665246166,11,3,3.326475783,3.326475783,FALSE,FALSE
comm_8622,10.85546514635118,3.0504614665246166,9,4,4.744436130949023,4.744436130949023,FALSE,FALSE
comm_8623,9.489138543,3.0504614665246166,12,6,4.287695098361678,4.287695098361679,FALSE,FALSE
comm_8624,10.230285640044896,3.0504614665246166,8,2,2.643763552,2.643763552,FALSE,FALSE
comm_8625,10.011213513092704,3.0504614665246166,8,3,4.3229743468690485,4.3229743468690485,FALSE,FALSE
comm_8626,10.258642451231774,3.0504614665246166,12,4,6.597989799929524,6.597989799929524,FALSE,FALSE
comm_8627,8.700631139023026,3.0504614665246166,9,3,1.360185641235059,1.360185641235059,FALSE,FALSE
comm_8628,9.357106589779546,3.0504614665246166,11,4,4.609273927295826,4.609273927295826,FALSE,FALSE
comm_8629,9.726827103,3.0504614665246166,9,3,3.4822970450493447,3.4822970450493433,FALSE,FALSE
comm_8630,9.214794584496596,3.0504614665246166,12,4,8.829943097030922,8.829943097,FALSE,FALSE
comm_8631,8.658066255308432,3.0504614665246166,12,4,1.6999619578354364,1.699961957835436,FALSE,FALSE
comm_8632,10.047268122598142,3.0504614665246166,11,5,3.9453742926633137,3.9453742926633137,FALSE,FALSE
comm_8633,10.650952334854926,3.0504614665246166,10,4,5.627007699050926,5.627007699050926,FALSE,FALSE
comm_8634,9.463018067001354,3.0504614665246166,9,5,5.664363318910933,5.664363318910933,FALSE,FALSE
comm_8635,10.207721984051094,3.0504614665246166,12,6,6.121712647301749,6.121712647301749,FALSE,FALSE
comm_8636,8.042503924725231,3.0504614665246166,11,4,4.18642206,4.18642206,FALSE,FALSE
comm_8637,11.45813603174438,3.0504614665246166,8,3,4.495010644983729,4.495010644983728,FALSE,FALSE
comm_8638,9.934385169,3.0504614665246166,10,4,4.4264417765761435,4.4264417765761435,FALSE,FALSE
comm_8639,9.603053012,3.0504614665246166,8,3,4.069554188811715,4.069554188811715,FALSE,FALSE
comm_8640,9.517318088,3.0504614665246166,9,5,8.373221015,8.373221015,FALSE,FALSE
comm_8641,9.879172546,3.0504614665246166,9,3,4.842117894452906,4.842117894452906,FALSE,FALSE
comm_8642,9.472561441743023,3.0504614665246166,9,3,3.3987539377168714,3.398753937716871,FALSE,FALSE
comm_8643,10.682929495126013,3.0504614665246166,10,6,10.011901531101024,10.011901531101026,FALSE,FALSE
comm_8644,8.912016539200392,3.0504614665246166,11,4,4.566871170366333,4.566871170366333,FALSE,FALSE
comm_8645,9.729698487,3.0504614665246166,11,5,5.726730661974952,5.726730661974951,FALSE,FALSE
comm_8646,11.549466715313155,3.0504614665246166,10,3,3.5086249306696127,3.5086249306696127,FALSE,FALSE
comm_8647,9.565783547042065,3.0504614665246166,10,3,3.6070844705209937,3.6070844705209937,FALSE,FALSE
comm_8648,9.490032159026628,3.0504614665246166,12,6,7.182896540843696,7.182896540843695,FALSE,FALSE
comm_8649,10.021460129506051,3.0504614665246166,12,6,6.614768636836376,6.614768636836375,FALSE,FALSE
comm_8650,11.190465553376477,3.0504614665246166,8,3,3.5517946151719375,3.5517946151719366,FALSE,FALSE
comm_8651,8.993856111420508,3.0504614665246166,10,4,6.0402252954010285,6.040225295401028,FALSE,FALSE
comm_8652,10.703047743623664,3.0504614665246166,11,7,5.596793208738984,5.596793208738985,FALSE,FALSE
comm_8653,12.70217442519994,3.0504614665246166,11,5,4.736128955099911,4.736128955,FALSE,FALSE
comm_8654,11.505129407342904,3.0504614665246166,8,5,5.727334482731937,5.727334482731938,FALSE,FALSE
comm_8655,9.163445922243328,3.0504614665246166,12,4,7.435373802136179,7.435373802,FALSE,FALSE
comm_8656,9.828937619770528,3.0504614665246166,10,3,3.726287264757788,3.7262872647577874,FALSE,FALSE
comm_8657,12.623133958395952,3.0504614665246166,12,6,2.786430823449527,2.786430823449527,FALSE,FALSE
comm_8658,10.278296940382193,3.0504614665246166,12,4,6.349133383705926,6.349133383705927,FALSE,FALSE
comm_8659,9.969826107623868,3.0504614665246166,11,6,4.827191315879752,4.827191315879752,FALSE,FALSE
comm_8660,10.08058879086545,3.0504614665246166,12,7,9.329366168899746,9.329366168899744,FALSE,FALSE
comm_8661,12.575526837645327,3.0504614665246166,11,4,3.499792397737121,3.499792398,FALSE,FALSE
comm_8662,9.464229101,3.0504614665246166,11,3,3.138049785667429,3.1380497856674285,FALSE,FALSE
comm_8663,10.82720842659737,3.0504614665246166,11,5,3.5141314750869306,3.5141314750869306,FALSE,FALSE
comm_8664,12.41678277442398,3.0504614665246166,8,4,3.717668072187886,3.717668072187886,FALSE,FALSE
comm_8665,10.424467302692554,3.0504614665246166,12,4,3.5714730835114485,3.5714730835114485,FALSE,FALSE
comm_8666,11.573478581589931,3.0504614665246166,10,3,3.643426366260704,3.643426366260704,FALSE,FALSE
comm_8667,8.795786022373099,3.0504614665246166,8,3,6.058522469307434,6.058522469307434,FALSE,FALSE
comm_8668,8.988843038,3.0504614665246166,11,3,3.976675390766749,3.976675390766749,FALSE,FALSE
comm_8669,9.658267030647094,3.0504614665246166,12,3,1.524123760335331,1.524123760335331,FALSE,FALSE
comm_8670,9.503086755573378,3.0504614665246166,10,4,3.789088850538041,3.789088851,FALSE,FALSE
comm_8671,10.367355274477177,3.0504614665246166,8,3,2.4259801761916204,2.4259801761916204,FALSE,FALSE
comm_8672,8.836647192558686,3.0504614665246166,10,6,6.678649497339311,6.678649497,FALSE,FALSE
comm_8673,9.669810254747151,3.0504614665246166,10,5,2.454050745807646,2.4540507458076455,FALSE,FALSE
comm_8674,8.788637672975282,3.0504614665246166,12,3,3.851378887,3.8513788869632406,FALSE,FALSE
comm_8675,10.101306199442533,3.0504614665246166,8,5,8.071196709632895,8.071196709632895,FALSE,FALSE
comm_8676,10.939828499116189,3.0504614665246166,10,4,2.5530377338827295,2.553037733882729,FALSE,FALSE
comm_8677,12.139103500562312,3.0504614665246166,11,8,6.801735984854245,6.801735984854245,FALSE,FALSE
comm_8678,9.583794334051111,3.0504614665246166,11,4,3.4929322674436056,3.4929322674436056,FALSE,FALSE
comm_8679,8.285613489974732,3.0504614665246166,8,4,4.8220194026265135,4.8220194026265135,FALSE,FALSE
comm_8680,10.31990123304536,3.0504614665246166,12,4,5.770053507,5.770053507,FALSE,FALSE
comm_8681,9.520722972487471,3.0504614665246166,8,2,3.0376460733045105,3.037646073304511,FALSE,FALSE
comm_8682,9.363336500429655,3.0504614665246166,9,2,1.2255454911854686,1.2255454911854688,FALSE,FALSE
comm_8683,11.470337883554322,3.0504614665246166,9,3,4.322584466,4.322584465630441,FALSE,FALSE
comm_8684,10.067803791182351,3.0504614665246166,8,3,2.466223976604333,2.466223976604333,FALSE,FALSE
comm_8685,9.170802881476964,3.0504614665246166,10,5,4.4863500605131374,4.4863500605131374,FALSE,FALSE
comm_8686,9.564259226114876,3.0504614665246166,9,3,3.728825745896616,3.728825745896617,FALSE,FALSE
comm_8687,10.81940735,3.0504614665246166,9,5,4.205815261,4.205815260566729,FALSE,FALSE
comm_8688,9.187421491,3.0504614665246166,12,2,4.072028807765466,4.072028807765465,FALSE,FALSE
comm_8689,9.644123132,3.0504614665246166,12,6,7.722345164455216,7.722345164455216,FALSE,FALSE
comm_8690,10.019226924948642,3.0504614665246166,9,3,2.638232768,2.638232768,FALSE,FALSE
comm_8691,10.339196118908466,3.0504614665246166,9,4,5.251157080003126,5.251157080003126,FALSE,FALSE
comm_8692,9.296064659803704,3.0504614665246166,9,5,3.1673277340620096,3.1673277340620096,FALSE,FALSE
comm_8693,10.922849364717564,3.0504614665246166,10,5,3.046535811900407,3.046535811900407,FALSE,FALSE
comm_8694,10.604586517029931,3.0504614665246166,9,4,1.0461015792659614,1.0461015792659614,FALSE,FALSE
comm_8695,9.375884932020908,3.0504614665246166,9,4,5.172059086475265,5.172059086475263,FALSE,FALSE
comm_8696,8.388103757702083,3.0504614665246166,11,3,4.783165132959272,4.783165132959272,FALSE,FALSE
comm_8697,11.932330416780305,3.0504614665246166,10,3,3.5181888803444004,3.518188880344401,FALSE,FALSE
comm_8698,9.582061835,3.0504614665246166,11,4,4.333915480196382,4.333915480196382,FALSE,FALSE
comm_8699,9.261640541051662,3.0504614665246166,10,3,2.550396942971253,2.550396942971253,FALSE,FALSE
comm_8700,11.463138097906414,3.0504614665246166,8,4,4.662026356760946,4.662026356760946,FALSE,FALSE
comm_8701,9.217594921251743,3.0504614665246166,9,2,5.248025933684332,5.248025933684333,FALSE,FALSE
comm_8702,10.689379109291783,3.0504614665246166,12,2,6.286879633,6.286879633,FALSE,FALSE
comm_8703,10.406451489084636,3.0504614665246166,12,4,5.237586112880415,5.237586112880416,FALSE,FALSE
comm_8704,10.212643479565456,3.0504614665246166,12,4,3.027424251,3.027424251100829,FALSE,FALSE
comm_8705,9.442040005515144,3.0504614665246166,10,2,4.127434583991143,4.127434583991143,FALSE,FALSE
comm_8706,9.858756417,3.0504614665246166,11,5,4.224502663173002,4.224502663173002,FALSE,FALSE
comm_8707,13.141749688642816,3.0504614665246166,10,3,1.891882725032286,1.891882725032286,FALSE,FALSE
comm_8708,13.23864478749192,3.0504614665246166,11,3,2.0359617555468636,2.0359617555468636,FALSE,FALSE
comm_8709,10.366595446335635,3.0504614665246166,10,6,8.185777035,8.185777034829421,FALSE,FALSE
comm_8710,11.122242664945365,3.0504614665246166,11,3,1.955169083355314,1.955169083355314,FALSE,FALSE
comm_8711,10.618579941288797,3.0504614665246166,9,3,3.5320879405222843,3.5320879405222847,FALSE,FALSE
comm_8712,10.050190627668965,3.0504614665246166,12,3,2.631573648748935,2.6315736487489345,FALSE,FALSE
comm_8713,9.304067586,3.0504614665246166,11,4,5.690941561492393,5.690941561492392,FALSE,FALSE
comm_8714,12.161531022240254,3.0504614665246166,11,6,6.956460063902736,6.956460063902736,FALSE,FALSE
comm_8715,8.969762067475607,3.0504614665246166,8,3,4.615823176,4.615823176,FALSE,FALSE
comm_8716,13.489849297756107,3.0504614665246166,8,5,5.109258644070304,5.109258644070305,FALSE,FALSE
comm_8717,12.554048127622076,3.0504614665246166,9,3,3.178141007952877,3.178141007952877,FALSE,FALSE
comm_8718,10.96611519331856,3.0504614665246166,8,2,2.182081781791471,2.182081781791471,FALSE,FALSE
comm_8719,9.724111476355064,3.0504614665246166,8,4,4.200065498788351,4.2000654987883514,FALSE,FALSE
comm_8720,10.12559882704224,3.0504614665246166,10,3,2.5498361298340235,2.549836129834023,FALSE,FALSE
comm_8721,8.979708326744008,3.0504614665246166,8,1,3.7861336704520503,3.78613367,FALSE,FALSE
comm_8722,10.548086005426402,3.0504614665246166,9,4,4.246461699378507,4.246461699378508,FALSE,FALSE
comm_8723,9.574311909253918,3.0504614665246166,12,5,7.814116267271016,7.814116267271016,FALSE,FALSE
comm_8724,10.39226213241456,3.0504614665246166,10,5,13.194754089066082,13.194754089066082,FALSE,FALSE
comm_8725,9.019407947848148,3.0504614665246166,12,4,5.376627730407902,5.376627730407903,FALSE,FALSE
comm_8726,9.817825565,3.0504614665246166,10,5,5.432950119259831,5.432950119259832,FALSE,FALSE
comm_8727,8.206946448103745,3.0504614665246166,10,4,9.080596037869704,9.080596037869704,FALSE,FALSE
comm_8728,9.664732216076882,3.0504614665246166,11,5,2.2910218587319666,2.2910218587319666,FALSE,FALSE
comm_8729,9.543033290550287,3.0504614665246166,11,5,6.923636835928881,6.923636835928881,FALSE,FALSE
comm_8730,10.220703374381664,3.0504614665246166,12,7,6.056825342203831,6.056825342203831,FALSE,FALSE
comm_8731,11.619676597454124,3.0504614665246166,9,6,6.098670632614615,6.098670632614616,FALSE,FALSE
comm_8732,9.461039341,3.0504614665246166,11,4,15.038671723645743,15.03867172364574,FALSE,FALSE
comm_8733,9.710309519,3.0504614665246166,10,4,1.6915994055325425,1.6915994055325425,FALSE,FALSE
comm_8734,10.235801026642298,3.0504614665246166,10,3,5.566943608468408,5.566943608468407,FALSE,FALSE
comm_8735,9.287737592,3.0504614665246166,8,2,2.797385981493173,2.7973859814931727,FALSE,FALSE
comm_8736,9.689137322342116,3.0504614665246166,11,5,4.454164161720974,4.454164161720975,FALSE,FALSE
comm_8737,11.104725027250623,3.0504614665246166,10,2,1.1285686723466877,1.128568672346688,FALSE,FALSE
comm_8738,10.02358511288038,3.0504614665246166,12,2,2.217442598698056,2.2174425986980557,FALSE,FALSE
comm_8739,9.868375042,3.0504614665246166,9,4,4.2124223061133375,4.2124223061133375,FALSE,FALSE
comm_8740,8.938501595918948,3.0504614665246166,12,6,6.580396269772768,6.580396269772768,FALSE,FALSE
comm_8741,9.066361307257893,3.0504614665246166,10,4,5.779697923941382,5.779697923941382,FALSE,FALSE
comm_8742,11.217568623770628,3.0504614665246166,9,3,1.5584869986031005,1.5584869986031005,FALSE,FALSE
comm_8743,9.804001830522871,3.0504614665246166,11,4,4.627716857856603,4.627716857856603,FALSE,FALSE
comm_8744,9.011814597607444,3.0504614665246166,10,3,3.951487073197365,3.9514870731973657,FALSE,FALSE
comm_8745,9.820068453480856,3.0504614665246166,10,5,6.7347709947785654,6.7347709947785654,FALSE,FALSE
comm_8746,9.521607156000352,3.0504614665246166,12,4,2.0556686668832715,2.0556686668832715,FALSE,FALSE
comm_8747,9.726931133940427,3.0504614665246166,11,3,4.292246593416539,4.292246593416538,FALSE,FALSE
comm_8748,9.807620908031648,3.0504614665246166,12,7,6.67131646,6.67131646,FALSE,FALSE
comm_8749,10.239949785618236,3.0504614665246166,9,3,4.544749717839181,4.5447497178391805,FALSE,FALSE
comm_8750,10.59360431374308,3.0504614665246166,9,2,0.9275327568462436,0.9275327568462438,FALSE,FALSE
comm_8751,11.342950696206552,3.0504614665246166,8,3,2.9496714390981085,2.9496714390981076,FALSE,FALSE
comm_8752,9.355506017193903,3.0504614665246166,12,5,7.256603839003929,7.256603839003929,FALSE,FALSE
comm_8753,10.920088124703756,3.0504614665246166,11,3,1.809531320260902,1.8095313202609016,FALSE,FALSE
comm_8754,9.692802446,3.0504614665246166,12,6,8.776909391,8.776909391,FALSE,FALSE
comm_8755,11.299840167876775,3.0504614665246166,12,1,2.2401638795771173,2.2401638795771173,FALSE,FALSE
comm_8756,12.501301071911543,3.0504614665246166,12,6,3.0760675743881816,3.076067574388181,FALSE,FALSE
comm_8757,9.298851346303444,3.0504614665246166,8,4,3.1375082662784575,3.1375082662784575,FALSE,FALSE
comm_8758,9.523490468138574,3.0504614665246166,12,5,4.947559305932591,4.9475593059325895,FALSE,FALSE
comm_8759,8.668048436499474,3.0504614665246166,9,3,5.7190168494707105,5.7190168494707105,FALSE,FALSE
comm_8760,11.708728983144416,3.0504614665246166,11,2,1.237863088958406,1.2378630889584064,FALSE,FALSE
comm_8761,10.44542074963521,3.0504614665246166,11,4,3.550231648470302,3.550231648470302,FALSE,FALSE
comm_8762,9.231990456205756,3.0504614665246166,10,4,10.452232505337648,10.45223250533765,FALSE,FALSE
comm_8763,12.046196138781502,3.0504614665246166,10,1,1.8958481266339715,1.895848126633972,FALSE,FALSE
comm_8764,10.311607748589934,3.0504614665246166,8,3,3.441363158195034,3.4413631581950352,FALSE,FALSE
comm_8765,11.63213103458274,3.0504614665246166,10,3,2.415602343886757,2.4156023438867567,FALSE,FALSE
comm_8766,9.890844114169408,3.0504614665246166,11,5,7.357504939814991,7.357504939814991,FALSE,FALSE
comm_8767,11.004376769575332,3.0504614665246166,12,6,4.812073796257891,4.812073796257891,FALSE,FALSE
comm_8768,12.675174316124131,3.0504614665246166,9,5,2.9779399239877087,2.9779399239877087,FALSE,FALSE
comm_8769,9.496151167051211,3.0504614665246166,8,3,4.1229524680755585,4.122952468,FALSE,FALSE
comm_8770,10.657075113337353,3.0504614665246166,8,2,2.072780785928286,2.072780785928286,FALSE,FALSE
comm_8771,9.890449842,3.0504614665246166,11,3,4.031219729899343,4.031219729899343,FALSE,FALSE
comm_8772,10.901958772950389,3.0504614665246166,9,4,4.938994292479797,4.938994292479796,FALSE,FALSE
comm_8773,9.257171517,3.0504614665246166,10,3,4.608380352909357,4.608380352909357,FALSE,FALSE
comm_8774,10.20347334440234,3.0504614665246166,9,5,7.811868474245216,7.811868474245216,FALSE,FALSE
comm_8775,9.994859750269509,3.0504614665246166,12,6,3.883485176,3.883485176,FALSE,FALSE
comm_8776,9.704191840747985,3.0504614665246166,10,4,2.869854324840438,2.8698543248404373,FALSE,FALSE
comm_8777,10.386261894566154,3.0504614665246166,11,4,2.7434672301848355,2.743467230184835,FALSE,FALSE
comm_8778,9.302329200703667,3.0504614665246166,12,5,4.539080395602551,4.539080395602551,FALSE,FALSE
comm_8779,9.271628135903311,3.0504614665246166,12,6,10.02879435949901,10.02879435949901,FALSE,FALSE
comm_8780,10.112711304291691,3.0504614665246166,9,4,5.248405272062219,5.248405272,FALSE,FALSE
comm_8781,10.061951883624785,3.0504614665246166,8,3,4.873915990179707,4.873915990179709,FALSE,FALSE
comm_8782,12.86420348710603,3.0504614665246166,8,4,4.546272883677177,4.546272883677177,FALSE,FALSE
comm_8783,9.742274223261967,3.0504614665246166,12,5,2.9581094201763634,2.9581094201763634,FALSE,FALSE
comm_8784,11.761269063704152,3.0504614665246166,9,2,1.5413876264266129,1.5413876264266126,FALSE,FALSE
comm_8785,9.363639882556232,3.0504614665246166,12,5,5.960979102773511,5.960979103,FALSE,FALSE
comm_8786,10.594779106077594,3.0504614665246166,12,6,3.441482253,3.441482252739499,FALSE,FALSE
comm_8787,14.221596488737706,3.0504614665246166,8,4,3.7191231966144502,3.7191231966144502,FALSE,FALSE
comm_8788,9.654521897969342,3.0504614665246166,12,2,2.992234207960654,2.992234207960654,FALSE,FALSE
comm_8789,10.08534097996302,3.0504614665246166,12,4,7.697336688311018,7.697336688311019,FALSE,FALSE
comm_8790,8.708303558090844,3.0504614665246166,12,4,4.626359021793008,4.626359021793008,FALSE,FALSE
comm_8791,10.603164308420665,3.0504614665246166,10,2,0.876210578,0.8762105779996832,FALSE,FALSE
comm_8792,9.447815962766748,3.0504614665246166,10,3,3.504866879553191,3.504866879553191,FALSE,FALSE
comm_8793,10.330264401705715,3.0504614665246166,12,8,10.24723629573291,10.247236295732913,FALSE,FALSE
comm_8794,8.822207478287542,3.0504614665246166,11,3,5.709832561995332,5.709832561995331,FALSE,FALSE
comm_8795,10.61413895913409,3.0504614665246166,8,4,4.335045562708286,4.335045562708288,FALSE,FALSE
comm_8796,9.896145779,3.0504614665246166,9,4,4.972750753692932,4.972750753692932,FALSE,FALSE
comm_8797,8.842920787902885,3.0504614665246166,8,3,1.9922782885089891,1.9922782885089891,FALSE,FALSE
comm_8798,8.447068330902447,3.0504614665246166,8,2,4.638492193041587,4.638492193041587,FALSE,FALSE
comm_8799,10.439348923872355,3.0504614665246166,8,4,4.459712046209726,4.459712046209726,FALSE,FALSE
comm_8800,12.017260308161411,3.0504614665246166,12,7,8.749038947904948,8.749038948,FALSE,FALSE
comm_8801,9.781540157,3.0504614665246166,10,5,4.7262783118767295,4.726278312,FALSE,FALSE
comm_8802,10.043777167854747,3.0504614665246166,9,4,4.869547855634454,4.869547855634454,FALSE,FALSE
comm_8803,10.375780505868423,3.0504614665246166,12,4,2.058740269460164,2.058740269460164,FALSE,FALSE
comm_8804,9.654777860584622,3.0504614665246166,11,6,6.298118573784231,6.2981185737842305,FALSE,FALSE
comm_8805,11.132892596123412,3.0504614665246166,12,5,2.8253562595205475,2.8253562595205475,FALSE,FALSE
comm_8806,10.610940835498065,3.0504614665246166,8,6,6.883041722,6.883041721549879,FALSE,FALSE
comm_8807,10.467675442699283,3.0504614665246166,10,3,3.3755991820557627,3.3755991820557627,FALSE,FALSE
comm_8808,9.392344812878047,3.0504614665246166,10,6,6.5011018619681735,6.501101861968175,FALSE,FALSE
comm_8809,11.572493950917847,3.0504614665246166,10,4,4.425189627711244,4.425189627711245,FALSE,FALSE
comm_8810,9.220499727435978,3.0504614665246166,9,4,7.876686094,7.876686094,FALSE,FALSE
comm_8811,10.06562697636897,3.0504614665246166,12,5,4.773230725,4.773230725224191,FALSE,FALSE
comm_8812,10.154680237185003,3.0504614665246166,9,4,4.704489941613928,4.704489941613929,FALSE,FALSE
comm_8813,11.221730551974684,3.0504614665246166,8,2,4.1007024860480445,4.100702486048045,FALSE,FALSE
comm_8814,11.12864526360934,3.0504614665246166,9,5,5.206966231503651,5.2069662315036505,FALSE,FALSE
comm_8815,9.225005472584105,3.0504614665246166,8,5,6.205622935265705,6.205622935265705,FALSE,FALSE
comm_8816,8.642804827,3.0504614665246166,9,5,8.002559019643893,8.002559019643892,FALSE,FALSE
comm_8817,10.579288424960312,3.0504614665246166,9,1,0.1332810441787763,0.1332810441787764,FALSE,FALSE
comm_8818,9.310588580986913,3.0504614665246166,10,3,3.8387027014587383,3.8387027014587383,FALSE,FALSE
comm_8819,9.191864457417005,3.0504614665246166,12,5,6.4608823240562785,6.4608823240562785,FALSE,FALSE
comm_8820,13.001536400412665,3.0504614665246166,8,4,4.056958983925768,4.056958983925768,FALSE,FALSE
comm_8821,10.053317346606116,3.0504614665246166,10,5,5.363722522636233,5.363722522636234,FALSE,FALSE
comm_8822,9.984296881850849,3.0504614665246166,8,4,5.983417462194932,5.983417462194933,FALSE,FALSE
comm_8823,10.138073752607095,3.0504614665246166,8,2,4.328812712029795,4.328812712029796,FALSE,FALSE
comm_8824,9.544428197149896,3.0504614665246166,9,5,4.596018782645951,4.596018782645951,FALSE,FALSE
comm_8825,9.886796428608744,3.0504614665246166,10,5,6.911832647678301,6.911832647678301,FALSE,FALSE
comm_8826,9.88127768,3.0504614665246166,8,2,1.1865768473815237,1.1865768473815237,FALSE,FALSE
comm_8827,9.988254654,3.0504614665246166,9,4,3.953873770935054,3.953873770935054,FALSE,FALSE
comm_8828,9.911968139147843,3.0504614665246166,11,4,2.097900120693375,2.0979001206933745,FALSE,FALSE
comm_8829,9.776337772,3.0504614665246166,12,5,6.675546722010477,6.675546722010477,FALSE,FALSE
comm_8830,11.37703671277567,3.0504614665246166,12,6,3.8973490059234233,3.897349005923424,FALSE,FALSE
comm_8831,8.9005305,3.0504614665246166,12,5,4.243047094,4.243047094,FALSE,FALSE
comm_8832,9.58207689,3.0504614665246166,8,4,9.572391561910765,9.572391561910766,FALSE,FALSE
comm_8833,9.830706191,3.0504614665246166,9,3,3.621587993583192,3.621587993583193,FALSE,FALSE
comm_8834,9.033768347531876,3.0504614665246166,8,1,1.713069145067642,1.713069145067642,FALSE,FALSE
comm_8835,11.108383318658564,3.0504614665246166,10,5,3.4692039406304076,3.4692039406304076,FALSE,FALSE
comm_8836,10.472003532005086,3.0504614665246166,9,2,2.3534311255343376,2.3534311255343376,FALSE,FALSE
comm_8837,10.196477272854803,3.0504614665246166,12,6,3.9465932146935754,3.946593214693575,FALSE,FALSE
comm_8838,9.049688008,3.0504614665246166,12,7,2.670629766977571,2.670629766977571,FALSE,FALSE
comm_8839,10.579699847465736,3.0504614665246166,9,6,4.645727299,4.645727298544169,FALSE,FALSE
comm_8840,9.603962584075472,3.0504614665246166,9,4,7.032880745739696,7.032880745739696,FALSE,FALSE
comm_8841,9.487121573,3.0504614665246166,8,3,4.628879941084062,4.628879941084062,FALSE,FALSE
comm_8842,9.646816693,3.0504614665246166,11,2,1.9008143015906855,1.9008143015906855,FALSE,FALSE
comm_8843,11.693298273071113,3.0504614665246166,9,4,3.891613041556816,3.8916130415568153,FALSE,FALSE
comm_8844,8.778379419,3.0504614665246166,10,1,0.6012074850093211,0.6012074850093211,FALSE,FALSE
comm_8845,10.899714194598095,3.0504614665246166,9,5,5.896369192,5.896369192382519,FALSE,FALSE
comm_8846,9.623520928009771,3.0504614665246166,12,5,3.669958839612505,3.669958839612504,FALSE,FALSE
comm_8847,8.920212552,3.0504614665246166,10,4,7.034996761097755,7.034996761097754,FALSE,FALSE
comm_8848,9.148055717673214,3.0504614665246166,10,4,7.258383089840476,7.258383089840477,FALSE,FALSE
comm_8849,9.195643251963784,3.0504614665246166,11,6,8.066068216407619,8.066068216407619,FALSE,FALSE
comm_8850,10.254211015899276,3.0504614665246166,11,6,8.629813468672813,8.629813468672813,FALSE,FALSE
comm_8851,10.86461298636314,3.0504614665246166,8,5,7.326147575011809,7.326147575011808,FALSE,FALSE
comm_8852,10.005222603534808,3.0504614665246166,10,5,5.195028782248107,5.195028782248106,FALSE,FALSE
comm_8853,10.58124428189532,3.0504614665246166,12,5,2.4238783353835194,2.4238783353835194,FALSE,FALSE
comm_8854,9.768187403121772,3.0504614665246166,12,3,1.327862643,1.327862643,FALSE,FALSE
comm_8855,9.341004905191088,3.0504614665246166,10,3,0.7039279862178259,0.7039279862178259,FALSE,FALSE
comm_8856,9.008880830709002,3.0504614665246166,11,5,6.043371420233368,6.043371420233369,FALSE,FALSE
comm_8857,9.739932433643972,3.0504614665246166,10,4,3.0192276660201185,3.0192276660201185,FALSE,FALSE
comm_8858,10.158798858367064,3.0504614665246166,9,2,1.1835515801793297,1.1835515801793297,FALSE,FALSE
comm_8859,10.88444271095176,3.0504614665246166,11,5,2.5869198953030232,2.5869198953030237,FALSE,FALSE
comm_8860,9.350608230023578,3.0504614665246166,12,5,3.1833464197358476,3.183346419735848,FALSE,FALSE
comm_8861,10.71146684,3.0504614665246166,9,2,0.1297106993997506,0.1297106993997506,FALSE,FALSE
comm_8862,9.604113911519647,3.0504614665246166,10,5,5.976558113917153,5.976558113917153,FALSE,FALSE
comm_8863,12.479118882548924,3.0504614665246166,11,4,3.111249495962482,3.1112494959624817,FALSE,FALSE
comm_8864,8.521669484,3.0504614665246166,9,2,2.1657549458860186,2.1657549458860186,FALSE,FALSE
comm_8865,11.678019961224198,3.0504614665246166,8,5,5.583825067487394,5.583825067487394,FALSE,FALSE
comm_8866,9.853394055,3.0504614665246166,12,4,2.376122678193921,2.376122678193921,FALSE,FALSE
comm_8867,11.87515837097822,3.0504614665246166,8,4,4.106172604112676,4.1061726041126745,FALSE,FALSE
comm_8868,10.565840048717748,3.0504614665246166,12,5,4.662184526046864,4.6621845260468655,FALSE,FALSE
comm_8869,9.016590072457124,3.0504614665246166,9,3,4.7796112678574065,4.779611267857406,FALSE,FALSE
comm_8870,9.730413303166683,3.0504614665246166,8,2,2.534507129473338,2.534507129473338,FALSE,FALSE
comm_8871,10.401238452993384,3.0504614665246166,10,5,2.6698516446956746,2.669851644695675,FALSE,FALSE
comm_8872,9.110950923770046,3.0504614665246166,11,2,1.546980381207932,1.546980381207932,FALSE,FALSE
comm_8873,10.233462698366475,3.0504614665246166,9,2,4.297788017,4.297788017286832,FALSE,FALSE
comm_8874,9.079882848148436,3.0504614665246166,8,1,2.793464378739458,2.7934643787394577,FALSE,FALSE
comm_8875,8.509633198,3.0504614665246166,9,2,1.6448659349311674,1.6448659349311674,FALSE,FALSE
comm_8876,8.954934412144667,3.0504614665246166,12,6,4.977975774,4.9779757741665405,FALSE,FALSE
comm_8877,8.843727448435452,3.0504614665246166,8,4,8.141981624503114,8.141981624503112,FALSE,FALSE
comm_8878,10.209526448516666,3.0504614665246166,8,1,0.03304482,0.03304482,FALSE,FALSE
comm_8879,11.93926219782849,3.0504614665246166,9,3,2.5797062664369443,2.579706266436944,FALSE,FALSE
comm_8880,10.118418184819934,3.0504614665246166,11,5,2.522730511027857,2.5227305110278566,FALSE,FALSE
comm_8881,10.444899369869674,3.0504614665246166,11,3,3.5388824255336817,3.538882425533682,FALSE,FALSE
comm_8882,11.960914125733831,3.0504614665246166,9,6,5.621409995133471,5.6214099951334715,FALSE,FALSE
comm_8883,10.24898483938338,3.0504614665246166,11,4,2.6656994530748137,2.6656994530748133,FALSE,FALSE
comm_8884,9.558727307178703,3.0504614665246166,9,3,6.236967531536431,6.236967531536431,FALSE,FALSE
comm_8885,11.605298121786449,3.0504614665246166,8,4,2.5305954396450687,2.5305954396450687,FALSE,FALSE
comm_8886,11.14010112279042,3.0504614665246166,11,1,0.6274724398596996,0.6274724398596997,FALSE,FALSE
comm_8887,10.019169721791428,3.0504614665246166,12,4,6.885070587189857,6.885070587189857,FALSE,FALSE
comm_8888,10.850756908245472,3.0504614665246166,9,3,1.7285606074557285,1.7285606074557278,FALSE,FALSE
comm_8889,8.873515713547382,3.0504614665246166,8,3,4.4270739563347945,4.4270739563347945,FALSE,FALSE
comm_8890,9.991060749,3.0504614665246166,11,5,3.0263211037579825,3.0263211037579834,FALSE,FALSE
comm_8891,9.257695112924702,3.0504614665246166,10,4,5.151960945500762,5.151960945500763,FALSE,FALSE
comm_8892,10.076885035362857,3.0504614665246166,9,2,1.1621031792870602,1.1621031792870602,FALSE,FALSE
comm_8893,9.853822241797934,3.0504614665246166,12,7,4.169232518,4.169232518,FALSE,FALSE
comm_8894,8.67563021,3.0504614665246166,11,4,3.722522247558536,3.722522247558536,FALSE,FALSE
comm_8895,10.111672886959663,3.0504614665246166,12,6,6.919301965052029,6.919301965052028,FALSE,FALSE
comm_8896,11.271115794750983,3.0504614665246166,8,2,0.7136997130376643,0.7136997130376641,FALSE,FALSE
comm_8897,10.09721845099136,3.0504614665246166,9,2,1.605084768218757,1.6050847682187568,FALSE,FALSE
comm_8898,11.046145292658544,3.0504614665246166,9,4,2.8062415376755028,2.806241537675502,FALSE,FALSE
comm_8899,8.838719275321743,3.0504614665246166,12,4,1.7674828745600817,1.7674828745600817,FALSE,FALSE
comm_8900,8.445023175057429,3.0504614665246166,9,5,6.020422928,6.020422927814001,FALSE,FALSE
comm_8901,10.860834397514884,3.0504614665246166,12,4,4.151376436128428,4.151376436128428,FALSE,FALSE
comm_8902,9.729417887598808,3.0504614665246166,11,3,2.8298644004161817,2.8298644004161826,FALSE,FALSE
comm_8903,9.007329422,3.0504614665246166,8,4,4.820919819405224,4.8209198194052245,FALSE,FALSE
comm_8904,9.245114994847558,3.0504614665246166,10,4,3.2762695278080187,3.276269527808019,FALSE,FALSE
comm_8905,11.401707852995935,3.0504614665246166,9,4,4.434698125178058,4.434698125178058,FALSE,FALSE
comm_8906,9.780107271199316,3.0504614665246166,10,2,2.134545237285616,2.134545237285616,FALSE,FALSE
comm_8907,9.086766991138562,3.0504614665246166,11,4,5.300048699822249,5.3000486998222485,FALSE,FALSE
comm_8908,10.591728942977216,3.0504614665246166,8,0,0,0,FALSE,FALSE
comm_8909,10.117729589363025,3.0504614665246166,11,7,9.403454006897332,9.403454007,FALSE,FALSE
comm_8910,9.891941864258005,3.0504614665246166,12,3,0.7300397562593526,0.7300397562593527,FALSE,FALSE
comm_8911,9.760249341189336,3.0504614665246166,12,4,3.26680387,3.2668038703929394,FALSE,FALSE
comm_8912,10.717670493860568,3.0504614665246166,12,6,3.1145810436748795,3.1145810436748795,FALSE,FALSE
comm_8913,9.757543897062318,3.0504614665246166,9,3,2.6510782249961675,2.6510782249961675,FALSE,FALSE
comm_8914,10.008755524049487,3.0504614665246166,11,5,5.822064815740837,5.822064815740838,FALSE,FALSE
comm_8915,10.541207181013275,3.0504614665246166,11,5,10.333826968727546,10.333826968727546,FALSE,FALSE
comm_8916,11.04447787,3.0504614665246166,8,1,0.9214746485289108,0.9214746485289108,FALSE,FALSE
comm_8917,10.91584495142848,3.0504614665246166,8,2,3.283051977755538,3.2830519777555383,FALSE,FALSE
comm_8918,10.64759236,3.0504614665246166,9,3,2.6394503452659643,2.639450345265964,FALSE,FALSE
comm_8919,9.735606245411947,3.0504614665246166,9,4,4.4696161576736095,4.469616157673609,FALSE,FALSE
comm_8920,9.466202980199268,3.0504614665246166,11,5,10.584814617748844,10.584814617748842,FALSE,FALSE
comm_8921,9.268678511978418,3.0504614665246166,12,5,3.6889501357518686,3.688950135751869,FALSE,FALSE
comm_8922,10.72741208326664,3.0504614665246166,10,5,5.780718858683972,5.780718859,FALSE,FALSE
comm_8923,11.548955265825768,3.0504614665246166,12,5,4.922043966962398,4.922043966962398,FALSE,FALSE
comm_8924,8.244197143,3.0504614665246166,10,5,4.250157139260333,4.250157139260332,FALSE,FALSE
comm_8925,10.203751376736632,3.0504614665246166,10,4,2.0598401214649833,2.0598401214649837,FALSE,FALSE
comm_8926,10.417496616672356,3.0504614665246166,10,6,7.290442396764769,7.290442396764772,FALSE,FALSE
comm_8927,10.19830834320899,3.0504614665246166,8,3,1.7359520062769995,1.7359520062769995,FALSE,FALSE
comm_8928,8.972573003929632,3.0504614665246166,9,2,4.003557423135652,4.003557423135651,FALSE,FALSE
comm_8929,9.787472446061424,3.0504614665246166,12,4,1.5044877533593195,1.5044877533593195,FALSE,FALSE
comm_8930,12.10954096886291,3.0504614665246166,10,4,1.4986763798997065,1.498676379899707,FALSE,FALSE
comm_8931,10.920241697386809,3.0504614665246166,11,5,5.4585634097545945,5.4585634097545945,FALSE,FALSE
comm_8932,10.682045001464386,3.0504614665246166,8,4,4.149785743789817,4.149785743789816,FALSE,FALSE
comm_8933,8.833557251,3.0504614665246166,9,3,2.4413028870632396,2.441302887063239,FALSE,FALSE
comm_8934,11.327735567182428,3.0504614665246166,10,6,3.7269972976439214,3.726997297643922,FALSE,FALSE
comm_8935,10.328351966517872,3.0504614665246166,8,2,2.798185711808361,2.7981857118083604,FALSE,FALSE
comm_8936,10.775898268557112,3.0504614665246166,11,5,3.417361720092969,3.4173617200929685,FALSE,FALSE
comm_8937,9.451365660040786,3.0504614665246166,12,5,8.703876042305591,8.703876042305593,FALSE,FALSE
comm_8938,10.109278328263226,3.0504614665246166,11,5,6.708106529412566,6.708106529412566,FALSE,FALSE
comm_8939,8.409177907,3.0504614665246166,8,5,9.862537776696774,9.862537776696776,FALSE,FALSE
comm_8940,9.001100529936068,3.0504614665246166,12,5,6.863441622542357,6.863441622542358,FALSE,FALSE
comm_8941,10.487993338677148,3.0504614665246166,12,3,3.796455114269251,3.7964551142692504,FALSE,FALSE
comm_8942,11.012284055201006,3.0504614665246166,12,7,6.338580178777477,6.338580178777477,FALSE,FALSE
comm_8943,9.501960828611232,3.0504614665246166,9,3,2.858511347860228,2.8585113478602286,FALSE,FALSE
comm_8945,9.498686040495205,3.0504614665246166,9,3,3.0565375538359545,3.056537553835955,FALSE,FALSE
comm_8946,9.933396557398677,3.0504614665246166,9,3,2.985951506731995,2.9859515067319946,FALSE,FALSE
comm_8947,9.165039901988727,3.0504614665246166,12,5,4.722131871304066,4.722131871304066,FALSE,FALSE
comm_8948,10.40641322543662,3.0504614665246166,10,5,2.9800163700511093,2.98001637,FALSE,FALSE
comm_8949,9.704109072301948,3.0504614665246166,12,5,5.050983390125708,5.050983390125708,FALSE,FALSE
comm_8950,9.732823613,3.0504614665246166,12,4,4.196834176,4.196834175965141,FALSE,FALSE
comm_8951,9.597744157,3.0504614665246166,9,4,5.102689496046859,5.102689496046859,FALSE,FALSE
comm_8952,9.894344099,3.0504614665246166,11,5,5.089195072256162,5.089195072256162,FALSE,FALSE
comm_8953,9.228640802702486,3.0504614665246166,9,5,5.573263971463967,5.573263971463966,FALSE,FALSE
comm_8954,10.690304221207574,3.0504614665246166,11,3,3.170768526,3.1707685262902605,FALSE,FALSE
comm_8955,10.043708243074173,3.0504614665246166,9,3,2.267601006889556,2.267601006889557,FALSE,FALSE
comm_8956,10.014938818215455,3.0504614665246166,11,5,5.9914283047642085,5.9914283047642085,FALSE,FALSE
comm_8957,10.643551026848018,3.0504614665246166,10,4,3.731437728512592,3.731437728512592,FALSE,FALSE
comm_8958,9.321575307,3.0504614665246166,11,6,6.999584557917536,6.999584557917535,FALSE,FALSE
comm_8959,9.639163020914587,3.0504614665246166,9,3,3.900702786,3.900702786487789,FALSE,FALSE
comm_8960,8.793466838726147,3.0504614665246166,11,4,6.786572047217095,6.7865720472170965,FALSE,FALSE
comm_8961,10.66572096891229,3.0504614665246166,8,4,5.944071029751568,5.944071029751569,FALSE,FALSE
comm_8962,9.483537515977504,3.0504614665246166,9,5,7.249001725071743,7.249001725071744,FALSE,FALSE
comm_8963,11.878456637510125,3.0504614665246166,8,4,4.05513012,4.05513012,FALSE,FALSE
comm_8964,9.165346656,3.0504614665246166,9,3,3.2145589553755727,3.2145589553755727,FALSE,FALSE
comm_8965,8.984212929774817,3.0504614665246166,11,7,10.22777199661944,10.227771996619442,FALSE,FALSE
comm_8966,10.122365468993731,3.0504614665246166,12,4,4.187699605890807,4.187699605890807,FALSE,FALSE
comm_8967,10.01670233281755,3.0504614665246166,9,7,9.499754273,9.499754273,FALSE,FALSE
comm_8968,10.255265432400746,3.0504614665246166,9,3,5.44655099,5.44655099,FALSE,FALSE
comm_8969,10.805571763922725,3.0504614665246166,10,5,4.982932892073658,4.982932892073658,FALSE,FALSE
comm_8970,12.70097144654917,3.0504614665246166,10,4,3.258714478791905,3.258714478791905,FALSE,FALSE
comm_8971,10.03449592749515,3.0504614665246166,12,6,5.486114831575248,5.486114831575248,FALSE,FALSE
comm_8972,8.855091497,3.0504614665246166,12,5,6.8849032695225825,6.8849032695225825,FALSE,FALSE
comm_8973,10.02913176652828,3.0504614665246166,9,3,4.690356511723467,4.690356511723468,FALSE,FALSE
comm_8974,8.684547412617896,3.0504614665246166,8,1,1.0395284205669773,1.0395284205669777,FALSE,FALSE
comm_8975,9.096684654666245,3.0504614665246166,11,4,3.8653661565731894,3.8653661565731894,FALSE,FALSE
comm_8976,10.34536192283614,3.0504614665246166,8,4,6.6962131073726905,6.696213107,FALSE,FALSE
comm_8977,11.729366441149113,3.0504614665246166,11,6,5.0815668128936995,5.0815668128936995,FALSE,FALSE
comm_8978,10.55633256564646,3.0504614665246166,12,6,5.944612288634918,5.944612288634916,FALSE,FALSE
comm_8979,10.858245621531116,3.0504614665246166,8,3,4.9708500972399055,4.970850097239905,FALSE,FALSE
comm_8980,10.484668501518549,3.0504614665246166,10,3,2.339468934501898,2.339468934501898,FALSE,FALSE
comm_8981,10.832728948154378,3.0504614665246166,8,4,6.088825662240509,6.088825662240509,FALSE,FALSE
comm_8982,8.666702886296733,3.0504614665246166,9,2,2.755110940217574,2.755110940217574,FALSE,FALSE
comm_8983,9.430162449394642,3.0504614665246166,12,5,7.603083479347636,7.603083479347636,FALSE,FALSE
comm_8984,10.927614875167691,3.0504614665246166,8,1,1.498041765959116,1.498041765959116,FALSE,FALSE
comm_8985,9.916324412478676,3.0504614665246166,9,5,4.2299359679466395,4.2299359679466395,FALSE,FALSE
comm_8986,8.627846154677647,3.0504614665246166,10,4,8.239837885736808,8.239837885736808,FALSE,FALSE
comm_8987,10.30921162952292,3.0504614665246166,9,4,4.786615911017101,4.786615911017102,FALSE,FALSE
comm_8988,11.027131887558784,3.0504614665246166,8,2,2.138263669020825,2.1382636690208248,FALSE,FALSE
comm_8989,9.001833681339473,3.0504614665246166,11,4,5.338554561,5.338554561055519,FALSE,FALSE
comm_8990,8.615932863408553,3.0504614665246166,8,3,3.663596157084916,3.663596157084916,FALSE,FALSE
comm_8991,13.498356434483872,3.0504614665246166,9,3,1.326301131073658,1.326301131073658,FALSE,FALSE
comm_8992,9.300401755590928,3.0504614665246166,8,6,6.015392236171356,6.0153922361713565,FALSE,FALSE
comm_8993,10.53639746284838,3.0504614665246166,12,4,3.1268279369503436,3.1268279369503444,FALSE,FALSE
comm_8994,11.200024301324586,3.0504614665246166,10,3,2.536731222595389,2.536731222595389,FALSE,FALSE
comm_8995,9.766022948846658,3.0504614665246166,9,5,6.0928099069677675,6.0928099069677675,FALSE,FALSE
comm_8996,9.633801402,3.0504614665246166,8,3,3.7643176683470294,3.7643176683470303,FALSE,FALSE
comm_8997,9.567717432307228,3.0504614665246166,10,4,2.6519671986019593,2.6519671986019593,FALSE,FALSE
comm_8998,9.264659184,3.0504614665246166,8,5,7.049232850830931,7.049232850830929,FALSE,FALSE
comm_8999,9.774860312448189,3.0504614665246166,11,6,5.5860857175496434,5.586085717549644,FALSE,FALSE
comm_9000,10.198824041626416,3.0504614665246166,10,3,3.795234949689845,3.7952349496898456,FALSE,FALSE
comm_9001,9.031889770141731,3.0504614665246166,12,6,4.758663796442205,4.758663796442206,FALSE,FALSE
comm_9002,10.65281147507418,3.0504614665246166,10,3,3.875464138629702,3.8754641386297024,FALSE,FALSE
comm_9003,10.018478069918904,3.0504614665246166,10,5,8.800901322633118,8.800901322633116,FALSE,FALSE
comm_9004,10.53636318801308,3.0504614665246166,12,3,1.981283485991692,1.9812834859916928,FALSE,FALSE
comm_9005,9.632924555284406,3.0504614665246166,12,4,1.7490059729037226,1.7490059729037226,FALSE,FALSE
comm_9006,10.76975591974648,3.0504614665246166,8,5,6.689190379965572,6.689190379965571,FALSE,FALSE
comm_9007,10.869458139372874,3.0504614665246166,10,3,4.647718414147155,4.647718414147155,FALSE,FALSE
comm_9008,9.302568273274687,3.0504614665246166,9,3,4.820347048175071,4.820347048,FALSE,FALSE
comm_9009,9.251489134144322,3.0504614665246166,8,3,7.302702497,7.302702497270909,FALSE,FALSE
comm_9010,10.180309010789628,3.0504614665246166,11,7,9.800041808704064,9.800041808704066,FALSE,FALSE
comm_9011,10.317684550352784,3.0504614665246166,9,4,2.304766405867714,2.3047664058677144,FALSE,FALSE
comm_9012,11.281549014002955,3.0504614665246166,11,6,6.980864875448975,6.980864875448977,FALSE,FALSE
comm_9013,11.300333827713658,3.0504614665246166,12,4,3.3640107464901696,3.364010746,FALSE,FALSE
comm_9014,9.913287338511887,3.0504614665246166,10,4,5.770818208132896,5.770818208132897,FALSE,FALSE
comm_9015,8.886994396995743,3.0504614665246166,10,3,4.4705835977014114,4.470583597701411,FALSE,FALSE
comm_9016,11.837297259688157,3.0504614665246166,9,5,6.127239092575449,6.127239092575449,FALSE,FALSE
comm_9017,10.46119200445687,3.0504614665246166,8,5,5.1582796560582995,5.158279656058299,FALSE,FALSE
comm_9018,9.654078492076705,3.0504614665246166,11,6,6.8348666259156365,6.834866625915636,FALSE,FALSE
comm_9019,9.691118324313813,3.0504614665246166,12,4,4.896111783735996,4.896111783735998,FALSE,FALSE
comm_9020,9.256540815929286,3.0504614665246166,9,4,4.286801299650442,4.286801299650442,FALSE,FALSE
comm_9021,11.05606648420512,3.0504614665246166,10,4,5.623827997544696,5.623827997544698,FALSE,FALSE
comm_9022,9.963830475309074,3.0504614665246166,10,3,4.713345117625094,4.713345117625094,FALSE,FALSE
comm_9023,10.216536619227298,3.0504614665246166,9,4,5.478320692790102,5.478320692790101,FALSE,FALSE
comm_9024,9.792616925,3.0504614665246166,12,4,6.021365743204493,6.021365743204494,FALSE,FALSE
comm_9025,11.760434357267217,3.0504614665246166,10,5,3.686579054123037,3.686579054123038,FALSE,FALSE
comm_9026,10.55832558,3.0504614665246166,9,4,6.174632587570203,6.174632587570202,FALSE,FALSE
comm_9027,10.660084688429825,3.0504614665246166,9,2,2.7118335563771945,2.7118335563771936,FALSE,FALSE
comm_9028,9.707105958,3.0504614665246166,10,4,5.342311048,5.342311047568389,FALSE,FALSE
comm_9029,9.326671742,3.0504614665246166,11,3,3.3592064094045897,3.3592064094045897,FALSE,FALSE
comm_9030,10.09696021819246,3.0504614665246166,12,5,5.0219839044517265,5.021983904451728,FALSE,FALSE
comm_9031,8.465236777869436,3.0504614665246166,8,4,8.703854017035045,8.703854017035045,FALSE,FALSE
comm_9032,10.301980822974524,3.0504614665246166,8,4,4.163390946522965,4.163390946522965,FALSE,FALSE
comm_9033,12.008241716825497,3.0504614665246166,8,6,7.649931873142861,7.649931873142862,FALSE,FALSE
comm_9034,10.493868515652784,3.0504614665246166,9,3,3.6709477130157286,3.670947713015729,FALSE,FALSE
comm_9035,11.012706267436672,3.0504614665246166,8,4,5.634703940610976,5.634703940610974,FALSE,FALSE
comm_9036,10.301684537875737,3.0504614665246166,11,5,4.121311734730142,4.121311734730142,FALSE,FALSE
comm_9037,10.370761068048427,3.0504614665246166,10,5,5.9406472387030025,5.940647238703003,FALSE,FALSE
comm_9038,10.350794958776053,3.0504614665246166,10,5,7.4471236711477875,7.447123671147788,FALSE,FALSE
comm_9039,8.970638475789352,3.0504614665246166,9,4,7.960579522397349,7.960579522397351,FALSE,FALSE
comm_9040,9.366999755444336,3.0504614665246166,10,5,7.105071457799354,7.105071457799353,FALSE,FALSE
comm_9041,8.600678939019804,3.0504614665246166,11,5,2.942891183387305,2.9428911833873053,FALSE,FALSE
comm_9042,9.605888266952007,3.0504614665246166,10,5,4.882925268,4.882925268,FALSE,FALSE
comm_9043,9.511130321043922,3.0504614665246166,11,5,5.9329964269259365,5.932996426925936,FALSE,FALSE
comm_9044,11.502349092196752,3.0504614665246166,8,3,3.3604574080257077,3.3604574080257077,FALSE,FALSE
comm_9045,9.386009073861976,3.0504614665246166,12,7,8.555388974744123,8.555388974744123,FALSE,FALSE
comm_9046,9.719623351845664,3.0504614665246166,10,6,6.447325134665651,6.447325134665652,FALSE,FALSE
comm_9047,9.832799562,3.0504614665246166,9,5,2.8431577112082467,2.8431577112082467,FALSE,FALSE
comm_9048,9.862854073955631,3.0504614665246166,8,4,6.883223254380512,6.883223254380513,FALSE,FALSE
comm_9049,10.554046897073418,3.0504614665246166,10,4,5.470900001504028,5.470900001504027,FALSE,FALSE
comm_9050,10.282829907242103,3.0504614665246166,11,4,3.7339491815747423,3.7339491815747423,FALSE,FALSE
comm_9051,10.429300707721229,3.0504614665246166,10,2,3.8024908254266743,3.8024908254266743,FALSE,FALSE
comm_9052,10.120012024720245,3.0504614665246166,8,4,6.305383766812147,6.305383766812145,FALSE,FALSE
comm_9053,10.359324132971718,3.0504614665246166,12,3,3.1847789328609157,3.184778932860915,FALSE,FALSE
comm_9054,9.522579339803018,3.0504614665246166,9,4,3.13388053,3.13388053,FALSE,FALSE
comm_9055,9.444803397433237,3.0504614665246166,12,7,3.468551788356602,3.4685517883566033,FALSE,FALSE
comm_9056,10.144157163496256,3.0504614665246166,12,4,2.5575626944692056,2.5575626944692056,FALSE,FALSE
comm_9057,9.570064116482817,3.0504614665246166,11,5,6.976572580569774,6.976572580569774,FALSE,FALSE
comm_9058,9.918907686546614,3.0504614665246166,11,7,12.453165360509734,12.453165360509736,FALSE,FALSE
comm_9059,12.909395942258044,3.0504614665246166,8,5,2.4890663829982422,2.489066382998242,FALSE,FALSE
comm_9060,9.923018841552883,3.0504614665246166,9,5,4.341561644074777,4.341561644074779,FALSE,FALSE
comm_9061,8.523069982367113,3.0504614665246166,12,6,14.543012552999102,14.54301255,FALSE,FALSE
comm_9062,9.934045568670586,3.0504614665246166,12,3,2.199115436538428,2.199115436538428,FALSE,FALSE
comm_9063,9.078382950700982,3.0504614665246166,10,5,5.751789439,5.751789439,FALSE,FALSE
comm_9064,10.35834304945859,3.0504614665246166,10,5,6.655501614668841,6.6555016146688395,FALSE,FALSE
comm_9065,10.339719607819754,3.0504614665246166,8,1,2.769306277953452,2.769306277953452,FALSE,FALSE
comm_9066,9.620620717,3.0504614665246166,10,3,2.0949438662468007,2.094943866246801,FALSE,FALSE
comm_9067,10.057893745298818,3.0504614665246166,9,4,2.467112251949016,2.467112251949016,FALSE,FALSE
comm_9068,9.379818526062328,3.0504614665246166,9,5,6.881452572045442,6.881452572045441,FALSE,FALSE
comm_9069,10.413400925299912,3.0504614665246166,12,6,9.162945317870694,9.162945317870694,FALSE,FALSE
comm_9070,9.937367420028046,3.0504614665246166,9,3,4.058148821069386,4.058148821069386,FALSE,FALSE
comm_9071,8.544741159631403,3.0504614665246166,11,5,7.722938400851525,7.722938400851527,FALSE,FALSE
comm_9072,9.143316766284434,3.0504614665246166,12,3,1.7024112602546673,1.7024112602546673,FALSE,FALSE
comm_9073,10.605489435024246,3.0504614665246166,10,5,3.229463694210053,3.229463694210053,FALSE,FALSE
comm_9074,9.715098862877326,3.0504614665246166,8,2,5.079809896183172,5.079809896183171,FALSE,FALSE
comm_9075,9.703448817,3.0504614665246166,12,5,8.375971207912128,8.375971207912128,FALSE,FALSE
comm_9076,9.124824803451023,3.0504614665246166,9,3,7.028209346626578,7.028209346626578,FALSE,FALSE
comm_9077,10.268189459182322,3.0504614665246166,8,4,5.575299984237269,5.575299984237271,FALSE,FALSE
comm_9078,9.293656596636076,3.0504614665246166,8,3,1.331858128,1.3318581282631403,FALSE,FALSE
comm_9079,9.779560387177538,3.0504614665246166,8,4,8.359390306879916,8.359390306879916,FALSE,FALSE
comm_9080,9.862162493,3.0504614665246166,9,3,2.206132253316672,2.206132253316672,FALSE,FALSE
comm_9081,9.379670215888446,3.0504614665246166,11,4,2.9114986648876156,2.911498664887616,FALSE,FALSE
comm_9082,9.813141150982394,3.0504614665246166,10,2,2.220238761526483,2.2202387615264834,FALSE,FALSE
comm_9083,11.20828512402953,3.0504614665246166,9,4,4.151155371200584,4.151155371200584,FALSE,FALSE
comm_9084,10.359061038947184,3.0504614665246166,9,3,0.7868022581204732,0.7868022581204731,FALSE,FALSE
comm_9085,9.601639548,3.0504614665246166,9,2,1.108312051972643,1.1083120519726437,FALSE,FALSE
comm_9086,8.763999226554464,3.0504614665246166,8,3,5.122852296,5.122852296,FALSE,FALSE
comm_9087,9.501739553884777,3.0504614665246166,11,3,1.4167928690516836,1.4167928690516831,FALSE,FALSE
comm_9088,10.436643422047862,3.0504614665246166,12,5,6.580134514238349,6.580134514,FALSE,FALSE
comm_9089,10.305974707674633,3.0504614665246166,9,3,7.263114997,7.263114997,FALSE,FALSE
comm_9090,9.250737311237213,3.0504614665246166,8,3,5.258089739127613,5.2580897391276125,FALSE,FALSE
comm_9091,9.959997251923845,3.0504614665246166,9,3,3.945141419631205,3.945141419631204,FALSE,FALSE
comm_9092,10.861263866140751,3.0504614665246166,10,4,2.564092012704903,2.564092012704903,FALSE,FALSE
comm_9093,10.544274615459342,3.0504614665246166,11,6,7.503414038634619,7.503414038634619,FALSE,FALSE
comm_9094,11.17307439,3.0504614665246166,9,2,3.0542546983767584,3.0542546983767593,FALSE,FALSE
comm_9095,11.397462586880788,3.0504614665246166,9,2,1.6400112583418465,1.6400112583418465,FALSE,FALSE
comm_9096,11.34811812,3.0504614665246166,9,5,4.733373168912038,4.733373169,FALSE,FALSE
comm_9097,9.734482686,3.0504614665246166,10,6,5.191117679122672,5.191117679122671,FALSE,FALSE
comm_9098,12.401764943748466,3.0504614665246166,12,4,2.637536218421028,2.637536218421028,FALSE,FALSE
comm_9099,10.605071055305515,3.0504614665246166,11,7,8.108269082026407,8.108269082026409,FALSE,FALSE
comm_9100,8.778967851122705,3.0504614665246166,11,5,5.990205142459105,5.990205142459105,FALSE,FALSE
comm_9101,9.303719569,3.0504614665246166,10,3,4.8447202699346645,4.8447202699346645,FALSE,FALSE
comm_9102,8.958953717054111,3.0504614665246166,12,3,1.4713166638621344,1.4713166638621349,FALSE,FALSE
comm_9103,8.879329149571106,3.0504614665246166,10,3,2.4268225535437504,2.426822554,FALSE,FALSE
comm_9104,9.032263123,3.0504614665246166,10,4,5.079201784069244,5.079201784069244,FALSE,FALSE
comm_9105,8.283267200525266,3.0504614665246166,11,5,5.9514097059622655,5.9514097059622655,FALSE,FALSE
comm_9106,8.060706605223775,3.0504614665246166,9,6,6.936520584522929,6.936520584522928,FALSE,FALSE
comm_9107,11.829204825215998,3.0504614665246166,8,3,3.5016554566217275,3.5016554566217284,FALSE,FALSE
comm_9108,9.679908633014929,3.0504614665246166,9,4,4.972929965778151,4.972929965778151,FALSE,FALSE
comm_9109,10.932166146151804,3.0504614665246166,12,6,4.556922211,4.556922211,FALSE,FALSE
comm_9110,10.000991284768237,3.0504614665246166,12,5,4.546869205526355,4.546869205526354,FALSE,FALSE
comm_9111,10.627307305786022,3.0504614665246166,11,6,5.247848130964475,5.247848130964476,FALSE,FALSE
comm_9112,9.183134457,3.0504614665246166,11,7,11.280132215033667,11.280132215033667,FALSE,FALSE
comm_9113,9.525937317935544,3.0504614665246166,10,4,4.141961608211208,4.141961608211208,FALSE,FALSE
comm_9114,9.153772835549242,3.0504614665246166,12,4,2.971897359187357,2.9718973591873574,FALSE,FALSE
comm_9115,11.565809535398865,3.0504614665246166,9,4,3.7719557277636655,3.7719557277636655,FALSE,FALSE
comm_9116,8.378616081508476,3.0504614665246166,12,5,8.434147082380868,8.434147082380868,FALSE,FALSE
comm_9117,8.350026408821272,3.0504614665246166,12,5,7.9173195179202605,7.9173195179202605,FALSE,FALSE
comm_9118,11.32553211,3.0504614665246166,9,4,7.822596191307697,7.822596191307696,FALSE,FALSE
comm_9119,9.962813938,3.0504614665246166,9,3,4.868949096141732,4.8689490961417325,FALSE,FALSE
comm_9120,9.650950706424249,3.0504614665246166,12,3,3.265739252707434,3.2657392527074336,FALSE,FALSE
comm_9121,9.871052202307162,3.0504614665246166,9,3,4.712310871291053,4.712310871291053,FALSE,FALSE
comm_9122,11.105978765789672,3.0504614665246166,11,4,4.492645852307506,4.492645852307506,FALSE,FALSE
comm_9123,10.59812450249675,3.0504614665246166,11,6,6.145506519069403,6.145506519069402,FALSE,FALSE
comm_9124,9.294890310469524,3.0504614665246166,8,4,7.1945624710105385,7.194562471010538,FALSE,FALSE
comm_9125,10.574159440551668,3.0504614665246166,11,3,3.672379922370575,3.672379922370576,FALSE,FALSE
comm_9126,11.047235009022462,3.0504614665246166,9,4,4.376434768576078,4.376434768576078,FALSE,FALSE
comm_9127,10.359121046374591,3.0504614665246166,11,3,5.403448725,5.403448725,FALSE,FALSE
comm_9128,8.706978059089842,3.0504614665246166,11,5,10.560404974611622,10.560404974611622,FALSE,FALSE
comm_9129,8.670329338472737,3.0504614665246166,8,3,7.584122402526705,7.584122402526704,FALSE,FALSE
comm_9130,9.241077930338058,3.0504614665246166,11,4,6.854925686223253,6.854925686223252,FALSE,FALSE
comm_9131,9.534320245230948,3.0504614665246166,8,4,5.088022604434878,5.088022604434878,FALSE,FALSE
comm_9132,9.186743502240796,3.0504614665246166,8,2,2.699484011162354,2.6994840111623537,FALSE,FALSE
comm_9133,9.935501243788222,3.0504614665246166,9,2,1.917548231748524,1.9175482317485235,FALSE,FALSE
comm_9134,10.14523561,3.0504614665246166,8,1,5.368772447812341,5.368772447812341,FALSE,FALSE
comm_9135,12.424232483862198,3.0504614665246166,9,2,2.231094362760485,2.2310943627604853,FALSE,FALSE
comm_9136,10.748549941192602,3.0504614665246166,12,4,3.7169012901091376,3.716901290109138,FALSE,FALSE
comm_9137,9.525659680016837,3.0504614665246166,10,2,3.1521210222146916,3.152121022214691,FALSE,FALSE
comm_9138,13.232434270168142,3.0504614665246166,11,6,5.827669361015629,5.827669361,FALSE,FALSE
comm_9139,10.128352539873529,3.0504614665246166,8,3,1.3463475744825213,1.3463475744825213,FALSE,FALSE
comm_9140,9.861515556037244,3.0504614665246166,12,5,4.031553037821899,4.031553038,FALSE,FALSE
comm_9141,11.81492805340416,3.0504614665246166,10,3,3.3300788816617946,3.330078881661795,FALSE,FALSE
comm_9142,9.007772599,3.0504614665246166,10,5,5.684855141217006,5.684855141217006,FALSE,FALSE
comm_9143,9.176160906984338,3.0504614665246166,8,3,4.117841281486106,4.117841281486107,FALSE,FALSE
comm_9144,10.785657322978915,3.0504614665246166,9,4,5.20553296,5.20553296,FALSE,FALSE
comm_9145,14.464600869012449,3.0504614665246166,9,5,4.215355495642189,4.215355495642189,FALSE,FALSE
comm_9146,10.942841675796416,3.0504614665246166,9,2,3.017694614866395,3.0176946148663952,FALSE,FALSE
comm_9147,9.141218704036888,3.0504614665246166,9,3,3.6521517154086847,3.6521517154086847,FALSE,FALSE
comm_9148,9.297728951945407,3.0504614665246166,8,4,5.667932053215317,5.667932053215317,FALSE,FALSE
comm_9149,9.151094091397084,3.0504614665246166,12,2,0.2700295709755596,0.2700295709755596,FALSE,FALSE
comm_9150,10.80298808472141,3.0504614665246166,9,4,4.4032942168606475,4.4032942168606475,FALSE,FALSE
comm_9151,10.193587096618678,3.0504614665246166,12,5,8.184492917287612,8.184492917287612,FALSE,FALSE
comm_9152,9.458504821826011,3.0504614665246166,8,4,4.481819447521012,4.481819447521012,FALSE,FALSE
comm_9153,10.34342305981362,3.0504614665246166,11,3,7.1588185670339355,7.1588185670339355,FALSE,FALSE
comm_9154,8.850165187741219,3.0504614665246166,8,5,12.497224376340831,12.497224376340831,FALSE,FALSE
comm_9155,10.481485259614134,3.0504614665246166,9,5,7.670548100862372,7.670548100862371,FALSE,FALSE
comm_9156,11.116929543913034,3.0504614665246166,9,3,5.426086263223026,5.426086263223026,FALSE,FALSE
comm_9157,9.686430420315006,3.0504614665246166,11,7,6.162075365146276,6.162075365146275,FALSE,FALSE
comm_9158,10.451461098636273,3.0504614665246166,12,3,0.6211755408644682,0.6211755408644682,FALSE,FALSE
comm_9159,9.186379030420817,3.0504614665246166,12,4,3.1866197805450422,3.1866197805450422,FALSE,FALSE
comm_9160,10.727005466777662,3.0504614665246166,11,4,2.102229151624063,2.102229151624063,FALSE,FALSE
comm_9161,10.232662528634789,3.0504614665246166,10,3,5.050355642632298,5.050355642632299,FALSE,FALSE
comm_9162,10.199855088000357,3.0504614665246166,9,3,3.783261523107313,3.7832615231073135,FALSE,FALSE
comm_9163,13.386983009898028,3.0504614665246166,8,4,1.6089820863613935,1.608982086361394,FALSE,FALSE
comm_9164,9.635844769,3.0504614665246166,8,4,9.081228203817115,9.081228203817115,FALSE,FALSE
comm_9165,10.692787708317022,3.0504614665246166,10,2,2.2776932187226797,2.2776932187226797,FALSE,FALSE
comm_9166,10.728019244150005,3.0504614665246166,8,4,3.708404162358684,3.708404162358683,FALSE,FALSE
comm_9167,8.908663900116379,3.0504614665246166,10,3,1.9841845832023997,1.9841845832023997,FALSE,FALSE
comm_9168,12.91209678921956,3.0504614665246166,9,3,1.2382526507005078,1.2382526507005076,FALSE,FALSE
comm_9169,9.710934801,3.0504614665246166,12,5,3.851888978665899,3.851888978665899,FALSE,FALSE
comm_9170,9.258480001607504,3.0504614665246166,8,2,5.782590461491796,5.782590461491794,FALSE,FALSE
comm_9171,10.41259579,3.0504614665246166,9,2,4.142862964000477,4.142862964000476,FALSE,FALSE
comm_9172,10.945018186241809,3.0504614665246166,10,5,5.757778850763585,5.757778850763585,FALSE,FALSE
comm_9173,8.621784417272801,3.0504614665246166,8,3,6.367054591357519,6.367054591357518,FALSE,FALSE
comm_9174,9.046062270764228,3.0504614665246166,11,6,3.3550818629471273,3.3550818629471264,FALSE,FALSE
comm_9175,9.718979836,3.0504614665246166,12,4,2.330284714872344,2.330284714872344,FALSE,FALSE
comm_9176,9.154271447410853,3.0504614665246166,8,2,2.0476965122147943,2.047696512214794,FALSE,FALSE
comm_9177,9.580599192,3.0504614665246166,11,6,6.1231820453765575,6.1231820453765575,FALSE,FALSE
comm_9178,10.80241103036507,3.0504614665246166,8,2,2.1824601699731088,2.1824601699731083,FALSE,FALSE
comm_9179,9.035204917452557,3.0504614665246166,12,7,7.358140581542399,7.358140581542399,FALSE,FALSE
comm_9180,10.70163717341925,3.0504614665246166,9,4,4.917109478,4.917109478,FALSE,FALSE
comm_9181,9.260510548194992,3.0504614665246166,8,3,8.15785804,8.157858040010389,FALSE,FALSE
comm_9182,10.124953609478212,3.0504614665246166,9,5,4.7195914177058045,4.7195914177058045,FALSE,FALSE
comm_9183,11.76616333816924,3.0504614665246166,12,6,3.614383458045439,3.614383458045439,FALSE,FALSE
comm_9184,10.455916288679983,3.0504614665246166,12,4,4.743923833233721,4.743923833233721,FALSE,FALSE
comm_9185,8.580161907,3.0504614665246166,10,2,2.680608233035964,2.680608233035964,FALSE,FALSE
comm_9186,8.717942358520231,3.0504614665246166,12,4,4.5061688477947195,4.506168847794719,FALSE,FALSE
comm_9187,10.24175120507978,3.0504614665246166,12,6,5.684041165394276,5.684041165394276,FALSE,FALSE
comm_9188,10.282115701630977,3.0504614665246166,11,2,0.2610937199231019,0.2610937199231019,FALSE,FALSE
comm_9189,10.181914921641956,3.0504614665246166,10,5,4.105895313605537,4.105895313605538,FALSE,FALSE
comm_9190,12.263875906813254,3.0504614665246166,9,4,4.156306128013924,4.156306128013924,FALSE,FALSE
comm_9191,11.24488907,3.0504614665246166,11,4,4.212489697181162,4.212489697181162,FALSE,FALSE
comm_9192,10.022159317021492,3.0504614665246166,11,7,9.202202272619347,9.202202272619346,FALSE,FALSE
comm_9193,9.104615931,3.0504614665246166,10,3,2.9882691695142234,2.9882691695142234,FALSE,FALSE
comm_9194,9.554859916852257,3.0504614665246166,12,3,2.5019747606956457,2.5019747606956457,FALSE,FALSE
comm_9195,8.908144443020634,3.0504614665246166,10,4,4.143757660077167,4.143757660077166,FALSE,FALSE
comm_9196,8.319948776838906,3.0504614665246166,11,6,13.298552494108405,13.298552494108405,FALSE,FALSE
comm_9197,9.310419757252465,3.0504614665246166,8,3,3.544933673878219,3.544933673878219,FALSE,FALSE
comm_9198,10.310694871537336,3.0504614665246166,11,3,2.0057353372864126,2.0057353372864126,FALSE,FALSE
comm_9199,8.855797319855178,3.0504614665246166,11,3,2.576630864219222,2.576630864219222,FALSE,FALSE
comm_9200,12.66163955347844,3.0504614665246166,10,5,3.463218438819504,3.4632184388195033,FALSE,FALSE
comm_9201,9.810673355185273,3.0504614665246166,11,5,5.962255367245773,5.962255367245774,FALSE,FALSE
comm_9202,11.613829700130132,3.0504614665246166,9,3,1.447608149833012,1.447608149833012,FALSE,FALSE
comm_9203,10.821979631732646,3.0504614665246166,11,6,3.99710996,3.9971099604164615,FALSE,FALSE
comm_9204,8.675021717,3.0504614665246166,8,4,6.884342943959226,6.884342943959227,FALSE,FALSE
comm_9205,10.36177275965878,3.0504614665246166,12,6,7.234056059924599,7.234056059924599,FALSE,FALSE
comm_9206,10.532182435882806,3.0504614665246166,9,5,4.915650650430781,4.915650650430781,FALSE,FALSE
comm_9207,9.784092259104137,3.0504614665246166,12,5,3.5861892226458716,3.5861892226458716,FALSE,FALSE
comm_9208,9.137958781070148,3.0504614665246166,10,3,1.7038472154542386,1.7038472154542386,FALSE,FALSE
comm_9209,9.657776373708838,3.0504614665246166,8,2,2.239577710129047,2.239577710129047,FALSE,FALSE
comm_9210,10.05048640590455,3.0504614665246166,9,6,7.258181043664435,7.258181043664434,FALSE,FALSE
comm_9211,9.307727262176304,3.0504614665246166,10,5,6.558161832280203,6.558161832280202,FALSE,FALSE
comm_9212,9.764132114934917,3.0504614665246166,12,5,7.446863888275782,7.446863888275782,FALSE,FALSE
comm_9213,11.934646518907426,3.0504614665246166,8,2,1.544254542034769,1.5442545420347686,FALSE,FALSE
comm_9214,9.587014562428992,3.0504614665246166,9,4,3.399412889,3.399412889,FALSE,FALSE
comm_9215,9.333099923458532,3.0504614665246166,10,6,6.065311663172865,6.065311663172865,FALSE,FALSE
comm_9216,9.087483423539927,3.0504614665246166,11,3,3.077036642569474,3.0770366425694737,FALSE,FALSE
comm_9217,10.40415713233839,3.0504614665246166,10,2,0.456095521,0.456095521,FALSE,FALSE
comm_9218,12.076558853689844,3.0504614665246166,9,4,3.793683202979771,3.7936832029797714,FALSE,FALSE
comm_9219,10.482890733066547,3.0504614665246166,9,5,8.025597501485699,8.025597501485699,FALSE,FALSE
comm_9220,10.88727805394293,3.0504614665246166,12,3,1.8768231106417836,1.8768231106417836,FALSE,FALSE
comm_9221,9.819663786,3.0504614665246166,12,5,3.365269167233714,3.365269167233714,FALSE,FALSE
comm_9222,8.931579782331802,3.0504614665246166,10,4,4.384670911100379,4.384670911100381,FALSE,FALSE
comm_9223,9.728718659646486,3.0504614665246166,10,3,4.209691920303719,4.209691920303719,FALSE,FALSE
comm_9224,9.625104554570976,3.0504614665246166,12,3,7.356311785499588,7.356311785499588,FALSE,FALSE
comm_9225,9.973510900725866,3.0504614665246166,10,4,4.699904679023104,4.6999046790231045,FALSE,FALSE
comm_9226,8.814129090166084,3.0504614665246166,10,4,4.898213457726326,4.898213457726325,FALSE,FALSE
comm_9227,10.057282748643754,3.0504614665246166,8,1,1.3600341901709354,1.3600341901709352,FALSE,FALSE
comm_9228,10.720095051188837,3.0504614665246166,8,4,5.992687301819481,5.9926873018194815,FALSE,FALSE
comm_9229,8.932833890232459,3.0504614665246166,11,5,4.435249624224193,4.435249624224193,FALSE,FALSE
comm_9230,11.502412446674583,3.0504614665246166,9,2,0.7931203838527284,0.7931203838527281,FALSE,FALSE
comm_9231,11.215140650901578,3.0504614665246166,8,3,2.695949705308643,2.6959497053086436,FALSE,FALSE
comm_9232,10.618757999280245,3.0504614665246166,8,4,6.273295886039262,6.273295886,FALSE,FALSE
comm_9233,9.654662800550986,3.0504614665246166,9,3,3.5031341646519345,3.5031341646519345,FALSE,FALSE
comm_9234,8.316498714924057,3.0504614665246166,11,4,3.558418122,3.558418122,FALSE,FALSE
comm_9235,9.206905502309263,3.0504614665246166,12,5,4.961991091915955,4.961991091915955,FALSE,FALSE
comm_9236,10.19755843401076,3.0504614665246166,10,6,4.311285389,4.311285388774481,FALSE,FALSE
comm_9237,9.328865242743312,3.0504614665246166,12,4,4.5584389164768755,4.5584389164768755,FALSE,FALSE
comm_9238,11.098345852663645,3.0504614665246166,11,4,3.230093343701713,3.2300933437017134,FALSE,FALSE
comm_9239,10.185467606779916,3.0504614665246166,8,3,2.838290097425527,2.838290097425527,FALSE,FALSE
comm_9240,11.856006994446222,3.0504614665246166,10,5,2.7783281445860455,2.778328144586046,FALSE,FALSE
comm_9241,10.35529704928362,3.0504614665246166,12,4,2.0506405293714742,2.0506405293714747,FALSE,FALSE
comm_9242,9.250736545807602,3.0504614665246166,9,2,3.0937443309898502,3.093744331,FALSE,FALSE
comm_9243,10.93907978797003,3.0504614665246166,9,3,2.9946604332725615,2.994660433272561,FALSE,FALSE
comm_9244,9.794918221229423,3.0504614665246166,12,4,2.6172987837677484,2.617298783767749,FALSE,FALSE
comm_9245,12.74933715882566,3.0504614665246166,11,6,3.9036932359513186,3.9036932359513186,FALSE,FALSE
comm_9246,9.228028834,3.0504614665246166,10,3,1.9004281147466124,1.900428114746612,FALSE,FALSE
comm_9247,11.124315684733109,3.0504614665246166,9,4,4.309394238459122,4.309394238459122,FALSE,FALSE
comm_9248,11.643862718522737,3.0504614665246166,12,7,5.141553358609118,5.1415533586091176,FALSE,FALSE
comm_9249,9.141015196,3.0504614665246166,11,4,3.988767310014684,3.988767310014683,FALSE,FALSE
comm_9250,10.305780177388051,3.0504614665246166,11,5,3.794341832245773,3.794341832245773,FALSE,FALSE
comm_9251,11.00275787507756,3.0504614665246166,10,3,5.375282803523477,5.375282803523477,FALSE,FALSE
comm_9252,9.989212470132856,3.0504614665246166,8,2,2.6343227997442464,2.6343227997442464,FALSE,FALSE
comm_9253,10.15055392470937,3.0504614665246166,8,3,1.7789652925218786,1.7789652925218782,FALSE,FALSE
comm_9254,11.40034096001385,3.0504614665246166,9,5,4.132904990484861,4.132904990484862,FALSE,FALSE
comm_9255,9.763116651496295,3.0504614665246166,8,2,2.105080651,2.1050806509659195,FALSE,FALSE
comm_9256,9.827131851,3.0504614665246166,11,6,4.051990187231338,4.051990187231338,FALSE,FALSE
comm_9257,10.684758775346864,3.0504614665246166,10,5,4.381991805479636,4.381991805479635,FALSE,FALSE
comm_9258,9.107200796,3.0504614665246166,9,5,8.553818392455007,8.553818392455007,FALSE,FALSE
comm_9259,10.537513694242849,3.0504614665246166,10,6,4.197668421321739,4.197668421321739,FALSE,FALSE
comm_9260,8.988916133,3.0504614665246166,10,4,6.093060613859108,6.093060613859109,FALSE,FALSE
comm_9261,9.048881123371464,3.0504614665246166,10,3,2.9715957205830046,2.9715957205830046,FALSE,FALSE
comm_9262,10.10598653504552,3.0504614665246166,12,5,5.621207330097405,5.621207330097405,FALSE,FALSE
comm_9263,9.912852618899256,3.0504614665246166,8,4,5.176617445129079,5.176617445129079,FALSE,FALSE
comm_9264,11.267213164326622,3.0504614665246166,8,4,2.832966725287153,2.832966725287153,FALSE,FALSE
comm_9265,8.734386676443867,3.0504614665246166,10,5,8.135981279328313,8.135981279,FALSE,FALSE
comm_9266,9.334247324,3.0504614665246166,11,5,5.015841573300562,5.015841573300561,FALSE,FALSE
comm_9267,8.386721811,3.0504614665246166,12,4,3.4906979772285545,3.4906979772285545,FALSE,FALSE
comm_9268,12.044625381153256,3.0504614665246166,10,3,0.3971384705326836,0.3971384705326836,FALSE,FALSE
comm_9269,9.492945199175391,3.0504614665246166,9,3,3.178535974093798,3.178535974093798,FALSE,FALSE
comm_9270,9.422897463881066,3.0504614665246166,11,6,5.400158301339296,5.400158301339297,FALSE,FALSE
comm_9271,8.76712399,3.0504614665246166,11,6,4.927476495743613,4.9274764957436155,FALSE,FALSE
comm_9272,9.140918812010604,3.0504614665246166,9,5,5.854464235,5.8544642353799805,FALSE,FALSE
comm_9273,10.25433400590888,3.0504614665246166,10,4,2.7429888770475985,2.7429888770475985,FALSE,FALSE
comm_9274,10.670295201156392,3.0504614665246166,11,5,4.4623395834346935,4.462339583434693,FALSE,FALSE
comm_9275,11.008555100425742,3.0504614665246166,8,3,1.6269356107939923,1.6269356107939923,FALSE,FALSE
comm_9276,8.970194091581153,3.0504614665246166,8,3,3.7389547307831954,3.7389547307831945,FALSE,FALSE
comm_9277,9.374141989092886,3.0504614665246166,8,3,4.6812428106990005,4.6812428106990005,FALSE,FALSE
comm_9278,11.036926314096725,3.0504614665246166,9,5,2.8679254139454677,2.8679254139454673,FALSE,FALSE
comm_9279,8.988600571,3.0504614665246166,10,5,5.737756206326173,5.737756206326175,FALSE,FALSE
comm_9280,8.319599717025339,3.0504614665246166,10,3,4.9084434819757465,4.908443481975747,FALSE,FALSE
comm_9281,9.597342867315724,3.0504614665246166,9,4,9.458947998557502,9.458947998557502,FALSE,FALSE
comm_9282,10.662637891267316,3.0504614665246166,12,4,2.1843387418512528,2.1843387418512528,FALSE,FALSE
comm_9283,10.315026693508113,3.0504614665246166,8,3,6.148221609557635,6.148221609557635,FALSE,FALSE
comm_9284,9.517923995,3.0504614665246166,8,4,5.129839505945297,5.129839505945297,FALSE,FALSE
comm_9285,10.691742376675048,3.0504614665246166,11,5,4.607206971974065,4.6072069719740645,FALSE,FALSE
comm_9286,9.140915347223912,3.0504614665246166,8,3,2.599239584464965,2.599239584464965,FALSE,FALSE
comm_9287,10.148421143819435,3.0504614665246166,11,5,3.6499581195598223,3.6499581195598223,FALSE,FALSE
comm_9288,11.053159070521192,3.0504614665246166,12,5,2.292479766232435,2.292479766232435,FALSE,FALSE
comm_9289,10.01726063328862,3.0504614665246166,8,4,5.191814090957627,5.191814090957628,FALSE,FALSE
comm_9290,9.197388370245491,3.0504614665246166,10,4,4.809382406065859,4.809382406065861,FALSE,FALSE
comm_9291,10.55378982382687,3.0504614665246166,12,5,5.469908688896987,5.469908688896987,FALSE,FALSE
comm_9292,10.447432152378951,3.0504614665246166,11,5,4.337035844382631,4.337035844382629,FALSE,FALSE
comm_9293,9.562377990894475,3.0504614665246166,9,4,3.2398181512446453,3.239818151244645,FALSE,FALSE
comm_9294,9.385717104995642,3.0504614665246166,12,2,1.8670950558690065,1.8670950558690065,FALSE,FALSE
comm_9295,8.665107803,3.0504614665246166,11,4,3.3753245596121086,3.3753245596121086,FALSE,FALSE
comm_9296,12.388040097406146,3.0504614665246166,9,2,1.9030234270846993,1.9030234270846993,FALSE,FALSE
comm_9297,10.108592428528906,3.0504614665246166,12,4,2.308880176,2.308880176,FALSE,FALSE
comm_9298,9.689714941481576,3.0504614665246166,10,5,2.3108034186365485,2.310803418636548,FALSE,FALSE
comm_9299,10.220374032617348,3.0504614665246166,9,4,5.582477766247724,5.582477766247725,FALSE,FALSE
comm_9300,10.926411843250728,3.0504614665246166,12,4,4.190275121743753,4.190275121743753,FALSE,FALSE
comm_9301,10.440527318483577,3.0504614665246166,11,5,5.0195406958650555,5.0195406958650555,FALSE,FALSE
comm_9302,9.721207245223168,3.0504614665246166,11,3,5.733475057940359,5.733475057940359,FALSE,FALSE
comm_9303,9.393482916105464,3.0504614665246166,11,5,14.514459912007185,14.514459912007185,FALSE,FALSE
comm_9304,10.732053044966047,3.0504614665246166,11,4,2.6121990514954687,2.6121990514954687,FALSE,FALSE
comm_9305,8.388427035,3.0504614665246166,8,3,2.843489123842216,2.843489123842216,FALSE,FALSE
comm_9306,9.221074588751236,3.0504614665246166,11,4,5.799802569604922,5.799802569604921,FALSE,FALSE
comm_9307,10.416639321492983,3.0504614665246166,11,4,2.3609989029441496,2.360998903,FALSE,FALSE
comm_9308,10.315111635947911,3.0504614665246166,12,6,9.713576416060286,9.713576416060286,FALSE,FALSE
comm_9309,9.464023012858242,3.0504614665246166,12,5,5.593552058246289,5.593552058246289,FALSE,FALSE
comm_9310,8.925511434972696,3.0504614665246166,12,5,5.158059890332851,5.15805989,FALSE,FALSE
comm_9311,9.006416561,3.0504614665246166,8,5,3.8771079600191394,3.8771079600191394,FALSE,FALSE
comm_9312,10.483414899700216,3.0504614665246166,9,4,4.953196278409332,4.953196278409332,FALSE,FALSE
comm_9313,15.061651669756568,3.0504614665246166,8,1,0.4835905615710101,0.483590562,FALSE,FALSE
comm_9314,11.536279750299403,3.0504614665246166,8,3,3.855019810491057,3.855019810491057,FALSE,FALSE
comm_9315,10.620719794116503,3.0504614665246166,9,2,3.998256985145046,3.9982569851450473,FALSE,FALSE
comm_9316,10.542736952852623,3.0504614665246166,10,4,4.815034160725085,4.815034160725085,FALSE,FALSE
comm_9317,10.534379061890233,3.0504614665246166,9,4,1.1922324629172234,1.1922324629172234,FALSE,FALSE
comm_9318,9.359837616245883,3.0504614665246166,10,5,5.142106421618047,5.142106421618046,FALSE,FALSE
comm_9319,9.315560746324092,3.0504614665246166,11,4,3.523315653467536,3.5233156534675354,FALSE,FALSE
comm_9320,10.154333890519316,3.0504614665246166,9,2,1.5742271798879592,1.5742271798879597,FALSE,FALSE
comm_9321,10.952326321055496,3.0504614665246166,12,5,2.955701846357995,2.955701846357995,FALSE,FALSE
comm_9322,11.039788855529489,3.0504614665246166,9,4,3.865844664014633,3.8658446640146327,FALSE,FALSE
comm_9323,12.2411647,3.0504614665246166,9,3,2.341489319241787,2.341489319241787,FALSE,FALSE
comm_9324,8.655132427868914,3.0504614665246166,12,4,4.726234398932062,4.726234398932062,FALSE,FALSE
comm_9325,11.579983033215326,3.0504614665246166,9,3,6.629059937075297,6.629059937075299,FALSE,FALSE
comm_9326,10.064206426199318,3.0504614665246166,11,3,2.778694256515447,2.778694256515447,FALSE,FALSE
comm_9327,8.996134109761861,3.0504614665246166,9,3,3.5193214631141525,3.519321463114152,FALSE,FALSE
comm_9328,9.825374699723278,3.0504614665246166,8,3,3.800950474283979,3.800950474,FALSE,FALSE
comm_9329,10.209335216640367,3.0504614665246166,9,4,3.728612353220971,3.728612353220971,FALSE,FALSE
comm_9330,8.772304093381925,3.0504614665246166,11,6,6.477912873994296,6.477912873994296,FALSE,FALSE
comm_9331,9.847695065788567,3.0504614665246166,11,4,8.110678944079053,8.110678944079053,FALSE,FALSE
comm_9332,9.673866603809609,3.0504614665246166,12,5,6.3751030271341715,6.375103027134173,FALSE,FALSE
comm_9333,10.436937084381166,3.0504614665246166,8,4,4.862059368485363,4.862059368485363,FALSE,FALSE
comm_9334,11.769782727716422,3.0504614665246166,8,4,3.395459825639162,3.3954598256391617,FALSE,FALSE
comm_9335,8.811913811665244,3.0504614665246166,10,6,7.284710404144957,7.284710404144957,FALSE,FALSE
comm_9336,9.344066810726668,3.0504614665246166,12,3,2.078914958646915,2.078914958646915,FALSE,FALSE
comm_9337,12.59907768978213,3.0504614665246166,9,4,2.351979176179316,2.3519791761793165,FALSE,FALSE
comm_9338,9.882622907,3.0504614665246166,10,4,3.009239102293822,3.0092391022938214,FALSE,FALSE
comm_9339,10.218309811718663,3.0504614665246166,9,2,2.082049847513658,2.0820498475136584,FALSE,FALSE
comm_9340,11.07252075,3.0504614665246166,9,5,5.072858358283039,5.072858358283038,FALSE,FALSE
comm_9341,10.488487611762958,3.0504614665246166,8,2,1.4006021753752855,1.4006021753752855,FALSE,FALSE
comm_9342,11.175721544647592,3.0504614665246166,10,4,2.9326982017507937,2.9326982017507937,FALSE,FALSE
comm_9343,11.008198965745647,3.0504614665246166,11,4,1.969206598,1.9692065980982096,FALSE,FALSE
comm_9344,11.122309824922096,3.0504614665246166,11,3,2.2792136272343835,2.279213627234383,FALSE,FALSE
comm_9345,10.577546443377868,3.0504614665246166,11,4,3.2324003848196323,3.2324003848196328,FALSE,FALSE
comm_9346,10.816479437462672,3.0504614665246166,10,5,3.521224381752541,3.521224381752541,FALSE,FALSE
comm_9347,10.693569122561293,3.0504614665246166,10,3,1.801570441224683,1.8015704412246825,FALSE,FALSE
comm_9348,9.285084776,3.0504614665246166,9,4,6.059588133477661,6.059588133,FALSE,FALSE
comm_9349,9.734500386,3.0504614665246166,12,5,7.635250919156606,7.635250919156605,FALSE,FALSE
comm_9350,10.732437842949723,3.0504614665246166,11,2,2.0765835234449255,2.076583523444926,FALSE,FALSE
comm_9351,11.572457351682043,3.0504614665246166,12,4,2.085057523518022,2.085057523518022,FALSE,FALSE
comm_9352,8.919668084936037,3.0504614665246166,11,3,4.142213352070428,4.142213352070429,FALSE,FALSE
comm_9353,9.557956382516355,3.0504614665246166,11,6,9.308157016771212,9.308157017,FALSE,FALSE
comm_9354,13.25581342747245,3.0504614665246166,8,4,4.634905118487309,4.634905118487307,FALSE,FALSE
comm_9355,9.744485646767837,3.0504614665246166,8,5,7.359579501530971,7.359579501530971,FALSE,FALSE
comm_9356,10.009973831144585,3.0504614665246166,11,3,4.273084291793475,4.2730842917934755,FALSE,FALSE
comm_9357,9.2638224,3.0504614665246166,8,3,2.7754449983485645,2.7754449983485645,FALSE,FALSE
comm_9358,9.031088589877056,3.0504614665246166,10,3,4.296641832671069,4.296641832671069,FALSE,FALSE
comm_9359,11.587151615232314,3.0504614665246166,10,3,1.4940237486154715,1.494023748615472,FALSE,FALSE
comm_9360,10.43196559640603,3.0504614665246166,10,5,8.770264877932869,8.770264878,FALSE,FALSE
comm_9361,11.43937162,3.0504614665246166,8,5,5.073942056628833,5.073942056628835,FALSE,FALSE
comm_9362,12.105619776893455,3.0504614665246166,9,4,5.281322205202963,5.281322205202963,FALSE,FALSE
comm_9363,9.736721644542888,3.0504614665246166,8,4,4.582247306931077,4.582247306931077,FALSE,FALSE
comm_9364,12.001295985333227,3.0504614665246166,9,3,2.3398416256322605,2.339841626,FALSE,FALSE
comm_9365,10.97596749310494,3.0504614665246166,8,5,5.322423243,5.322423243,FALSE,FALSE
comm_9366,9.509224966498715,3.0504614665246166,11,3,2.4303453251747023,2.4303453251747027,FALSE,FALSE
comm_9367,9.584004857799089,3.0504614665246166,11,5,5.848555531313968,5.848555531313968,FALSE,FALSE
comm_9368,10.606929341244792,3.0504614665246166,12,5,5.253443249,5.253443249,FALSE,FALSE
comm_9369,9.479230388206297,3.0504614665246166,10,2,1.4522896495437436,1.4522896495437436,FALSE,FALSE
comm_9370,11.09480938175347,3.0504614665246166,10,4,4.507241550245187,4.507241550245186,FALSE,FALSE
comm_9371,9.303315151717172,3.0504614665246166,8,4,5.819268679425458,5.819268679425459,FALSE,FALSE
comm_9372,10.01326802487889,3.0504614665246166,10,4,3.2645334028538993,3.2645334028538993,FALSE,FALSE
comm_9373,9.675206090004348,3.0504614665246166,9,2,1.4165576763539824,1.4165576763539824,FALSE,FALSE
comm_9374,9.641894881876144,3.0504614665246166,9,5,6.043075067711655,6.043075067711654,FALSE,FALSE
comm_9375,10.876493174281206,3.0504614665246166,10,4,3.626427489933422,3.6264274899334223,FALSE,FALSE
comm_9376,9.752563458,3.0504614665246166,11,4,6.3115218345963955,6.3115218345963955,FALSE,FALSE
comm_9377,10.651310493405216,3.0504614665246166,10,3,0.9670717137836276,0.9670717137836278,FALSE,FALSE
comm_9378,9.855844672,3.0504614665246166,8,3,4.321139217116821,4.321139217,FALSE,FALSE
comm_9379,10.324379960363045,3.0504614665246166,9,5,1.671161931648417,1.6711619316484168,FALSE,FALSE
comm_9380,10.940900101744411,3.0504614665246166,10,4,2.5023076949600447,2.502307694960044,FALSE,FALSE
comm_9381,10.780327709645308,3.0504614665246166,8,3,2.004131092061496,2.004131092061496,FALSE,FALSE
comm_9382,9.137400681667014,3.0504614665246166,12,3,1.469717097314778,1.4697170973147775,FALSE,FALSE
comm_9383,12.135302777166682,3.0504614665246166,9,2,2.157709399362522,2.157709399362522,FALSE,FALSE
comm_9384,10.226395649146305,3.0504614665246166,11,6,8.10250414,8.102504140161168,FALSE,FALSE
comm_9385,11.221869648076018,3.0504614665246166,11,4,3.2764095905898554,3.2764095905898563,FALSE,FALSE
comm_9386,16.022045578411042,3.0504614665246166,9,5,3.156260331013538,3.1562603310135384,FALSE,FALSE
comm_9387,11.63427351920109,3.0504614665246166,9,1,3.0822221296208823,3.082222129620883,FALSE,FALSE
comm_9388,9.179115478755424,3.0504614665246166,12,6,7.208719505016712,7.208719505016712,FALSE,FALSE
comm_9389,8.212226242235044,3.0504614665246166,12,6,5.858362775038311,5.8583627750383105,FALSE,FALSE
comm_9390,9.640160622429208,3.0504614665246166,11,5,5.593144425440691,5.593144425440692,FALSE,FALSE
comm_9391,9.747629675407545,3.0504614665246166,12,5,4.392493972782046,4.392493972782046,FALSE,FALSE
comm_9392,9.340110626766831,3.0504614665246166,9,3,5.0753148862177735,5.0753148862177735,FALSE,FALSE
comm_9393,10.686224913763995,3.0504614665246166,8,3,4.922272133237391,4.922272133237392,FALSE,FALSE
comm_9394,11.404358052666677,3.0504614665246166,8,5,5.708575032,5.708575032258069,FALSE,FALSE
comm_9395,10.619411872066332,3.0504614665246166,8,2,0.7630353269891434,0.7630353269891433,FALSE,FALSE
comm_9396,9.573942003418594,3.0504614665246166,9,2,1.7450516784403762,1.7450516784403762,FALSE,FALSE
comm_9397,10.01556491554695,3.0504614665246166,8,2,1.742887176038577,1.742887176038577,FALSE,FALSE
comm_9398,10.33753999933994,3.0504614665246166,9,5,4.0492996408652875,4.049299640865287,FALSE,FALSE
comm_9399,9.435588150450744,3.0504614665246166,8,5,10.63373310997558,10.633733109975582,FALSE,FALSE
comm_9400,9.595994716187608,3.0504614665246166,8,2,2.7145776920743527,2.7145776920743527,FALSE,FALSE
comm_9401,10.235409953011231,3.0504614665246166,12,6,6.188523717025133,6.188523717025132,FALSE,FALSE
comm_9402,10.181796289064998,3.0504614665246166,12,4,5.276144376904942,5.276144376904942,FALSE,FALSE
comm_9403,10.055707215614886,3.0504614665246166,9,3,3.4050814708731387,3.4050814708731383,FALSE,FALSE
comm_9404,10.20302010403372,3.0504614665246166,8,4,4.318456629196503,4.318456629196503,FALSE,FALSE
comm_9405,9.529267505,3.0504614665246166,11,3,2.2148910280210634,2.2148910280210634,FALSE,FALSE
comm_9406,10.617368053121892,3.0504614665246166,11,2,1.6133220601676816,1.6133220601676814,FALSE,FALSE
comm_9407,9.015063571692115,3.0504614665246166,12,4,4.725400782142594,4.725400782142594,FALSE,FALSE
comm_9408,10.39283158108556,3.0504614665246166,8,3,1.8577495397819064,1.8577495397819068,FALSE,FALSE
comm_9409,11.112893882458676,3.0504614665246166,10,3,2.9305465758138656,2.930546575813865,FALSE,FALSE
comm_9410,8.795064610722482,3.0504614665246166,11,7,10.277544172052984,10.277544172052984,FALSE,FALSE
comm_9411,11.166448225276111,3.0504614665246166,9,5,3.7484665,3.7484665,FALSE,FALSE
comm_9412,9.546918377,3.0504614665246166,10,4,5.806702158,5.806702158,FALSE,FALSE
comm_9413,9.547173063183244,3.0504614665246166,11,6,5.5834509941328285,5.583450994132829,FALSE,FALSE
comm_9414,10.27551442703184,3.0504614665246166,8,1,0.8806507049306044,0.8806507049306043,FALSE,FALSE
comm_9415,9.962641976940382,3.0504614665246166,10,4,6.718019738435618,6.718019738435617,FALSE,FALSE
comm_9416,11.888111569462671,3.0504614665246166,9,3,5.723477419093347,5.723477419093347,FALSE,FALSE
comm_9417,9.561865323000386,3.0504614665246166,12,6,3.432224218335308,3.432224218335308,FALSE,FALSE
comm_9418,8.480298667533766,3.0504614665246166,8,4,6.739275012858082,6.739275012858081,FALSE,FALSE
comm_9419,9.260746049485688,3.0504614665246166,10,5,4.341486247652199,4.341486247652199,FALSE,FALSE
comm_9420,9.940867577695208,3.0504614665246166,12,4,4.740407951056332,4.740407951056331,FALSE,FALSE
comm_9421,9.763178737,3.0504614665246166,8,4,7.181397711809677,7.181397711809676,FALSE,FALSE
comm_9422,8.733575092847326,3.0504614665246166,8,4,5.001818352514812,5.001818352514813,FALSE,FALSE
comm_9423,9.103208919840512,3.0504614665246166,10,3,1.9987894444716652,1.9987894444716656,FALSE,FALSE
comm_9424,11.58669118886743,3.0504614665246166,11,4,1.5893912277389854,1.5893912277389852,FALSE,FALSE
comm_9425,11.003382629485069,3.0504614665246166,8,5,4.3451321151373445,4.345132115137344,FALSE,FALSE
comm_9426,9.770070689,3.0504614665246166,10,6,4.515185640377323,4.515185640377323,FALSE,FALSE
comm_9427,10.039904266174585,3.0504614665246166,9,5,2.7372036493970557,2.7372036493970557,FALSE,FALSE
comm_9428,8.425369728693836,3.0504614665246166,12,6,7.353372618735221,7.353372619,FALSE,FALSE
comm_9429,10.117093136466512,3.0504614665246166,12,3,3.693064295287016,3.6930642952870167,FALSE,FALSE
comm_9430,10.683870519060656,3.0504614665246166,8,3,4.404479173616752,4.4044791736167515,FALSE,FALSE
comm_9431,10.825621796152408,3.0504614665246166,11,3,1.7465847632289973,1.7465847632289973,FALSE,FALSE
comm_9432,9.146083456324613,3.0504614665246166,9,4,7.010849926331146,7.0108499263311455,FALSE,FALSE
comm_9433,10.512741583373998,3.0504614665246166,9,5,5.247391804028862,5.247391804028862,FALSE,FALSE
comm_9434,9.462412926375269,3.0504614665246166,10,3,4.4574375855331105,4.4574375855331105,FALSE,FALSE
comm_9435,11.202055506490408,3.0504614665246166,12,3,2.0440946405139244,2.044094640513924,FALSE,FALSE
comm_9436,9.360848779,3.0504614665246166,12,3,1.8857249191228895,1.8857249191228895,FALSE,FALSE
comm_9437,11.031090917810932,3.0504614665246166,10,2,0.9392311966108864,0.9392311966108864,FALSE,FALSE
comm_9438,9.443854804753643,3.0504614665246166,11,5,3.644027445912614,3.6440274459126134,FALSE,FALSE
comm_9439,10.925881394100085,3.0504614665246166,8,2,0.3572910649301354,0.3572910649301354,FALSE,FALSE
comm_9440,9.700301680736148,3.0504614665246166,9,5,7.364852076773633,7.364852076773634,FALSE,FALSE
comm_9441,10.86737633460016,3.0504614665246166,12,3,1.4155020117723902,1.4155020117723902,FALSE,FALSE
comm_9442,10.340293007628643,3.0504614665246166,10,2,1.7002829169264204,1.7002829169264202,FALSE,FALSE
comm_9443,8.624414322564869,3.0504614665246166,12,2,3.624312196849663,3.624312196849663,FALSE,FALSE
comm_9444,9.263270646,3.0504614665246166,11,7,12.073390915503282,12.073390915503284,FALSE,FALSE
comm_9445,10.051435660987297,3.0504614665246166,12,5,4.901186731641596,4.901186731641596,FALSE,FALSE
comm_9446,9.944304557481258,3.0504614665246166,10,3,3.612188619,3.612188619,FALSE,FALSE
comm_9447,10.298473716921484,3.0504614665246166,8,3,2.919968090303306,2.919968090303306,FALSE,FALSE
comm_9448,8.208326787746202,3.0504614665246166,9,5,8.829575326796787,8.829575326796787,FALSE,FALSE
comm_9449,10.07171886013628,3.0504614665246166,11,7,6.654605021979592,6.654605021979592,FALSE,FALSE
comm_9450,11.806761948947456,3.0504614665246166,10,5,2.114349416708326,2.114349416708326,FALSE,FALSE
comm_9451,8.547406923861065,3.0504614665246166,9,4,4.6358033030803565,4.635803303080357,FALSE,FALSE
comm_9452,8.304028188312909,3.0504614665246166,9,4,9.236869314275609,9.236869314275612,FALSE,FALSE
comm_9453,10.714009689691853,3.0504614665246166,12,4,4.901371155039589,4.901371155039589,FALSE,FALSE
comm_9454,9.335654090821809,3.0504614665246166,11,6,7.388459262579609,7.388459262579609,FALSE,FALSE
comm_9455,8.887422734015264,3.0504614665246166,9,5,7.397337226326915,7.397337226326915,FALSE,FALSE
comm_9456,9.286198296407807,3.0504614665246166,11,3,4.4172256199899556,4.4172256199899556,FALSE,FALSE
comm_9457,9.591250361746988,3.0504614665246166,9,4,2.6802293679119096,2.680229367911909,FALSE,FALSE
comm_9458,9.066066467714773,3.0504614665246166,10,4,4.387903481409565,4.387903481409565,FALSE,FALSE
comm_9459,9.344344426,3.0504614665246166,10,3,3.2355446571599904,3.235544657,FALSE,FALSE
comm_9460,8.838581530792348,3.0504614665246166,10,3,6.607185244442868,6.607185244442869,FALSE,FALSE
comm_9461,9.625063740797245,3.0504614665246166,11,4,5.1365466794701655,5.1365466794701655,FALSE,FALSE
comm_9462,10.374715808161667,3.0504614665246166,10,3,7.234299814511436,7.234299814511436,FALSE,FALSE
comm_9463,9.982918743773334,3.0504614665246166,12,4,4.354112181160049,4.354112181,FALSE,FALSE
comm_9464,10.492202194087684,3.0504614665246166,12,4,5.06745348,5.067453479683141,FALSE,FALSE
comm_9465,9.083560627628382,3.0504614665246166,9,4,8.510922181998197,8.510922181998199,FALSE,FALSE
comm_9466,10.39036658468103,3.0504614665246166,10,2,1.9656130971257757,1.9656130971257757,FALSE,FALSE
comm_9467,9.795126080788418,3.0504614665246166,12,4,7.657062051305594,7.657062051305596,FALSE,FALSE
comm_9468,10.170794088888158,3.0504614665246166,9,5,5.151342572727578,5.151342572727579,FALSE,FALSE
comm_9469,9.406476807488811,3.0504614665246166,10,4,3.1914838066825286,3.1914838066825286,FALSE,FALSE
comm_9470,9.631638315655858,3.0504614665246166,12,2,2.163387860414201,2.1633878604142005,FALSE,FALSE
comm_9471,11.542649817847453,3.0504614665246166,8,3,1.443634419182828,1.443634419182828,FALSE,FALSE
comm_9472,11.42471936511138,3.0504614665246166,12,6,4.129357774108193,4.129357774108193,FALSE,FALSE
comm_9473,9.145564325523964,3.0504614665246166,12,4,5.119671686,5.119671685645999,FALSE,FALSE
comm_9474,12.482405660601664,3.0504614665246166,8,5,2.607914873213444,2.6079148732134443,FALSE,FALSE
comm_9475,11.651104293140389,3.0504614665246166,11,3,0.860080848,0.8600808476500847,FALSE,FALSE
comm_9476,11.446512981896475,3.0504614665246166,11,3,2.3977500473323787,2.3977500473323783,FALSE,FALSE
comm_9477,9.255526563549878,3.0504614665246166,11,6,5.233802198354055,5.233802198354055,FALSE,FALSE
comm_9478,10.538705614976353,3.0504614665246166,8,3,5.494979661783507,5.494979661783508,FALSE,FALSE
comm_9479,10.58616499974471,3.0504614665246166,8,5,6.690815947088731,6.690815947088731,FALSE,FALSE
comm_9480,9.843296814,3.0504614665246166,11,7,5.8157447407148535,5.815744740714853,FALSE,FALSE
comm_9481,10.717024643025402,3.0504614665246166,12,5,3.761721119943592,3.761721119943592,FALSE,FALSE
comm_9482,9.465510887,3.0504614665246166,10,4,4.884217699537345,4.884217699537345,FALSE,FALSE
comm_9483,9.363117664,3.0504614665246166,11,3,2.914272058,2.9142720577149808,FALSE,FALSE
comm_9484,9.634622121084217,3.0504614665246166,12,5,7.246434674,7.246434673663789,FALSE,FALSE
comm_9485,10.332693608161964,3.0504614665246166,11,6,6.081071196183692,6.081071196183691,FALSE,FALSE
comm_9486,9.205613674020626,3.0504614665246166,8,2,4.749985974247263,4.749985974247264,FALSE,FALSE
comm_9487,9.577328716222212,3.0504614665246166,12,5,7.471621637280252,7.471621637280252,FALSE,FALSE
comm_9488,10.705296528081163,3.0504614665246166,8,4,5.768259031,5.768259031,FALSE,FALSE
comm_9489,9.329087427211991,3.0504614665246166,11,5,3.475576321834003,3.4755763218340023,FALSE,FALSE
comm_9490,9.732341522030104,3.0504614665246166,9,1,1.100746121956039,1.100746121956039,FALSE,FALSE
comm_9491,10.765704968494951,3.0504614665246166,8,4,6.998320917,6.998320916690561,FALSE,FALSE
comm_9492,11.02128864198384,3.0504614665246166,10,5,6.628076883,6.628076883,FALSE,FALSE
comm_9493,10.976879037704045,3.0504614665246166,12,4,2.596485440214006,2.596485440214007,FALSE,FALSE
comm_9494,9.587861331210254,3.0504614665246166,9,4,4.421399726886847,4.421399726886847,FALSE,FALSE
comm_9495,9.456009672323384,3.0504614665246166,8,3,3.511049244332759,3.5110492443327583,FALSE,FALSE
comm_9496,9.408719648492175,3.0504614665246166,11,3,4.572012941055534,4.572012941055535,FALSE,FALSE
comm_9497,11.507146688477643,3.0504614665246166,10,4,0.7819910882352166,0.7819910882352166,FALSE,FALSE
comm_9498,9.477382988885674,3.0504614665246166,12,4,4.747857625,4.747857624692199,FALSE,FALSE
comm_9499,10.65963135811569,3.0504614665246166,10,4,7.2691339166794755,7.269133916679474,FALSE,FALSE
comm_9500,11.053079631153487,3.0504614665246166,9,5,6.828895352649049,6.828895352649048,FALSE,FALSE
comm_9501,10.501906365487796,3.0504614665246166,11,4,3.0632397140566066,3.0632397140566066,FALSE,FALSE
comm_9502,9.529231122,3.0504614665246166,11,4,3.527417167115536,3.5274171671155363,FALSE,FALSE
comm_9503,10.00517497804134,3.0504614665246166,11,7,6.984009377372823,6.984009377372824,FALSE,FALSE
comm_9504,10.17004330680171,3.0504614665246166,9,4,5.239469325167297,5.239469325167298,FALSE,FALSE
comm_9505,9.078722338647296,3.0504614665246166,11,6,5.4946319973787485,5.4946319973787485,FALSE,FALSE
comm_9506,8.146918008926358,3.0504614665246166,9,3,4.516266644445012,4.516266644445012,FALSE,FALSE
comm_9507,9.865049432242726,3.0504614665246166,11,5,3.924081216637894,3.9240812166378953,FALSE,FALSE
comm_9508,8.729562364,3.0504614665246166,8,3,4.40840723,4.408407229680779,FALSE,FALSE
comm_9509,8.771675809782273,3.0504614665246166,9,4,8.755380030061286,8.755380030061284,FALSE,FALSE
comm_9510,9.866373056245392,3.0504614665246166,10,3,5.634682988252415,5.634682988252416,FALSE,FALSE
comm_9511,9.360028412,3.0504614665246166,11,6,6.876816829212079,6.876816829212079,FALSE,FALSE
comm_9512,9.776891160248894,3.0504614665246166,11,3,4.754905776355544,4.754905776355544,FALSE,FALSE
comm_9513,11.320217437930111,3.0504614665246166,8,2,3.845355482,3.8453554818699094,FALSE,FALSE
comm_9514,8.426980293958335,3.0504614665246166,10,3,3.228309858132267,3.228309858132267,FALSE,FALSE
comm_9515,10.315199590379644,3.0504614665246166,11,6,5.426829178536623,5.426829178536623,FALSE,FALSE
comm_9516,8.372226469,3.0504614665246166,10,4,5.253853978,5.253853978,FALSE,FALSE
comm_9517,8.617155474141072,3.0504614665246166,11,5,11.52640287,11.526402874918304,FALSE,FALSE
comm_9518,11.487983493704307,3.0504614665246166,8,3,2.738289125037464,2.738289125037464,FALSE,FALSE
comm_9519,12.216312003516114,3.0504614665246166,10,5,6.275082145682733,6.275082145682732,FALSE,FALSE
comm_9520,9.778865239036936,3.0504614665246166,12,4,6.229468928853479,6.229468928853479,FALSE,FALSE
comm_9521,10.079199801784164,3.0504614665246166,9,3,4.120165204554556,4.120165204554555,FALSE,FALSE
comm_9522,10.34403522473634,3.0504614665246166,9,2,1.3152401125594355,1.3152401125594355,FALSE,FALSE
comm_9523,10.455605780677937,3.0504614665246166,9,3,3.659170835,3.659170835,FALSE,FALSE
comm_9524,8.487573618816018,3.0504614665246166,10,6,10.58716079912332,10.58716079912332,FALSE,FALSE
comm_9525,11.301656122316528,3.0504614665246166,9,3,3.615925439533954,3.6159254395339544,FALSE,FALSE
comm_9526,10.06776451777128,3.0504614665246166,10,3,4.595267569006263,4.595267569006263,FALSE,FALSE
comm_9527,13.460083842052038,3.0504614665246166,8,5,3.5310972349312433,3.5310972349312437,FALSE,FALSE
comm_9528,9.400548158975049,3.0504614665246166,10,4,9.020535290316593,9.020535290316593,FALSE,FALSE
comm_9529,10.57580562060836,3.0504614665246166,8,3,3.2271502958307803,3.2271502958307803,FALSE,FALSE
comm_9530,9.334655827,3.0504614665246166,11,5,4.334826163,4.334826162903459,FALSE,FALSE
comm_9531,11.321594667698896,3.0504614665246166,8,0,0,0,FALSE,FALSE
comm_9532,12.60734910030349,3.0504614665246166,8,2,1.0503789420935123,1.0503789420935123,FALSE,FALSE
comm_9533,8.850366007900872,3.0504614665246166,10,5,6.443023249,6.443023249,FALSE,FALSE
comm_9534,8.772775521324183,3.0504614665246166,11,3,1.7591224891835593,1.759122489183559,FALSE,FALSE
comm_9535,11.26793487,3.0504614665246166,8,3,2.556548482772821,2.556548483,FALSE,FALSE
comm_9537,8.840469015804242,3.0504614665246166,11,6,8.067845646732993,8.067845646732994,FALSE,FALSE
comm_9538,10.848893299148846,3.0504614665246166,10,4,4.399087222478178,4.399087222478178,FALSE,FALSE
comm_9539,13.768413402802016,3.0504614665246166,8,2,1.7256109984385837,1.725610998438584,FALSE,FALSE
comm_9540,11.980848541375684,3.0504614665246166,10,6,6.174551111809496,6.174551111809496,FALSE,FALSE
comm_9541,10.095753123968146,3.0504614665246166,11,3,4.4628679530724025,4.462867953072402,FALSE,FALSE
comm_9542,9.521059617127252,3.0504614665246166,9,4,7.650146134027333,7.650146134027333,FALSE,FALSE
comm_9543,10.090375328976142,3.0504614665246166,9,6,5.392261079370533,5.392261079370533,FALSE,FALSE
comm_9544,10.005380902606529,3.0504614665246166,9,3,2.6783202196770097,2.67832022,FALSE,FALSE
comm_9545,8.961331801,3.0504614665246166,12,6,6.4059280517993304,6.4059280517993304,FALSE,FALSE
comm_9546,9.375725095385134,3.0504614665246166,10,7,6.895384729,6.895384729,FALSE,FALSE
comm_9547,10.581174081765504,3.0504614665246166,11,4,2.3190891773619784,2.3190891773619784,FALSE,FALSE
comm_9548,10.400948826669165,3.0504614665246166,9,5,3.2880972718033785,3.2880972718033785,FALSE,FALSE
comm_9549,10.281140001619963,3.0504614665246166,10,2,3.626721429159571,3.626721429159571,FALSE,FALSE
comm_9550,11.150836516886663,3.0504614665246166,12,4,1.8645124034624927,1.8645124034624931,FALSE,FALSE
comm_9551,10.58291366813138,3.0504614665246166,9,5,6.318755937017475,6.3187559370174755,FALSE,FALSE
comm_9552,9.910671586,3.0504614665246166,11,3,1.963488244076902,1.963488244076902,FALSE,FALSE
comm_9553,10.439707918019971,3.0504614665246166,10,3,4.347196547738377,4.347196547738376,FALSE,FALSE
comm_9554,9.102786019564732,3.0504614665246166,9,3,6.217050114095809,6.217050114095809,FALSE,FALSE
comm_9555,10.251025870344414,3.0504614665246166,10,4,4.532167721150096,4.532167721150097,FALSE,FALSE
comm_9556,9.335390875412044,3.0504614665246166,11,7,9.381987983797464,9.381987983797464,FALSE,FALSE
comm_9557,7.929583569522409,3.0504614665246166,9,4,4.2948012109768205,4.294801210976821,FALSE,FALSE
comm_9558,10.959510098009696,3.0504614665246166,10,4,3.7870405942539858,3.787040594253984,FALSE,FALSE
comm_9559,8.728898004531423,3.0504614665246166,8,2,5.159901448466293,5.159901448466294,FALSE,FALSE
comm_9560,9.844816107691344,3.0504614665246166,11,5,6.296232187114397,6.296232187114398,FALSE,FALSE
comm_9561,9.934475758438449,3.0504614665246166,11,5,5.440178898455437,5.440178898455437,FALSE,FALSE
comm_9562,10.14466727156978,3.0504614665246166,11,5,9.636993087,9.636993087143152,FALSE,FALSE
comm_9563,10.729392808399108,3.0504614665246166,9,4,4.301768307555434,4.3017683075554345,FALSE,FALSE
comm_9564,9.698741293,3.0504614665246166,12,5,4.4720066354319625,4.472006635431963,FALSE,FALSE
comm_9565,10.644946781038024,3.0504614665246166,11,4,2.9081513630141385,2.908151363014138,FALSE,FALSE
comm_9566,8.763405648,3.0504614665246166,10,4,9.849911317875318,9.849911317875318,FALSE,FALSE
comm_9567,10.060131575633934,3.0504614665246166,10,5,7.175884173536847,7.175884173536847,FALSE,FALSE
comm_9568,9.479645185017551,3.0504614665246166,12,9,8.754196226996385,8.754196226996386,FALSE,FALSE
comm_9569,10.70943470159492,3.0504614665246166,8,3,2.4076577982092138,2.4076577982092138,FALSE,FALSE
comm_9570,9.800890663665044,3.0504614665246166,10,6,8.805043010365344,8.805043010365344,FALSE,FALSE
comm_9571,9.903250477167589,3.0504614665246166,10,4,4.166694580019298,4.166694580019298,FALSE,FALSE
comm_9572,11.03769167462434,3.0504614665246166,9,3,3.343044525,3.343044524575871,FALSE,FALSE
comm_9573,11.300598965807504,3.0504614665246166,11,3,2.1468264359150484,2.1468264359150484,FALSE,FALSE
comm_9574,10.960925841766404,3.0504614665246166,10,4,5.086602246545331,5.086602247,FALSE,FALSE
comm_9575,12.038113411416823,3.0504614665246166,8,0,0,0,FALSE,FALSE
comm_9576,9.178759819515207,3.0504614665246166,11,2,3.2145970363581435,3.2145970363581435,FALSE,FALSE
comm_9577,10.753250097405834,3.0504614665246166,9,3,1.9631486375471157,1.963148637547116,FALSE,FALSE
comm_9578,9.535602214945008,3.0504614665246166,8,3,4.161361069970831,4.16136107,FALSE,FALSE
comm_9579,10.220670518763756,3.0504614665246166,11,6,6.1033465306743935,6.1033465306743935,FALSE,FALSE
comm_9580,9.386674808602075,3.0504614665246166,11,5,3.0504652337789913,3.0504652337789917,FALSE,FALSE
comm_9581,11.07307715341125,3.0504614665246166,12,7,8.770022120899341,8.770022120899345,FALSE,FALSE
comm_9582,10.069769570338558,3.0504614665246166,12,6,7.627404345107288,7.627404345107289,FALSE,FALSE
comm_9583,8.767795036341315,3.0504614665246166,9,4,7.043929373807089,7.043929374,FALSE,FALSE
comm_9584,10.469013056590285,3.0504614665246166,9,4,3.997693991316974,3.997693991316973,FALSE,FALSE
comm_9585,9.586667593734918,3.0504614665246166,9,3,2.779410631044807,2.779410631044807,FALSE,FALSE
comm_9586,10.40487094763584,3.0504614665246166,12,5,3.468734799706956,3.468734799706956,FALSE,FALSE
comm_9587,9.102157314413226,3.0504614665246166,10,4,4.089271087243168,4.089271087243169,FALSE,FALSE
comm_9588,12.769807442332118,3.0504614665246166,10,4,3.947201268692244,3.9472012686922433,FALSE,FALSE
comm_9589,10.736663938694068,3.0504614665246166,8,3,5.2721281568973115,5.2721281568973115,FALSE,FALSE
comm_9590,11.205539129421147,3.0504614665246166,10,6,4.642747372477627,4.642747372477627,FALSE,FALSE
comm_9591,9.992310323292392,3.0504614665246166,8,5,5.799717744485214,5.799717744485214,FALSE,FALSE
comm_9592,8.889144789106636,3.0504614665246166,12,4,5.199080494466062,5.199080494466061,FALSE,FALSE
comm_9593,9.111828640916483,3.0504614665246166,8,3,4.3767609756581365,4.3767609756581365,FALSE,FALSE
comm_9594,10.63067140267081,3.0504614665246166,11,5,3.5639284692199498,3.5639284692199498,FALSE,FALSE
comm_9595,9.023191052635209,3.0504614665246166,12,5,10.152647417352464,10.152647417352464,FALSE,FALSE
comm_9596,10.42089675,3.0504614665246166,10,5,5.2132265932339905,5.2132265932339905,FALSE,FALSE
comm_9597,9.229166912644365,3.0504614665246166,12,7,6.374742340299137,6.374742340299136,FALSE,FALSE
comm_9598,10.314965969095264,3.0504614665246166,8,3,7.071654908,7.071654908083058,FALSE,FALSE
comm_9599,11.632352906767196,3.0504614665246166,8,2,3.6854608366461608,3.685460837,FALSE,FALSE
comm_9600,9.640636771781455,3.0504614665246166,8,4,7.517937993083219,7.517937993083218,FALSE,FALSE
comm_9601,9.944270535467547,3.0504614665246166,12,4,3.2536148875862385,3.253614887586239,FALSE,FALSE
comm_9602,9.522677318875395,3.0504614665246166,8,2,2.3767086224198763,2.3767086224198763,FALSE,FALSE
comm_9603,9.380528980832048,3.0504614665246166,10,5,8.341533770457774,8.341533770457772,FALSE,FALSE
comm_9604,9.653256037392987,3.0504614665246166,11,4,4.342463324006892,4.342463324006892,FALSE,FALSE
comm_9605,8.763673525145869,3.0504614665246166,12,6,7.140237802946648,7.140237802946647,FALSE,FALSE
comm_9606,10.712060250651673,3.0504614665246166,10,5,5.032671876091115,5.032671876091114,FALSE,FALSE
comm_9607,8.581733212758305,3.0504614665246166,9,6,17.73029965,17.73029965334681,FALSE,FALSE
comm_9608,10.66649845483166,3.0504614665246166,11,5,6.767156521852588,6.767156521852589,FALSE,FALSE
comm_9609,9.664455837762656,3.0504614665246166,12,4,5.464984140679465,5.464984140679465,FALSE,FALSE
comm_9610,9.906391676484787,3.0504614665246166,8,4,8.850494021758628,8.850494021758626,FALSE,FALSE
comm_9611,9.641644315778825,3.0504614665246166,12,6,2.331102751748227,2.331102751748227,FALSE,FALSE
comm_9612,9.317231314,3.0504614665246166,8,4,7.080357843827387,7.080357843827386,FALSE,FALSE
comm_9613,9.359163559649105,3.0504614665246166,9,5,5.866169523841433,5.866169523841432,FALSE,FALSE
comm_9614,10.63695992,3.0504614665246166,8,4,3.639281424948432,3.639281424948432,FALSE,FALSE
comm_9615,11.157221383912376,3.0504614665246166,11,2,5.364517861688586,5.364517861688586,FALSE,FALSE
comm_9616,9.085713621007248,3.0504614665246166,11,5,6.067417787468485,6.067417787468486,FALSE,FALSE
comm_9617,11.544515108566856,3.0504614665246166,8,4,3.0407009491939982,3.0407009491939982,FALSE,FALSE
comm_9618,10.442254949825353,3.0504614665246166,10,5,3.778089577689838,3.778089577689839,FALSE,FALSE
comm_9619,9.619134150634595,3.0504614665246166,8,4,5.434301969914944,5.4343019699149435,FALSE,FALSE
comm_9620,9.838407676,3.0504614665246166,10,4,6.341392002274238,6.3413920022742385,FALSE,FALSE
comm_9621,8.655905712619044,3.0504614665246166,11,6,11.289514113836354,11.289514113836354,FALSE,FALSE
comm_9622,8.923365451110408,3.0504614665246166,10,3,6.770679046939529,6.770679046939528,FALSE,FALSE
comm_9623,9.511330270895144,3.0504614665246166,11,4,6.826915637491368,6.826915637491368,FALSE,FALSE
comm_9624,9.133598822267686,3.0504614665246166,11,2,0.7479572013189724,0.7479572013189724,FALSE,FALSE
comm_9625,10.33969178,3.0504614665246166,8,3,5.387412801329208,5.387412801329208,FALSE,FALSE
comm_9626,9.889592614011498,3.0504614665246166,11,4,5.528864570428797,5.528864570428795,FALSE,FALSE
comm_9627,9.326376519,3.0504614665246166,12,6,5.073813296692083,5.073813296692083,FALSE,FALSE
comm_9628,8.803016689795014,3.0504614665246166,11,3,3.586573544946285,3.586573544946285,FALSE,FALSE
comm_9629,9.333504443761049,3.0504614665246166,10,7,12.24505914489466,12.245059144894665,FALSE,FALSE
comm_9630,10.433909363955202,3.0504614665246166,9,6,7.211005894119582,7.211005894119582,FALSE,FALSE
comm_9631,10.651025318666868,3.0504614665246166,9,2,1.8176449221998736,1.8176449221998736,FALSE,FALSE
comm_9632,10.90870460252493,3.0504614665246166,12,6,6.250971421193078,6.250971421193077,FALSE,FALSE
comm_9633,11.116089502453562,3.0504614665246166,11,5,4.585127675843622,4.585127675843621,FALSE,FALSE
comm_9634,9.708647734061891,3.0504614665246166,11,4,4.114271247,4.114271246696879,FALSE,FALSE
comm_9635,10.618189691893477,3.0504614665246166,8,5,3.492105029792326,3.4921050297923264,FALSE,FALSE
comm_9636,9.088344532,3.0504614665246166,9,4,8.153085655,8.153085655442489,FALSE,FALSE
comm_9637,10.014424273384398,3.0504614665246166,10,5,7.548610985,7.548610985021579,FALSE,FALSE
comm_9638,9.592945848,3.0504614665246166,10,3,5.516941527936998,5.516941527936996,FALSE,FALSE
comm_9639,12.453216363868773,3.0504614665246166,10,3,2.3177374711215406,2.317737471,FALSE,FALSE
comm_9640,9.414937217115364,3.0504614665246166,10,4,4.270081184,4.270081184,FALSE,FALSE
comm_9641,12.016513991937432,3.0504614665246166,10,4,1.0652350463909928,1.0652350463909928,FALSE,FALSE
comm_9642,8.920415195965255,3.0504614665246166,8,6,10.354902495409853,10.354902495409853,FALSE,FALSE
comm_9643,9.738196852,3.0504614665246166,11,3,2.464860103780812,2.4648601037808113,FALSE,FALSE
comm_9644,10.15031632864662,3.0504614665246166,9,4,5.681187715893674,5.681187715893675,FALSE,FALSE
comm_9645,11.818218537288168,3.0504614665246166,8,4,4.317234810227107,4.317234810227106,FALSE,FALSE
comm_9646,11.295619293489668,3.0504614665246166,10,3,3.0673935229166047,3.067393522916605,FALSE,FALSE
comm_9647,9.888382922,3.0504614665246166,8,3,0.7804146647217293,0.7804146647217294,FALSE,FALSE
comm_9648,11.140872106868276,3.0504614665246166,11,3,4.097918448224498,4.097918448224498,FALSE,FALSE
comm_9649,9.091131849983102,3.0504614665246166,12,3,2.212137162936864,2.212137162936864,FALSE,FALSE
comm_9650,10.21003327369962,3.0504614665246166,9,4,3.861347913944927,3.8613479139449263,FALSE,FALSE
comm_9651,10.831779387616631,3.0504614665246166,11,4,3.615163068150447,3.615163068150448,FALSE,FALSE
comm_9652,8.746234113480224,3.0504614665246166,11,5,5.935384783511019,5.935384784,FALSE,FALSE
comm_9653,9.973246017235638,3.0504614665246166,12,4,3.1213636013247337,3.1213636013247337,FALSE,FALSE
comm_9654,9.535927108907035,3.0504614665246166,10,3,2.902354038332318,2.9023540383323185,FALSE,FALSE
comm_9655,9.485265611,3.0504614665246166,11,4,6.233719647,6.233719647,FALSE,FALSE
comm_9656,10.377330596246663,3.0504614665246166,8,4,6.9490417005190075,6.949041700519007,FALSE,FALSE
comm_9657,10.051251652337758,3.0504614665246166,8,4,4.2526648736945365,4.2526648736945365,FALSE,FALSE
comm_9658,17.82476438,3.0504614665246166,8,3,1.5355484014028338,1.5355484014028336,FALSE,FALSE
comm_9659,10.440432174395642,3.0504614665246166,12,4,5.1504290713859175,5.1504290713859175,FALSE,FALSE
comm_9660,9.202283405163229,3.0504614665246166,9,3,4.910761135581709,4.910761135581709,FALSE,FALSE
comm_9661,9.222811627,3.0504614665246166,11,5,4.940052366,4.940052365637129,FALSE,FALSE
comm_9662,10.134707298464654,3.0504614665246166,10,5,5.138294910599494,5.138294910599493,FALSE,FALSE
comm_9663,10.260093230651307,3.0504614665246166,12,3,3.0664427219607973,3.066442721960797,FALSE,FALSE
comm_9664,8.970043139174008,3.0504614665246166,11,3,4.005495842,4.005495842,FALSE,FALSE
comm_9665,11.04400456199308,3.0504614665246166,11,4,1.7728522787905403,1.772852279,FALSE,FALSE
comm_9666,9.794043057566707,3.0504614665246166,11,4,1.4890676132557228,1.4890676132557226,FALSE,FALSE
comm_9667,13.113389391694213,3.0504614665246166,8,2,2.2768073090737007,2.2768073090737007,FALSE,FALSE
comm_9668,9.809787914058054,3.0504614665246166,8,4,5.333848662947887,5.3338486629478865,FALSE,FALSE
comm_9669,11.261694618770404,3.0504614665246166,12,4,3.125073022446419,3.1250730224464185,FALSE,FALSE
comm_9670,10.384126926054108,3.0504614665246166,9,4,5.3899513600106275,5.389951360010627,FALSE,FALSE
comm_9671,10.160740585432432,3.0504614665246166,11,6,3.9166138041610266,3.916613804161027,FALSE,FALSE
comm_9672,8.839018384204309,3.0504614665246166,11,5,5.868607256113455,5.868607256113458,FALSE,FALSE
comm_9673,10.152905305437866,3.0504614665246166,10,6,6.856476493118796,6.856476493118796,FALSE,FALSE
comm_9674,9.530029656847168,3.0504614665246166,12,4,3.9314899210859178,3.931489921085918,FALSE,FALSE
comm_9675,8.881347938412036,3.0504614665246166,8,4,3.887302568,3.887302568,FALSE,FALSE
comm_9676,10.784281081955264,3.0504614665246166,10,5,4.327584635133653,4.327584635133652,FALSE,FALSE
comm_9677,10.113838033813876,3.0504614665246166,10,1,2.5355590408740163,2.5355590408740163,FALSE,FALSE
comm_9678,10.409350436627728,3.0504614665246166,8,5,6.562484260728196,6.562484260728195,FALSE,FALSE
comm_9679,13.081482421881589,3.0504614665246166,11,5,4.609377245289423,4.609377245289423,FALSE,FALSE
comm_9680,9.485370073433304,3.0504614665246166,12,7,6.678683951360999,6.678683951,FALSE,FALSE
comm_9681,9.628283809,3.0504614665246166,10,5,7.344985193289469,7.344985193,FALSE,FALSE
comm_9682,9.596072555989618,3.0504614665246166,9,4,3.8346263577013864,3.8346263577013864,FALSE,FALSE
comm_9683,10.500902601511012,3.0504614665246166,12,2,0.6176556829504889,0.6176556829504889,FALSE,FALSE
comm_9684,10.585171550155378,3.0504614665246166,11,4,3.321747206688205,3.321747206688205,FALSE,FALSE
comm_9685,12.334840879322469,3.0504614665246166,8,2,1.5259884280788674,1.5259884280788674,FALSE,FALSE
comm_9686,12.000971273140868,3.0504614665246166,9,5,6.797376391440429,6.797376391,FALSE,FALSE
comm_9687,9.962813028681891,3.0504614665246166,9,3,2.2503321886753573,2.2503321886753573,FALSE,FALSE
comm_9688,9.556032133933869,3.0504614665246166,9,4,7.523794244209197,7.523794244209199,FALSE,FALSE
comm_9689,9.103742145558584,3.0504614665246166,12,6,12.27436712834235,12.27436712834235,FALSE,FALSE
comm_9690,10.670669637139229,3.0504614665246166,9,3,4.00630168,4.00630168,FALSE,FALSE
comm_9691,9.700358105129547,3.0504614665246166,10,5,8.272534595,8.272534595,FALSE,FALSE
comm_9692,9.393096663862796,3.0504614665246166,12,3,3.5824885614347055,3.5824885614347055,FALSE,FALSE
comm_9693,10.341118185259075,3.0504614665246166,12,4,7.661918894301876,7.661918894301877,FALSE,FALSE
comm_9694,9.310951418226018,3.0504614665246166,9,3,6.745115403822319,6.745115403822318,FALSE,FALSE
comm_9695,9.086350023,3.0504614665246166,12,2,3.874013773695906,3.8740137736959057,FALSE,FALSE
comm_9696,9.468127319,3.0504614665246166,9,5,5.432639210991997,5.432639210991996,FALSE,FALSE
comm_9697,9.359408261384749,3.0504614665246166,11,5,6.892033424491597,6.892033424491597,FALSE,FALSE
comm_9698,10.439138204746444,3.0504614665246166,10,3,4.049312149597107,4.049312149597108,FALSE,FALSE
comm_9699,10.116272023329149,3.0504614665246166,10,3,1.9895857802771095,1.98958578,FALSE,FALSE
comm_9700,11.417426141488605,3.0504614665246166,9,4,1.8973247859935172,1.8973247859935172,FALSE,FALSE
comm_9701,10.061632997070062,3.0504614665246166,12,3,5.503533070340653,5.503533070340652,FALSE,FALSE
comm_9702,9.316341852187438,3.0504614665246166,12,6,5.340467688082809,5.340467688082808,FALSE,FALSE
comm_9703,10.984335067068978,3.0504614665246166,12,4,1.815399364,1.8153993636783003,FALSE,FALSE
comm_9704,9.878017516871823,3.0504614665246166,10,4,7.716784268496591,7.716784268496591,FALSE,FALSE
comm_9705,12.678683791074835,3.0504614665246166,8,3,2.4521070008400967,2.4521070008400967,FALSE,FALSE
comm_9706,11.297919099013471,3.0504614665246166,8,3,3.816528495170583,3.8165284951705822,FALSE,FALSE
comm_9707,10.90471632630112,3.0504614665246166,11,5,8.354408141679043,8.354408141679045,FALSE,FALSE
comm_9708,10.008730341769375,3.0504614665246166,12,6,4.21536808,4.21536808,FALSE,FALSE
comm_9709,8.947050042640003,3.0504614665246166,12,6,5.674174484453005,5.674174484453004,FALSE,FALSE
comm_9710,11.213889534743103,3.0504614665246166,9,3,2.186418101859744,2.1864181018597435,FALSE,FALSE
comm_9711,11.99265148489306,3.0504614665246166,11,5,3.3861685849303145,3.3861685849303145,FALSE,FALSE
comm_9712,10.854631219946375,3.0504614665246166,8,3,1.2238004522540276,1.2238004522540278,FALSE,FALSE
comm_9713,11.737669506563195,3.0504614665246166,12,4,5.480919121583918,5.480919121583917,FALSE,FALSE
comm_9714,10.060825063803478,3.0504614665246166,12,3,4.317389175542173,4.317389175542173,FALSE,FALSE
comm_9715,11.172790388622465,3.0504614665246166,9,5,5.013545703425468,5.013545703425468,FALSE,FALSE
comm_9716,11.034601373039758,3.0504614665246166,12,7,5.499983895882664,5.499983895882663,FALSE,FALSE
comm_9717,9.500648827,3.0504614665246166,9,2,3.204646179661239,3.2046461796612395,FALSE,FALSE
comm_9718,10.209638049503472,3.0504614665246166,11,4,5.6506950290210485,5.650695029021049,FALSE,FALSE
comm_9719,9.903534112622529,3.0504614665246166,9,4,3.0902372547798755,3.0902372547798764,FALSE,FALSE
comm_9720,12.466294836206576,3.0504614665246166,10,3,3.508774513190333,3.5087745131903336,FALSE,FALSE
comm_9721,10.884019242141648,3.0504614665246166,8,2,1.3073934020993423,1.3073934020993427,FALSE,FALSE
comm_9722,9.720508474427756,3.0504614665246166,12,6,7.4767334562209085,7.476733456220908,FALSE,FALSE
comm_9723,9.048129350923762,3.0504614665246166,8,3,6.379701608130289,6.379701608130289,FALSE,FALSE
comm_9724,10.251793091835038,3.0504614665246166,11,6,4.821904214494769,4.821904214494769,FALSE,FALSE
comm_9725,9.003320803631011,3.0504614665246166,9,5,3.7867941526087865,3.7867941526087865,FALSE,FALSE
comm_9726,9.953557208904428,3.0504614665246166,11,4,3.876939479097129,3.8769394790971297,FALSE,FALSE
comm_9727,10.58823384052915,3.0504614665246166,8,3,8.010742083,8.010742083302452,FALSE,FALSE
comm_9728,9.381608587309048,3.0504614665246166,12,5,3.738184903301388,3.738184903301388,FALSE,FALSE
comm_9729,10.60780925,3.0504614665246166,8,3,3.9450522578328537,3.9450522578328537,FALSE,FALSE
comm_9730,12.520659520368202,3.0504614665246166,9,3,3.025292255533162,3.025292255533163,FALSE,FALSE
comm_9731,10.493523145969183,3.0504614665246166,11,5,3.943215840210902,3.943215840210901,FALSE,FALSE
comm_9732,12.877363280824856,3.0504614665246166,9,3,0.8405206062179578,0.8405206062179579,FALSE,FALSE
comm_9733,9.33276346,3.0504614665246166,12,6,5.715236029800922,5.715236029800921,FALSE,FALSE
comm_9734,10.484121747703112,3.0504614665246166,8,7,7.247600271225989,7.247600271225989,FALSE,FALSE
comm_9735,9.240675409,3.0504614665246166,8,3,1.530506660546155,1.530506660546155,FALSE,FALSE
comm_9736,10.89444883765905,3.0504614665246166,10,4,2.6831907010077147,2.683190701007714,FALSE,FALSE
comm_9737,9.962464410729766,3.0504614665246166,10,2,4.878152199129911,4.878152199129913,FALSE,FALSE
comm_9738,10.126078893968334,3.0504614665246166,12,5,7.899757308826854,7.899757308826851,FALSE,FALSE
comm_9739,11.871174337305575,3.0504614665246166,12,5,5.351402783391231,5.351402783391229,FALSE,FALSE
comm_9740,9.570423544368644,3.0504614665246166,11,4,6.545425954930437,6.545425954930436,FALSE,FALSE
comm_9741,8.694768589,3.0504614665246166,11,6,9.415149520184732,9.415149520184734,FALSE,FALSE
comm_9742,9.531403451783664,3.0504614665246166,10,3,2.6132645155742464,2.6132645155742464,FALSE,FALSE
comm_9743,10.72360173390327,3.0504614665246166,9,3,0.7961655982098228,0.7961655982098229,FALSE,FALSE
comm_9744,9.065042898469285,3.0504614665246166,10,2,2.5012337195747305,2.5012337195747305,FALSE,FALSE
comm_9745,10.488636831726714,3.0504614665246166,10,5,8.108032634729307,8.108032634729305,FALSE,FALSE
comm_9746,9.767366827581048,3.0504614665246166,12,5,3.474827764604619,3.474827764604619,FALSE,FALSE
comm_9747,10.386810957654989,3.0504614665246166,9,5,6.931212419784692,6.931212419784691,FALSE,FALSE
comm_9748,9.929400902114187,3.0504614665246166,10,6,3.850390008,3.850390008,FALSE,FALSE
comm_9749,10.084651029587542,3.0504614665246166,8,3,6.807284682409643,6.807284682409644,FALSE,FALSE
comm_9750,10.024933492476965,3.0504614665246166,12,4,5.137132778817599,5.137132778817599,FALSE,FALSE
comm_9751,11.55072476,3.0504614665246166,9,4,2.188149093,2.1881490925689304,FALSE,FALSE
comm_9752,10.636508121644564,3.0504614665246166,8,3,2.626373627321313,2.626373627321313,FALSE,FALSE
comm_9753,9.150939633071932,3.0504614665246166,12,4,8.406392940160504,8.406392940160504,FALSE,FALSE
comm_9754,9.885474933,3.0504614665246166,12,5,4.879942167411736,4.879942167411737,FALSE,FALSE
comm_9755,9.404895156195703,3.0504614665246166,8,5,6.512027952314103,6.512027952314103,FALSE,FALSE
comm_9756,8.440600813694742,3.0504614665246166,10,5,6.654981148381381,6.654981148381379,FALSE,FALSE
comm_9757,10.349959620503377,3.0504614665246166,10,5,6.334269708528417,6.334269708528418,FALSE,FALSE
comm_9758,9.145644976110868,3.0504614665246166,11,4,7.560401185233781,7.560401185233783,FALSE,FALSE
comm_9759,11.045277008492551,3.0504614665246166,10,5,4.844719171588615,4.844719171588614,FALSE,FALSE
comm_9760,9.871714756,3.0504614665246166,10,3,4.453645480109985,4.453645480109985,FALSE,FALSE
comm_9761,10.322036392499149,3.0504614665246166,10,3,3.811171496688295,3.811171496688295,FALSE,FALSE
comm_9762,10.410241627445409,3.0504614665246166,9,3,5.251946701905388,5.251946701905388,FALSE,FALSE
comm_9763,10.672547804261631,3.0504614665246166,12,5,1.4536281275471006,1.4536281275471004,FALSE,FALSE
comm_9764,8.273381983401103,3.0504614665246166,8,2,3.626987943794168,3.626987943794167,FALSE,FALSE
comm_9765,9.050076881256388,3.0504614665246166,12,5,7.167888827172301,7.167888827172302,FALSE,FALSE
comm_9766,9.299465638562218,3.0504614665246166,9,2,2.3070616035847604,2.307061603584761,FALSE,FALSE
comm_9767,10.01897511679408,3.0504614665246166,12,4,7.132056918617419,7.132056919,FALSE,FALSE
comm_9768,12.276695831735784,3.0504614665246166,9,5,3.205565055987413,3.2055650559874125,FALSE,FALSE
comm_9769,9.4957648,3.0504614665246166,12,4,7.291848186,7.291848186,FALSE,FALSE
comm_9770,10.644537791441437,3.0504614665246166,11,4,3.5716729843970123,3.5716729843970128,FALSE,FALSE
comm_9771,9.591230907,3.0504614665246166,8,3,3.321927052032193,3.3219270520321933,FALSE,FALSE
comm_9772,9.327709269020868,3.0504614665246166,11,4,2.655307966730988,2.655307966730988,FALSE,FALSE
comm_9773,11.50061614231772,3.0504614665246166,10,5,4.067742204330512,4.067742204330512,FALSE,FALSE
comm_9774,8.885297561711372,3.0504614665246166,9,4,5.1711478086201526,5.171147808620154,FALSE,FALSE
comm_9775,11.606017879257244,3.0504614665246166,11,5,4.976736420574577,4.976736420574578,FALSE,FALSE
comm_9776,9.561671100036204,3.0504614665246166,9,5,8.341812267556056,8.341812267556058,FALSE,FALSE
comm_9777,10.855200977039107,3.0504614665246166,9,2,1.676597165797813,1.6765971657978134,FALSE,FALSE
comm_9778,11.72825727,3.0504614665246166,11,1,0.7552885222828081,0.7552885222828079,FALSE,FALSE
comm_9779,9.221548382123602,3.0504614665246166,11,4,4.278628060249753,4.278628060249753,FALSE,FALSE
comm_9780,9.640286135,3.0504614665246166,9,2,3.9051900035321503,3.9051900035321503,FALSE,FALSE
comm_9781,9.875532410949791,3.0504614665246166,8,2,1.7787933339433737,1.7787933339433732,FALSE,FALSE
comm_9782,9.383908856887162,3.0504614665246166,12,5,5.540274119613674,5.540274119613674,FALSE,FALSE
comm_9783,9.350090103901678,3.0504614665246166,10,4,2.958012920773321,2.9580129207733217,FALSE,FALSE
comm_9784,9.861818178784436,3.0504614665246166,11,5,2.7099697429824388,2.709969742982439,FALSE,FALSE
comm_9785,11.756708730341938,3.0504614665246166,9,3,1.5776249293322957,1.5776249293322957,FALSE,FALSE
comm_9786,9.601117304164225,3.0504614665246166,12,4,3.9354610833973216,3.9354610833973216,FALSE,FALSE
comm_9787,8.810403871377478,3.0504614665246166,12,5,7.676522307759532,7.676522307759532,FALSE,FALSE
comm_9788,10.252160084124588,3.0504614665246166,10,4,3.569803402567736,3.569803402567736,FALSE,FALSE
comm_9789,11.144511368615923,3.0504614665246166,12,5,4.7212646796048885,4.7212646796048885,FALSE,FALSE
comm_9790,10.872084281835916,3.0504614665246166,12,7,6.672635567,6.672635566611949,FALSE,FALSE
comm_9791,9.438384849869063,3.0504614665246166,10,4,4.876932101501186,4.876932101501186,FALSE,FALSE
comm_9792,9.565563518708103,3.0504614665246166,12,4,0.9735986921633988,0.9735986921633988,FALSE,FALSE
comm_9793,9.265504208,3.0504614665246166,10,3,5.4148962459659336,5.414896245965933,FALSE,FALSE
comm_9794,9.667767348971449,3.0504614665246166,11,4,4.735667208692834,4.735667208692834,FALSE,FALSE
comm_9795,9.810246722115862,3.0504614665246166,10,3,2.6611410526638943,2.6611410526638943,FALSE,FALSE
comm_9796,11.550448874015167,3.0504614665246166,11,3,1.1581703328157666,1.1581703328157664,FALSE,FALSE
comm_9797,9.499922402689164,3.0504614665246166,11,2,1.1660146997270229,1.1660146997270229,FALSE,FALSE
comm_9798,8.780161401,3.0504614665246166,11,5,6.420173462104253,6.420173462104254,FALSE,FALSE
comm_9799,10.204932802244134,3.0504614665246166,8,3,3.925115790963828,3.925115790963828,FALSE,FALSE
comm_9800,10.732240680611651,3.0504614665246166,11,4,2.6507772988304175,2.650777298830418,FALSE,FALSE
comm_9801,10.916025996837783,3.0504614665246166,10,3,4.167307925549633,4.167307925549632,FALSE,FALSE
comm_9802,10.693036515018628,3.0504614665246166,9,4,3.229543072891941,3.229543072891941,FALSE,FALSE
comm_9803,11.010909968126487,3.0504614665246166,10,2,2.735690310545696,2.735690310545696,FALSE,FALSE
comm_9804,9.581544248333186,3.0504614665246166,8,5,7.267844644363091,7.267844644363091,FALSE,FALSE
comm_9805,9.399039333226344,3.0504614665246166,11,5,3.437156524987283,3.4371565249872837,FALSE,FALSE
comm_9806,11.312451194709729,3.0504614665246166,8,4,7.488781383547854,7.488781383547855,FALSE,FALSE
comm_9807,10.311314792666726,3.0504614665246166,8,2,1.460723852,1.460723852,FALSE,FALSE
comm_9808,11.308619449913374,3.0504614665246166,12,4,2.1985806640185412,2.1985806640185417,FALSE,FALSE
comm_9809,9.945525067780578,3.0504614665246166,10,5,4.820850935,4.820850935101388,FALSE,FALSE
comm_9810,10.757342999042374,3.0504614665246166,12,4,1.8538128937905272,1.853812893790528,FALSE,FALSE
comm_9811,9.866193009522288,3.0504614665246166,9,4,4.733446941934919,4.733446941934918,FALSE,FALSE
comm_9812,8.067433097447045,3.0504614665246166,8,4,7.224040048274125,7.224040048274125,FALSE,FALSE
comm_9813,11.835128968216829,3.0504614665246166,11,4,3.1870194350526475,3.187019435052647,FALSE,FALSE
comm_9814,10.972869162584615,3.0504614665246166,10,5,3.760210712401411,3.760210712401411,FALSE,FALSE
comm_9815,10.325335716791152,3.0504614665246166,11,3,2.1535808216042973,2.1535808216042973,FALSE,FALSE
comm_9816,9.423833910954148,3.0504614665246166,12,3,5.180042502106292,5.180042502106291,FALSE,FALSE
comm_9817,10.288366518302334,3.0504614665246166,8,6,6.511403556441202,6.511403556441202,FALSE,FALSE
comm_9818,9.457383034,3.0504614665246166,12,5,3.429456525141295,3.4294565251412954,FALSE,FALSE
comm_9819,9.827014816662974,3.0504614665246166,9,4,1.737164738320446,1.7371647383204458,FALSE,FALSE
comm_9820,9.532307553638454,3.0504614665246166,10,3,3.140780451015115,3.1407804510151154,FALSE,FALSE
comm_9821,10.639954106429492,3.0504614665246166,11,4,4.015305259326115,4.015305259326115,FALSE,FALSE
comm_9822,12.04885156081312,3.0504614665246166,9,3,1.9788889362845927,1.978888936284593,FALSE,FALSE
comm_9823,9.894619632213908,3.0504614665246166,9,5,3.789677888046027,3.7896778880460262,FALSE,FALSE
comm_9824,9.918589900038004,3.0504614665246166,9,4,5.237486039032679,5.237486039032677,FALSE,FALSE
comm_9825,9.979001703280591,3.0504614665246166,10,3,3.644119385213798,3.644119385213797,FALSE,FALSE
comm_9826,10.185468295662483,3.0504614665246166,10,4,4.4458485469072695,4.4458485469072695,FALSE,FALSE
comm_9827,9.227907269,3.0504614665246166,12,5,4.856455227963709,4.856455228,FALSE,FALSE
comm_9828,11.31592024645602,3.0504614665246166,10,3,3.801789853,3.8017898531168304,FALSE,FALSE
comm_9829,10.174373300477235,3.0504614665246166,11,2,2.674765998612488,2.674765998612488,FALSE,FALSE
comm_9830,9.782407322371927,3.0504614665246166,9,5,3.824613064374192,3.824613064374192,FALSE,FALSE
comm_9831,10.007807241662588,3.0504614665246166,9,3,3.599002430042976,3.599002430042976,FALSE,FALSE
comm_9832,12.394998339253634,3.0504614665246166,11,5,2.508879944834684,2.508879944834684,FALSE,FALSE
comm_9833,9.814502110673615,3.0504614665246166,10,4,6.228371439138856,6.228371439138856,FALSE,FALSE
comm_9834,9.209704271157465,3.0504614665246166,10,5,5.293793238619658,5.293793238619659,FALSE,FALSE
comm_9835,10.318095778928596,3.0504614665246166,8,3,2.663225172817543,2.6632251728175436,FALSE,FALSE
comm_9836,10.73751348032037,3.0504614665246166,8,2,1.0890334615014858,1.0890334615014856,FALSE,FALSE
comm_9837,9.630847791,3.0504614665246166,11,4,1.7239183696253062,1.723918369625306,FALSE,FALSE
comm_9838,10.173164445628126,3.0504614665246166,12,5,5.243293235187118,5.243293235187117,FALSE,FALSE
comm_9839,11.010733446841988,3.0504614665246166,10,2,1.6403431414889524,1.6403431414889529,FALSE,FALSE
comm_9840,9.796649697537744,3.0504614665246166,12,5,5.263392695105725,5.263392695105725,FALSE,FALSE
comm_9841,10.375752873025933,3.0504614665246166,12,7,5.037280171767714,5.037280171767713,FALSE,FALSE
comm_9842,9.953940442684624,3.0504614665246166,10,4,5.488117956128009,5.488117956128008,FALSE,FALSE
comm_9843,9.114669832789692,3.0504614665246166,11,4,7.765582564,7.765582564304298,FALSE,FALSE
comm_9844,9.886254917979118,3.0504614665246166,11,4,0.9852696722619037,0.9852696722619034,FALSE,FALSE
comm_9845,10.062643809373956,3.0504614665246166,12,5,7.961327581172961,7.961327581172961,FALSE,FALSE
comm_9846,10.637673634186823,3.0504614665246166,9,2,3.636718289992668,3.636718289992668,FALSE,FALSE
comm_9847,8.979320448,3.0504614665246166,10,4,5.328058123,5.3280581228324895,FALSE,FALSE
comm_9848,10.893562417245692,3.0504614665246166,11,3,1.9723371517423216,1.9723371517423216,FALSE,FALSE
comm_9849,8.802639664,3.0504614665246166,11,4,5.6440910450257595,5.6440910450257595,FALSE,FALSE
comm_9850,9.423302909618856,3.0504614665246166,9,4,10.041746378739312,10.041746378739314,FALSE,FALSE
comm_9851,10.544015266353917,3.0504614665246166,12,3,4.956673979030214,4.956673979030214,FALSE,FALSE
comm_9852,9.635420118,3.0504614665246166,8,4,8.332246550249076,8.332246550249078,FALSE,FALSE
comm_9853,8.679895794650145,3.0504614665246166,10,3,1.464423022053394,1.464423022053394,FALSE,FALSE
comm_9854,8.932455168041866,3.0504614665246166,9,3,3.1978763323893142,3.197876332389314,FALSE,FALSE
comm_9855,9.539216200235217,3.0504614665246166,12,6,9.492676224171843,9.492676224171843,FALSE,FALSE
comm_9856,9.028477899580745,3.0504614665246166,11,6,11.096987283926216,11.096987283926216,FALSE,FALSE
comm_9857,10.63487198041726,3.0504614665246166,10,4,4.990007503346275,4.990007503346276,FALSE,FALSE
comm_9858,10.110909633633618,3.0504614665246166,9,5,9.550112600009644,9.550112600009646,FALSE,FALSE
comm_9859,9.600105363107163,3.0504614665246166,8,3,2.8856347721996567,2.8856347721996567,FALSE,FALSE
comm_9860,10.273271660033464,3.0504614665246166,11,4,5.495072142537525,5.495072142537526,FALSE,FALSE
comm_9861,10.145272032897443,3.0504614665246166,9,2,1.7394961259161177,1.7394961259161172,FALSE,FALSE
comm_9862,9.129432716772635,3.0504614665246166,12,5,3.3457375923059636,3.3457375923059645,FALSE,FALSE
comm_9863,11.611578101313722,3.0504614665246166,8,3,2.9426813476863605,2.9426813476863605,FALSE,FALSE
comm_9864,9.702238627264274,3.0504614665246166,9,5,5.378843493277846,5.378843493277845,FALSE,FALSE
comm_9865,10.04443874412997,3.0504614665246166,9,4,4.711076334085155,4.7110763340851545,FALSE,FALSE
comm_9866,10.306588476007658,3.0504614665246166,10,3,4.664385260068024,4.664385260068023,FALSE,FALSE
comm_9867,8.906576205999729,3.0504614665246166,11,4,7.995690610665939,7.995690611,FALSE,FALSE
comm_9868,9.902955697065355,3.0504614665246166,8,3,5.125409096,5.125409096017701,FALSE,FALSE
comm_9869,10.223735230901418,3.0504614665246166,8,4,4.268706367986252,4.268706367986251,FALSE,FALSE
comm_9870,9.989856088218572,3.0504614665246166,12,5,1.290534502,1.2905345020393495,FALSE,FALSE
comm_9871,10.334347363821037,3.0504614665246166,12,4,2.5406260880713027,2.5406260880713027,FALSE,FALSE
comm_9872,10.847047802357476,3.0504614665246166,12,5,4.800528011117308,4.800528011117309,FALSE,FALSE
comm_9873,10.477963851175256,3.0504614665246166,10,5,6.549537863935557,6.549537863935557,FALSE,FALSE
comm_9874,9.206466126628968,3.0504614665246166,12,4,4.477297055695907,4.477297055695907,FALSE,FALSE
comm_9875,8.543715891164712,3.0504614665246166,11,4,4.634430121336545,4.634430121336544,FALSE,FALSE
comm_9876,9.565426182,3.0504614665246166,10,4,4.685749058704349,4.685749058704349,FALSE,FALSE
comm_9877,10.591306508874318,3.0504614665246166,10,5,4.470463513484418,4.470463513484418,FALSE,FALSE
comm_9878,10.68126365351557,3.0504614665246166,11,8,7.414348455141463,7.414348455141463,FALSE,FALSE
comm_9879,10.74191353054488,3.0504614665246166,12,5,4.2622560753330045,4.2622560753330045,FALSE,FALSE
comm_9880,10.338850862702614,3.0504614665246166,12,4,3.2458746712299815,3.245874671229982,FALSE,FALSE
comm_9881,10.120209453286552,3.0504614665246166,11,3,2.6696800853780056,2.669680085378005,FALSE,FALSE
comm_9882,13.19049448739564,3.0504614665246166,9,5,2.592675172792844,2.5926751727928448,FALSE,FALSE
comm_9883,8.227500108809554,3.0504614665246166,10,5,10.377130740896934,10.377130740896932,FALSE,FALSE
comm_9884,10.512903325785729,3.0504614665246166,9,3,2.252094427482754,2.2520944274827546,FALSE,FALSE
comm_9885,9.906871769,3.0504614665246166,12,5,5.096678331839486,5.096678331839486,FALSE,FALSE
comm_9886,9.927707633111025,3.0504614665246166,8,2,2.2230421004714405,2.2230421004714405,FALSE,FALSE
comm_9887,11.061953546590392,3.0504614665246166,10,4,4.037084495646588,4.037084495646588,FALSE,FALSE
comm_9888,9.803588614,3.0504614665246166,9,4,3.410881744818266,3.4108817448182656,FALSE,FALSE
comm_9889,9.871373307998049,3.0504614665246166,11,3,2.5716608371389458,2.5716608371389458,FALSE,FALSE
comm_9890,10.13311505441677,3.0504614665246166,10,4,5.362317629350603,5.362317629350603,FALSE,FALSE
comm_9891,9.022085362497828,3.0504614665246166,10,5,5.773918022360235,5.773918022360234,FALSE,FALSE
comm_9892,9.426154797950938,3.0504614665246166,9,3,4.312405128382352,4.312405128382352,FALSE,FALSE
comm_9893,9.510171145294942,3.0504614665246166,10,4,5.340715996988159,5.340715996988161,FALSE,FALSE
comm_9894,9.014462100366517,3.0504614665246166,10,4,4.649137508650854,4.6491375086508535,FALSE,FALSE
comm_9895,9.135679184,3.0504614665246166,9,3,5.340366806685989,5.340366806685989,FALSE,FALSE
comm_9896,9.892528149135796,3.0504614665246166,8,3,1.8928760079254623,1.8928760079254623,FALSE,FALSE
comm_9897,11.220601123307636,3.0504614665246166,10,5,8.352239701046342,8.352239701046344,FALSE,FALSE
comm_9898,11.386861325715346,3.0504614665246166,10,3,2.9397470584278085,2.9397470584278085,FALSE,FALSE
comm_9899,9.372702580442292,3.0504614665246166,9,4,4.387890135435298,4.387890135435297,FALSE,FALSE
comm_9900,10.97019558748712,3.0504614665246166,10,3,3.0502921287071723,3.0502921287071714,FALSE,FALSE
comm_9901,9.383870505560257,3.0504614665246166,8,5,6.574972333,6.574972333191359,FALSE,FALSE
comm_9902,10.70757431555282,3.0504614665246166,12,4,6.881460086,6.881460085535492,FALSE,FALSE
comm_9903,8.601063571431844,3.0504614665246166,12,5,7.391970753772898,7.391970753772897,FALSE,FALSE
comm_9904,11.549940270467928,3.0504614665246166,9,4,3.494721764302936,3.4947217643029354,FALSE,FALSE
comm_9905,11.619013617379697,3.0504614665246166,10,5,3.1555527771993805,3.1555527771993805,FALSE,FALSE
comm_9906,9.737613622,3.0504614665246166,10,3,5.628921997,5.628921997,FALSE,FALSE
comm_9907,11.152208051044097,3.0504614665246166,8,3,3.997367464,3.997367464,FALSE,FALSE
comm_9908,8.979628729265674,3.0504614665246166,10,4,5.620965943486663,5.620965943486662,FALSE,FALSE
comm_9909,10.475614810460527,3.0504614665246166,9,3,2.9300897782486763,2.9300897782486763,FALSE,FALSE
comm_9910,9.046358986323968,3.0504614665246166,12,5,5.374531520450531,5.374531520450531,FALSE,FALSE
comm_9911,11.23965192,3.0504614665246166,12,3,2.6624502338122236,2.662450233812224,FALSE,FALSE
comm_9912,9.713935507416236,3.0504614665246166,8,4,6.747363011788385,6.747363011788385,FALSE,FALSE
comm_9913,9.000488055574737,3.0504614665246166,12,5,2.8839302393925985,2.883930239392598,FALSE,FALSE
comm_9914,9.984227639672795,3.0504614665246166,12,5,3.119087731046714,3.119087731046714,FALSE,FALSE
comm_9915,11.110598668003872,3.0504614665246166,8,3,3.614262989339289,3.614262989339288,FALSE,FALSE
comm_9916,9.213444606498935,3.0504614665246166,12,4,3.087835633394068,3.087835633394068,FALSE,FALSE
comm_9917,10.451668215050226,3.0504614665246166,10,4,4.0837837731909925,4.083783773190993,FALSE,FALSE
comm_9918,9.289970407163006,3.0504614665246166,10,3,6.730037121604528,6.7300371216045285,FALSE,FALSE
comm_9919,10.35489548058518,3.0504614665246166,11,7,6.875207933577212,6.875207933577211,FALSE,FALSE
comm_9920,10.246170624719865,3.0504614665246166,9,2,2.225446125206587,2.2254461252065876,FALSE,FALSE
comm_9921,10.40977544625397,3.0504614665246166,11,6,5.308364385704409,5.308364385704409,FALSE,FALSE
comm_9922,11.26560928819038,3.0504614665246166,9,6,7.086724419028865,7.086724419028864,FALSE,FALSE
comm_9923,8.618988598,3.0504614665246166,9,3,7.816102536413367,7.816102536413367,FALSE,FALSE
comm_9924,10.763443400880425,3.0504614665246166,9,4,3.652285127703109,3.6522851277031094,FALSE,FALSE
comm_9925,9.980774593950745,3.0504614665246166,11,3,4.273287215801037,4.273287215801036,FALSE,FALSE
comm_9926,9.228331226800282,3.0504614665246166,9,5,10.90913377627172,10.909133776271718,FALSE,FALSE
comm_9927,9.811202852175333,3.0504614665246166,10,5,4.935566976532575,4.935566976532576,FALSE,FALSE
comm_9928,9.088922385316698,3.0504614665246166,12,5,5.473147901,5.473147900978831,FALSE,FALSE
comm_9929,10.680624376391355,3.0504614665246166,8,4,5.414905638553611,5.414905638553611,FALSE,FALSE
comm_9930,9.787538438692897,3.0504614665246166,9,2,1.3889865143233342,1.388986514323334,FALSE,FALSE
comm_9931,10.62707358,3.0504614665246166,9,2,1.469497310925287,1.469497310925287,FALSE,FALSE
comm_9932,9.396187265582244,3.0504614665246166,10,4,5.234147511731325,5.234147511731326,FALSE,FALSE
comm_9933,8.874664885782492,3.0504614665246166,8,4,5.3637316716245635,5.3637316716245635,FALSE,FALSE
comm_9934,10.931276454193512,3.0504614665246166,8,3,3.2138927534972126,3.2138927534972126,FALSE,FALSE
comm_9935,9.560434499350858,3.0504614665246166,11,4,4.4275967066428645,4.427596706642865,FALSE,FALSE
comm_9936,9.710682347477867,3.0504614665246166,12,5,8.083531019464264,8.083531019464264,FALSE,FALSE
comm_9937,9.097905188787328,3.0504614665246166,12,6,5.262129658800427,5.262129658800428,FALSE,FALSE
comm_9938,11.043240891433197,3.0504614665246166,12,5,6.293679189936099,6.293679189936099,FALSE,FALSE
comm_9939,10.471713330617172,3.0504614665246166,11,4,4.475038201286657,4.475038201286656,FALSE,FALSE
comm_9940,8.490817297699337,3.0504614665246166,11,6,4.516695393111678,4.516695393111679,FALSE,FALSE
comm_9941,10.306548649761316,3.0504614665246166,11,5,6.985346001265258,6.985346001265256,FALSE,FALSE
comm_9942,10.663613388851246,3.0504614665246166,12,6,4.668733372812507,4.668733372812507,FALSE,FALSE
comm_9943,11.587265911677216,3.0504614665246166,8,2,1.5970249735663284,1.5970249735663282,FALSE,FALSE
comm_9944,11.333864084283718,3.0504614665246166,9,5,2.145685880441266,2.145685880441266,FALSE,FALSE
comm_9945,9.155967626310597,3.0504614665246166,11,4,4.652115549873693,4.652115549873693,FALSE,FALSE
comm_9946,9.196296659,3.0504614665246166,12,5,4.275426628503837,4.275426628503837,FALSE,FALSE
comm_9947,10.22029592686155,3.0504614665246166,9,5,8.528849206,8.528849206,FALSE,FALSE
comm_9948,9.796749032197424,3.0504614665246166,12,4,2.0327308219308637,2.0327308219308637,FALSE,FALSE
comm_9949,10.778068343862486,3.0504614665246166,10,4,6.473849145802127,6.473849145802128,FALSE,FALSE
comm_9950,10.230127860363348,3.0504614665246166,8,3,4.093572548862529,4.093572548862529,FALSE,FALSE
comm_9951,9.496901007025784,3.0504614665246166,12,6,9.194484962914425,9.194484963,FALSE,FALSE
comm_9952,10.412321317130523,3.0504614665246166,10,6,7.333582481,7.333582480955859,FALSE,FALSE
comm_9953,9.029298934515923,3.0504614665246166,9,4,6.643623502656917,6.643623502656917,FALSE,FALSE
comm_9954,9.205163960639489,3.0504614665246166,11,3,4.651327970436945,4.651327970436944,FALSE,FALSE
comm_9955,8.744291917502688,3.0504614665246166,12,5,6.699669173594822,6.699669173594821,FALSE,FALSE
comm_9956,10.42355683263616,3.0504614665246166,10,4,2.789505687910691,2.789505687910691,FALSE,FALSE
comm_9957,9.464859857309934,3.0504614665246166,10,5,2.6830034729916927,2.6830034729916927,FALSE,FALSE
comm_9958,9.205462328736472,3.0504614665246166,9,3,2.7673608255259468,2.7673608255259463,FALSE,FALSE
comm_9959,9.975230248857898,3.0504614665246166,11,5,3.0829325182417797,3.0829325182417797,FALSE,FALSE
comm_9960,11.489947717796664,3.0504614665246166,10,5,5.627371234806943,5.627371234806944,FALSE,FALSE
comm_9961,11.022021175188124,3.0504614665246166,9,3,3.3809994120107367,3.380999412010736,FALSE,FALSE
comm_9962,9.338858689640816,3.0504614665246166,10,6,5.6382286640338295,5.6382286640338295,FALSE,FALSE
comm_9963,8.821135930449326,3.0504614665246166,12,3,2.5678263718002694,2.5678263718002694,FALSE,FALSE
comm_9964,11.005025987172557,3.0504614665246166,8,3,3.2625250675880406,3.2625250675880415,FALSE,FALSE
comm_9965,9.773322049874889,3.0504614665246166,11,4,3.2412852818562348,3.2412852818562343,FALSE,FALSE
comm_9966,8.690392777350446,3.0504614665246166,11,6,6.448002254568775,6.448002254568776,FALSE,FALSE
comm_9967,9.465191687728458,3.0504614665246166,8,3,3.4016337395337244,3.4016337395337253,FALSE,FALSE
comm_9968,10.27603053746008,3.0504614665246166,8,1,1.5355543269772671,1.5355543269772676,FALSE,FALSE
comm_9969,9.727392225115764,3.0504614665246166,8,1,2.208385538525921,2.208385538525921,FALSE,FALSE
comm_9970,9.354442515285562,3.0504614665246166,10,4,12.023839007691908,12.023839007691908,FALSE,FALSE
comm_9971,9.640052225835786,3.0504614665246166,10,4,5.730111171,5.730111171126952,FALSE,FALSE
comm_9972,9.475724233980786,3.0504614665246166,11,6,4.389511076174147,4.389511076174146,FALSE,FALSE
comm_9973,9.675298732825622,3.0504614665246166,8,2,2.3281240505184932,2.3281240505184932,FALSE,FALSE
comm_9974,9.251700469541532,3.0504614665246166,9,3,4.938614853663715,4.938614853663717,FALSE,FALSE
comm_9975,10.888274227076367,3.0504614665246166,10,4,6.190801627618362,6.190801627618363,FALSE,FALSE
comm_9976,10.587141531091527,3.0504614665246166,11,4,4.578086419710897,4.578086419710898,FALSE,FALSE
comm_9977,10.000511365141636,3.0504614665246166,10,5,3.4025787223732675,3.402578722373266,FALSE,FALSE
comm_9978,10.757455568498374,3.0504614665246166,11,4,1.5243496082503518,1.524349608250352,FALSE,FALSE
comm_9979,10.25517481659366,3.0504614665246166,11,6,8.745538078652197,8.745538079,FALSE,FALSE
comm_9980,9.349475596595916,3.0504614665246166,10,3,4.535247498531199,4.535247498531197,FALSE,FALSE
comm_9981,9.672329303522758,3.0504614665246166,12,3,2.9042794238259586,2.904279423825959,FALSE,FALSE
comm_9982,12.297697196104194,3.0504614665246166,8,4,3.5463864554710147,3.5463864554710147,FALSE,FALSE
comm_9983,10.543388793174742,3.0504614665246166,9,3,2.5610972025461156,2.5610972025461156,FALSE,FALSE
comm_9984,9.800282934274604,3.0504614665246166,8,2,2.9687616300132764,2.9687616300132764,FALSE,FALSE
comm_9985,10.852924456113728,3.0504614665246166,10,4,2.628303000579124,2.6283030005791237,FALSE,FALSE
comm_9986,8.091549369266705,3.0504614665246166,12,5,7.423089861745987,7.4230898617459875,FALSE,FALSE
comm_9987,10.540656558547298,3.0504614665246166,8,4,1.2458737944429426,1.2458737944429426,FALSE,FALSE
comm_9988,11.475295451104731,3.0504614665246166,8,4,5.146630692103273,5.1466306921032725,FALSE,FALSE
comm_9989,11.123243907092162,3.0504614665246166,9,5,2.317133225781642,2.3171332257816424,FALSE,FALSE
comm_9990,9.267085888,3.0504614665246166,12,5,6.5342040267984185,6.534204026798418,FALSE,FALSE
comm_9991,9.499132134173324,3.0504614665246166,11,4,7.568254512854208,7.568254512854207,FALSE,FALSE
comm_9992,9.307302253629842,3.0504614665246166,9,4,3.2442556518307684,3.244255651830769,FALSE,FALSE
comm_9993,11.137641814563564,3.0504614665246166,9,4,6.959768588189586,6.9597685881895845,FALSE,FALSE
comm_9994,11.375763563562872,3.0504614665246166,12,4,2.6653048285391767,2.6653048285391763,FALSE,FALSE
comm_9995,9.293073815562076,3.0504614665246166,10,6,8.253800105939112,8.253800106,FALSE,FALSE
comm_9996,10.036242774732452,3.0504614665246166,9,3,5.314363839051588,5.314363839051587,FALSE,FALSE
comm_9997,9.084429875422003,3.0504614665246166,9,4,2.9953636770108765,2.9953636770108756,FALSE,FALSE
comm_9998,11.207028930292612,3.0504614665246166,8,2,1.9791127571988731,1.9791127571988736,FALSE,FALSE
comm_9999,9.274377853426756,3.0504614665246166,10,2,0.3731982691343423,0.3731982691343423,FALSE,FALSE